Starting SynIB reference-ablation job
Python 3.12.12
/esat/smcdata/users/kkontras/Image_Dataset/no_backup/git/SynIB  (git f994b01)
GPU 0: NVIDIA GeForce RTX 3090 (UUID: GPU-343c9056-1bd0-0382-0495-b4b1857887a3)
Executing: PYTHONPATH=src /esat/smcdata/users/kkontras/Image_Dataset/no_backup/envs/synergy/bin/python -m synib.entrypoints.train --config run/configs/rebuttal_ref_ablation/cremad_synib_u.json --default_config run/configs/rebuttal_ref_ablation/cremad_default.json --fold 0 --ironic_rate 0.5 --rmask random --l 1.0 --perturb_pmin 0.20 --perturb_fill ema --reference_type anchor_legacy --ref_diag --start_over --tag REFABL_cremad
Namespace(config='run/configs/rebuttal_ref_ablation/cremad_synib_u.json', default_config='run/configs/rebuttal_ref_ablation/cremad_default.json', fold='0', alpha=None, tanh_mode_beta=None, regby=None, batch_size=None, l='1.0', multil=None, lib=None, kmepoch=None, num_samples=None, contrcoeff=None, contr_type=None, shuffle_type=None, validate_with=None, num_classes=None, optim_method=None, ending_epoch=None, load_ongoing=None, recon_weight1=None, recon_weight2=None, recon_epochstages=None, recon_ensemblestages=None, lr=None, wd=None, cls=None, ironic_rate='0.5', perturb='random', perturb_fill='ema', perturb_pmax=None, perturb_pmin='0.20', perturb_lsparse=None, rmask='random', pmin=None, pmax=None, lsparse=None, debug_mask_stats=False, pre=False, frozen=False, tdqm_disable=False, start_over=True, no_model_save=False, num_layers=None, grad_accum=None, init_from=None, init_strict=False, perturb_lsparse_sign=None, l_anneal_epochs=None, perturb_steps=None, perturb_lsparse_warmup=None, perturb_lsparse_schedule=None, persist_ell=False, save_masks=False, penalty_swap=False, disable_ce_random=False, disable_kl_learned=False, masking_only=False, modality_dropout=None, modality_dropout_target=None, l_z1_masked=None, l_z2_masked=None, l_pareto=None, reference_type='anchor_legacy', ref_diag=True, ref_ema_decay=None, tag='REFABL_cremad')
2026-07-26 04:17:58,647 - Config - INFO - run/configs/rebuttal_ref_ablation/cremad_synib_u.json
2026-07-26 04:17:58,649 - Config - INFO -  THE Configuration of your experiment ..
{'agent': 'Agent',
 'dataset': {'data_roots': './data/CremaD/CREMA-D',
             'data_split': {'fold': 0, 'method': 'non_inclusive'},
             'dataloader_class': 'IronyCremadDataloader',
             'fps': 1,
             'ironic_label_name': 'SARCASM',
             'ironic_modes': ['train', 'val', 'test'],
             'ironic_rate': 1.0,
             'norm': False,
             'norm_face_path': './src/synib/mydatasets/Irony_Cremad/assets/norms/norm_face_path_fold{}.pkl',
             'norm_wav_path': './src/synib/mydatasets/Irony_Cremad/assets/norms/wav_norm_22050_fold{}.pkl',
             'num_frame': 3,
             'return_data': {'audio': False,
                             'face': False,
                             'spectrogram': True,
                             'video': True},
             'sampling_rate': 22050},
 'early_stopping': {'end_of_epoch_check': True,
                    'log_interval': 10,
                    'max_epoch': 1500,
                    'n_steps_stop': 30,
                    'n_steps_stop_after': 0,
                    'save_every_step': 3000,
                    'save_every_valstep': 10,
                    'validate_after': 0,
                    'validate_every': 25,
                    'validate_with': 'accuracy'},
 'exp_name': 'CREMAD Experiment',
 'model': {'args': {'bias_infusion': {'contrcoeff': 0.0, 'l': 1.0},
                    'cls_type': 'mlp',
                    'd_model': 512,
                    'dropout': 0.1,
                    'fc_inner': 64,
                    'in_dim': 64,
                    'multi_loss': {'multi_supervised_w': {'c': 1,
                                                          'combined': 1,
                                                          'g': 1}},
                    'norm_decision': False,
                    'num_classes': 7,
                    'synergy_type': 'unimodal_anchor'},
           'ceu': {'test': './artifacts/ceus/cremad/cremadplus_ceu_test_res_{}.pkl',
                   'val': './artifacts/ceus/cremad/cremadplus_ceu_val_res_{}.pkl'},
           'encoders': [{'args': {'d_model': 512,
                                  'dropout': 0.1,
                                  'fc_inner': 64,
                                  'freeze_encoder': False,
                                  'num_classes': 7},
                         'model': 'Audio_ResNet',
                         'name': 'enc_0_modality1_encoder',
                         'pretrainedEncoder': {'dir': 'unimodal_audio_fold{}_ir1.0_lr0.001_wd0.0001_clsmlp_bs64.pth.tar',
                                               'use': True},
                         'save_encoder': False},
                        {'args': {'d_model': 512,
                                  'dropout': 0.1,
                                  'fc_inner': 64,
                                  'freeze_encoder': False,
                                  'num_classes': 7},
                         'model': 'Video_ResNet',
                         'name': 'enc_1_modality2_encoder',
                         'pretrainedEncoder': {'dir': 'unimodal_video_fold{}_ir1.0_lr0.0001_wd0.0001_clsmlp_bs64.pth.tar',
                                               'use': True},
                         'save_encoder': False},
                        {'args': {'d_model': 512,
                                  'dropout': 0.1,
                                  'fc_inner': 64,
                                  'freeze_encoder': False},
                         'model': 'FusionTrunkLinear',
                         'name': 'enc_2_fusion_trunk',
                         'pretrainedEncoder': {'dir': 'enc_2_fusion_trunk_fold{}.pth.tar',
                                               'use': False},
                         'save_encoder': False},
                        {'args': {'freeze_encoder': False,
                                  'in_dim': 64,
                                  'num_classes': 7},
                         'model': 'LinearHead',
                         'name': 'enc_3_fusion_head',
                         'pretrainedEncoder': {'dir': 'enc_3_fusion_head_fold{}.pth.tar',
                                               'use': False},
                         'save_encoder': False},
                        {'args': {'dropout': 0.1,
                                  'freeze_encoder': False,
                                  'hidden_dim': 64,
                                  'in_dim': 512,
                                  'num_classes': 7},
                         'model': 'MLPHead',
                         'name': 'enc_4_unimodal_head_1',
                         'pretrainedEncoder': {'dir': 'enc_4_unimodal1_fold{}.pth.tar',
                                               'use': False},
                         'save_encoder': False},
                        {'args': {'dropout': 0.1,
                                  'freeze_encoder': False,
                                  'hidden_dim': 64,
                                  'in_dim': 512,
                                  'num_classes': 7},
                         'model': 'MLPHead',
                         'name': 'enc_5_unimodal_head_2',
                         'pretrainedEncoder': {'dir': 'enc_5_unimodal2_fold{}.pth.tar',
                                               'use': False},
                         'save_encoder': False}],
           'load_ongoing': False,
           'model_class': 'FusionIBModel_Mask_U',
           'save_base_dir': './data/data/2025_data/synergy/CremadPlus/v2',
           'save_dir': 'SynIB_RMask_U_{}.pth.tar'},
 'optimizer': {'beta1': 0.9,
               'beta2': 0.999,
               'learning_rate': 1e-05,
               'momentum': 0.9,
               'type': 'Adam',
               'weight_decay': 1e-05},
 'scheduler': {'max_lr': 0.03, 'type': 'cosanneal', 'warm_up_steps': 780},
 'training_params': {'async_loading': True,
                     'batch_size': 128,
                     'cuda': True,
                     'data_loader_workers': 8,
                     'gpu_device': [0],
                     'pin_memory': False,
                     'rec_test': True,
                     'res': True,
                     'seed': 109,
                     'tdqm_disable': False,
                     'test_batch_size': 128,
                     'test_on_bottoms': True,
                     'use_test_set': True,
                     'validation': True,
                     'verbose': True,
                     'wandb_disable': False}}
2026-07-26 04:17:58,652 - Config - INFO -  *************************************** 
2026-07-26 04:17:58,652 - Config - INFO - The experiment name is CREMAD Experiment
2026-07-26 04:17:58,652 - Config - INFO -  *************************************** 
2026-07-26 04:17:58,653 - root - INFO - save_dir: SynIB_RMask_U_REFABL_cremad_fold0_l1.0_ir0.5_perturbrandom_fillema_pmin0.20_refanchor_legacy.pth.tar
2026-07-26 04:17:58,765 - Cuda Statistics - INFO - __Python VERSION:  3.12.12 | packaged by Anaconda, Inc. | (main, Oct 21 2025, 20:16:04) [GCC 11.2.0]
2026-07-26 04:17:58,765 - Cuda Statistics - INFO - __pyTorch VERSION:  2.7.1+cu118
2026-07-26 04:17:58,766 - Cuda Statistics - INFO - __CUDA VERSION
2026-07-26 04:17:58,767 - Cuda Statistics - INFO - __CUDNN VERSION:  90100
2026-07-26 04:17:58,811 - Cuda Statistics - INFO - __Number CUDA Devices:  1
2026-07-26 04:17:58,811 - Cuda Statistics - INFO - __Devices
2026-07-26 04:17:58,811 - Cuda Statistics - INFO - index, name, driver_version, memory.total [MiB], memory.used [MiB], memory.free [MiB]
2026-07-26 04:17:58,811 - Cuda Statistics - INFO - 0, NVIDIA GeForce RTX 3090, 610.43.03, 24576 MiB, 4 MiB, 24120 MiB
2026-07-26 04:17:58,815 - Cuda Statistics - INFO - Active CUDA Device: GPU 0
2026-07-26 04:17:58,815 - Cuda Statistics - INFO - Available devices  1
2026-07-26 04:17:58,815 - Cuda Statistics - INFO - Current cuda device  0
2026-07-26 04:18:00,335 - IronyCremadDataset - INFO - Loaded wav norm from ./src/synib/mydatasets/Irony_Cremad/assets/norms/wav_norm_22050_fold0.pkl
2026-07-26 04:18:00,646 - IronyCremadDataset - INFO - Loaded wav norm from ./src/synib/mydatasets/Irony_Cremad/assets/norms/wav_norm_22050_fold0.pkl
2026-07-26 04:18:00,936 - IronyCremadDataset - INFO - Loaded wav norm from ./src/synib/mydatasets/Irony_Cremad/assets/norms/wav_norm_22050_fold0.pkl
2026-07-26 04:18:00,941 - Agent - INFO - Device: cuda:0
2026-07-26 04:18:00,941 - Agent - INFO - Total training batches: 32, validate every 25 batches, steps per epoch: 2
2026-07-26 04:18:01,008 - Agent - INFO - Loss Weights are {'total': 1, 'combined': 1, 'c': 1, 'g': 1}
2026-07-26 04:18:01,008 - root - INFO - There is no CEU for train
2026-07-26 04:18:01,009 - root - INFO - There is no CEU for val
2026-07-26 04:18:01,009 - root - INFO - There is no CEU for test
{'d_model': 512, 'num_classes': 7, 'fc_inner': 64, 'dropout': 0.1, 'freeze_encoder': False}
2026-07-26 04:18:01,499 - root - INFO - Loading enc best model state dict from ./data/data/2025_data/synergy/CremadPlus/v2/unimodal_audio_fold0_ir0.5_lr0.001_wd0.0001_clsmlp_bs64.pth.tar
2026-07-26 04:18:01,965 - root - INFO - Loading enc best model state dict from ./data/data/2025_data/synergy/CremadPlus/v2/unimodal_video_fold0_ir0.5_lr0.0001_wd0.0001_clsmlp_bs64.pth.tar
2026-07-26 04:18:02,214 - Agent - INFO - Total number of trainable parameters are: 44840497
2026-07-26 04:18:02,220 - Agent - INFO - Total number of trainable parameters are: 22486563
2026-07-26 04:19:27,519 - Evaluator - INFO - New best with loss-accuracy-
2026-07-26 04:19:27,519 - Agent - INFO - [37mVal Epoch 1 step 1 with [31mce_loss_combined : 1.771691 [31mce_loss_c : 1.973718 [31mce_loss_g : 2.693214 [31mkl_synergy_rand_1 : 1.176213 [31mkl_synergy_rand_2 : 1.331734 [31mkl_synergy_1 : 1.178794 [31mkl_synergy_2 : 1.326273 [31mtotal : 6.784706 [31mdiag_kl_1 : 1.330639 [31mdiag_kl_2 : 1.178072 [94mAcc_combined: 46.13 [94mAcc_c: 56.61 [94mAcc_g: 42.48 [92mF1_combined: 37.23 [92mF1_c: 52.59 [92mF1_g: 36.06 [39m
2026-07-26 04:19:27,535 - Agent - INFO - [37mTest Epoch 1 step 1 with [31mce_loss_combined : 1.799851 [31mce_loss_c : 2.567385 [31mce_loss_g : 2.572878 [31mkl_synergy_rand_1 : 1.119989 [31mkl_synergy_rand_2 : 1.359326 [31mkl_synergy_1 : 1.119802 [31mkl_synergy_2 : 1.364208 [31mtotal : 6.763175 [31mdiag_kl_1 : 1.353002 [31mdiag_kl_2 : 1.143970 [94mAcc_combined: 47.83 [94mAcc_c: 48.50 [94mAcc_g: 48.83 [92mF1_combined: 38.60 [92mF1_c: 43.97 [92mF1_g: 40.13 [39m
2026-07-26 04:19:28,185 - Agent - INFO - [37mModel saved successfully at: ./data/data/2025_data/synergy/CremadPlus/v2/SynIB_RMask_U_REFABL_cremad_fold0_l1.0_ir0.5_perturbrandom_fillema_pmin0.20_refanchor_legacy.pth.tar[39m
2026-07-26 04:20:54,092 - Evaluator - INFO - New best with loss-accuracy-
2026-07-26 04:20:54,092 - Agent - INFO - [37mVal Epoch 2 step 2 with [31mce_loss_combined : 1.584391 [31mce_loss_c : 1.979542 [31mce_loss_g : 2.596817 [31mkl_synergy_rand_1 : 0.969217 [31mkl_synergy_rand_2 : 1.196915 [31mkl_synergy_1 : 0.969249 [31mkl_synergy_2 : 1.186113 [31mtotal : 5.905885 [31mdiag_kl_1 : 1.175591 [31mdiag_kl_2 : 1.009200 [94mAcc_combined: 56.15 [94mAcc_c: 56.04 [94mAcc_g: 40.66 [92mF1_combined: 46.75 [92mF1_c: 52.24 [92mF1_g: 34.10 [39m
2026-07-26 04:20:54,107 - Agent - INFO - [37mTest Epoch 2 step 2 with [31mce_loss_combined : 1.627357 [31mce_loss_c : 2.580959 [31mce_loss_g : 2.433685 [31mkl_synergy_rand_1 : 0.927420 [31mkl_synergy_rand_2 : 1.217803 [31mkl_synergy_1 : 0.928308 [31mkl_synergy_2 : 1.220178 [31mtotal : 5.921066 [31mdiag_kl_1 : 1.184434 [31mdiag_kl_2 : 0.965801 [94mAcc_combined: 57.17 [94mAcc_c: 48.28 [94mAcc_g: 47.83 [92mF1_combined: 47.02 [92mF1_c: 44.17 [92mF1_g: 39.75 [39m
2026-07-26 04:20:55,326 - Agent - INFO - [37mModel saved successfully at: ./data/data/2025_data/synergy/CremadPlus/v2/SynIB_RMask_U_REFABL_cremad_fold0_l1.0_ir0.5_perturbrandom_fillema_pmin0.20_refanchor_legacy.pth.tar[39m
2026-07-26 04:22:20,871 - Evaluator - INFO - New best with loss-accuracy-
2026-07-26 04:22:20,871 - Agent - INFO - [37mVal Epoch 3 step 3 with [31mce_loss_combined : 1.426506 [31mce_loss_c : 1.955499 [31mce_loss_g : 2.596982 [31mkl_synergy_rand_1 : 0.872327 [31mkl_synergy_rand_2 : 1.095853 [31mkl_synergy_1 : 0.867963 [31mkl_synergy_2 : 1.078944 [31mtotal : 5.341592 [31mdiag_kl_1 : 1.047314 [31mdiag_kl_2 : 0.862129 [94mAcc_combined: 60.59 [94mAcc_c: 55.81 [94mAcc_g: 39.86 [92mF1_combined: 51.78 [92mF1_c: 52.21 [92mF1_g: 33.86 [39m
2026-07-26 04:22:20,886 - Agent - INFO - [37mTest Epoch 3 step 3 with [31mce_loss_combined : 1.493252 [31mce_loss_c : 2.565215 [31mce_loss_g : 2.471455 [31mkl_synergy_rand_1 : 0.784432 [31mkl_synergy_rand_2 : 1.094525 [31mkl_synergy_1 : 0.785549 [31mkl_synergy_2 : 1.095832 [31mtotal : 5.253590 [31mdiag_kl_1 : 1.049944 [31mdiag_kl_2 : 0.809129 [94mAcc_combined: 58.29 [94mAcc_c: 48.50 [94mAcc_g: 47.39 [92mF1_combined: 49.17 [92mF1_c: 44.32 [92mF1_g: 38.85 [39m
2026-07-26 04:22:22,448 - Agent - INFO - [37mModel saved successfully at: ./data/data/2025_data/synergy/CremadPlus/v2/SynIB_RMask_U_REFABL_cremad_fold0_l1.0_ir0.5_perturbrandom_fillema_pmin0.20_refanchor_legacy.pth.tar[39m
2026-07-26 04:23:39,038 - Evaluator - INFO - New best with loss-
2026-07-26 04:23:39,038 - Agent - INFO - [37mVal Epoch 4 step 4 with [31mce_loss_combined : 1.311059 [31mce_loss_c : 1.957653 [31mce_loss_g : 2.518101 [31mkl_synergy_rand_1 : 0.758175 [31mkl_synergy_rand_2 : 1.034630 [31mkl_synergy_1 : 0.754308 [31mkl_synergy_2 : 1.012640 [31mtotal : 4.870812 [31mdiag_kl_1 : 0.981964 [31mdiag_kl_2 : 0.740038 [94mAcc_combined: 60.02 [94mAcc_c: 55.24 [94mAcc_g: 39.07 [92mF1_combined: 51.53 [92mF1_c: 51.49 [92mF1_g: 33.71 [39m
2026-07-26 04:23:39,053 - Agent - INFO - [37mTest Epoch 4 step 4 with [31mce_loss_combined : 1.411535 [31mce_loss_c : 2.585452 [31mce_loss_g : 2.380746 [31mkl_synergy_rand_1 : 0.646639 [31mkl_synergy_rand_2 : 1.012384 [31mkl_synergy_1 : 0.637556 [31mkl_synergy_2 : 1.007254 [31mtotal : 4.715368 [31mdiag_kl_1 : 0.954280 [31mdiag_kl_2 : 0.681938 [94mAcc_combined: 58.40 [94mAcc_c: 48.16 [94mAcc_g: 48.39 [92mF1_combined: 49.90 [92mF1_c: 44.31 [92mF1_g: 40.55 [39m
2026-07-26 04:23:40,534 - Agent - INFO - [37mModel saved successfully at: ./data/data/2025_data/synergy/CremadPlus/v2/SynIB_RMask_U_REFABL_cremad_fold0_l1.0_ir0.5_perturbrandom_fillema_pmin0.20_refanchor_legacy.pth.tar[39m
2026-07-26 04:25:09,094 - Evaluator - INFO - New best with loss-
2026-07-26 04:25:09,094 - Agent - INFO - [37mVal Epoch 5 step 5 with [31mce_loss_combined : 1.250011 [31mce_loss_c : 1.976813 [31mce_loss_g : 2.517805 [31mkl_synergy_rand_1 : 0.673595 [31mkl_synergy_rand_2 : 0.996055 [31mkl_synergy_1 : 0.668339 [31mkl_synergy_2 : 0.976550 [31mtotal : 4.564548 [31mdiag_kl_1 : 0.917364 [31mdiag_kl_2 : 0.680171 [94mAcc_combined: 59.79 [94mAcc_c: 54.21 [94mAcc_g: 35.31 [92mF1_combined: 51.77 [92mF1_c: 50.65 [92mF1_g: 30.65 [39m
2026-07-26 04:25:09,110 - Agent - INFO - [37mTest Epoch 5 step 5 with [31mce_loss_combined : 1.371846 [31mce_loss_c : 2.582164 [31mce_loss_g : 2.253088 [31mkl_synergy_rand_1 : 0.552095 [31mkl_synergy_rand_2 : 0.963757 [31mkl_synergy_1 : 0.547806 [31mkl_synergy_2 : 0.946247 [31mtotal : 4.381751 [31mdiag_kl_1 : 0.854458 [31mdiag_kl_2 : 0.616207 [94mAcc_combined: 56.51 [94mAcc_c: 48.05 [94mAcc_g: 46.83 [92mF1_combined: 48.33 [92mF1_c: 44.29 [92mF1_g: 40.40 [39m
2026-07-26 04:25:10,938 - Agent - INFO - [37mModel saved successfully at: ./data/data/2025_data/synergy/CremadPlus/v2/SynIB_RMask_U_REFABL_cremad_fold0_l1.0_ir0.5_perturbrandom_fillema_pmin0.20_refanchor_legacy.pth.tar[39m
2026-07-26 04:26:33,493 - Evaluator - INFO - New best with loss-
2026-07-26 04:26:33,494 - Agent - INFO - [37mVal Epoch 6 step 6 with [31mce_loss_combined : 1.226087 [31mce_loss_c : 1.950845 [31mce_loss_g : 2.521292 [31mkl_synergy_rand_1 : 0.606065 [31mkl_synergy_rand_2 : 0.982781 [31mkl_synergy_1 : 0.597939 [31mkl_synergy_2 : 0.964126 [31mtotal : 4.376999 [31mdiag_kl_1 : 0.908444 [31mdiag_kl_2 : 0.642110 [94mAcc_combined: 58.77 [94mAcc_c: 53.76 [94mAcc_g: 32.92 [92mF1_combined: 51.66 [92mF1_c: 50.65 [92mF1_g: 28.91 [39m
2026-07-26 04:26:33,514 - Agent - INFO - [37mTest Epoch 6 step 6 with [31mce_loss_combined : 1.365857 [31mce_loss_c : 2.535655 [31mce_loss_g : 2.265375 [31mkl_synergy_rand_1 : 0.495484 [31mkl_synergy_rand_2 : 0.953604 [31mkl_synergy_1 : 0.491080 [31mkl_synergy_2 : 0.940858 [31mtotal : 4.246882 [31mdiag_kl_1 : 0.850086 [31mdiag_kl_2 : 0.573411 [94mAcc_combined: 54.95 [94mAcc_c: 48.05 [94mAcc_g: 43.72 [92mF1_combined: 46.88 [92mF1_c: 44.58 [92mF1_g: 37.82 [39m
2026-07-26 04:26:35,250 - Agent - INFO - [37mModel saved successfully at: ./data/data/2025_data/synergy/CremadPlus/v2/SynIB_RMask_U_REFABL_cremad_fold0_l1.0_ir0.5_perturbrandom_fillema_pmin0.20_refanchor_legacy.pth.tar[39m
2026-07-26 04:27:54,914 - Evaluator - INFO - New best with loss-
2026-07-26 04:27:54,914 - Agent - INFO - [37mVal Epoch 7 step 7 with [31mce_loss_combined : 1.216717 [31mce_loss_c : 1.971040 [31mce_loss_g : 2.477957 [31mkl_synergy_rand_1 : 0.561460 [31mkl_synergy_rand_2 : 0.946715 [31mkl_synergy_1 : 0.553571 [31mkl_synergy_2 : 0.929351 [31mtotal : 4.207814 [31mdiag_kl_1 : 0.884900 [31mdiag_kl_2 : 0.650274 [94mAcc_combined: 59.11 [94mAcc_c: 53.08 [94mAcc_g: 29.95 [92mF1_combined: 53.75 [92mF1_c: 49.94 [92mF1_g: 26.40 [39m
2026-07-26 04:27:54,930 - Agent - INFO - [37mTest Epoch 7 step 7 with [31mce_loss_combined : 1.363827 [31mce_loss_c : 2.561092 [31mce_loss_g : 2.231930 [31mkl_synergy_rand_1 : 0.443392 [31mkl_synergy_rand_2 : 0.939934 [31mkl_synergy_1 : 0.448065 [31mkl_synergy_2 : 0.925442 [31mtotal : 4.120660 [31mdiag_kl_1 : 0.825619 [31mdiag_kl_2 : 0.572267 [94mAcc_combined: 53.73 [94mAcc_c: 47.94 [94mAcc_g: 39.15 [92mF1_combined: 46.96 [92mF1_c: 44.25 [92mF1_g: 33.74 [39m
2026-07-26 04:27:56,492 - Agent - INFO - [37mModel saved successfully at: ./data/data/2025_data/synergy/CremadPlus/v2/SynIB_RMask_U_REFABL_cremad_fold0_l1.0_ir0.5_perturbrandom_fillema_pmin0.20_refanchor_legacy.pth.tar[39m
2026-07-26 04:29:22,032 - Evaluator - INFO - New best with loss-
2026-07-26 04:29:22,033 - Agent - INFO - [37mVal Epoch 8 step 8 with [31mce_loss_combined : 1.206652 [31mce_loss_c : 1.952397 [31mce_loss_g : 2.373485 [31mkl_synergy_rand_1 : 0.539266 [31mkl_synergy_rand_2 : 0.921808 [31mkl_synergy_1 : 0.524636 [31mkl_synergy_2 : 0.905855 [31mtotal : 4.098217 [31mdiag_kl_1 : 0.861093 [31mdiag_kl_2 : 0.649172 [94mAcc_combined: 60.25 [94mAcc_c: 52.51 [94mAcc_g: 30.18 [92mF1_combined: 56.11 [92mF1_c: 50.08 [92mF1_g: 26.54 [39m
2026-07-26 04:29:22,050 - Agent - INFO - [37mTest Epoch 8 step 8 with [31mce_loss_combined : 1.371746 [31mce_loss_c : 2.512621 [31mce_loss_g : 2.157017 [31mkl_synergy_rand_1 : 0.429776 [31mkl_synergy_rand_2 : 0.908811 [31mkl_synergy_1 : 0.427178 [31mkl_synergy_2 : 0.905441 [31mtotal : 4.042951 [31mdiag_kl_1 : 0.824785 [31mdiag_kl_2 : 0.574429 [94mAcc_combined: 53.73 [94mAcc_c: 47.39 [94mAcc_g: 40.16 [92mF1_combined: 47.47 [92mF1_c: 44.01 [92mF1_g: 34.88 [39m
2026-07-26 04:29:23,883 - Agent - INFO - [37mModel saved successfully at: ./data/data/2025_data/synergy/CremadPlus/v2/SynIB_RMask_U_REFABL_cremad_fold0_l1.0_ir0.5_perturbrandom_fillema_pmin0.20_refanchor_legacy.pth.tar[39m
2026-07-26 04:30:47,136 - Evaluator - INFO - New best with loss-accuracy-
2026-07-26 04:30:47,136 - Agent - INFO - [37mVal Epoch 9 step 9 with [31mce_loss_combined : 1.189846 [31mce_loss_c : 1.943138 [31mce_loss_g : 2.230236 [31mkl_synergy_rand_1 : 0.502842 [31mkl_synergy_rand_2 : 0.892851 [31mkl_synergy_1 : 0.495280 [31mkl_synergy_2 : 0.872927 [31mtotal : 3.953747 [31mdiag_kl_1 : 0.835205 [31mdiag_kl_2 : 0.653700 [94mAcc_combined: 61.28 [94mAcc_c: 52.39 [94mAcc_g: 30.75 [92mF1_combined: 56.72 [92mF1_c: 49.87 [92mF1_g: 27.15 [39m
2026-07-26 04:30:47,153 - Agent - INFO - [37mTest Epoch 9 step 9 with [31mce_loss_combined : 1.350407 [31mce_loss_c : 2.521616 [31mce_loss_g : 2.077343 [31mkl_synergy_rand_1 : 0.419522 [31mkl_synergy_rand_2 : 0.870276 [31mkl_synergy_1 : 0.411012 [31mkl_synergy_2 : 0.879588 [31mtotal : 3.930805 [31mdiag_kl_1 : 0.799053 [31mdiag_kl_2 : 0.584595 [94mAcc_combined: 54.28 [94mAcc_c: 47.16 [94mAcc_g: 39.15 [92mF1_combined: 48.45 [92mF1_c: 43.76 [92mF1_g: 33.28 [39m
2026-07-26 04:30:48,740 - Agent - INFO - [37mModel saved successfully at: ./data/data/2025_data/synergy/CremadPlus/v2/SynIB_RMask_U_REFABL_cremad_fold0_l1.0_ir0.5_perturbrandom_fillema_pmin0.20_refanchor_legacy.pth.tar[39m
2026-07-26 04:32:21,012 - Evaluator - INFO - New best with loss-
2026-07-26 04:32:21,013 - Agent - INFO - [37mVal Epoch 10 step 10 with [31mce_loss_combined : 1.186884 [31mce_loss_c : 1.921350 [31mce_loss_g : 2.214774 [31mkl_synergy_rand_1 : 0.486752 [31mkl_synergy_rand_2 : 0.867962 [31mkl_synergy_1 : 0.487487 [31mkl_synergy_2 : 0.854384 [31mtotal : 3.883468 [31mdiag_kl_1 : 0.843246 [31mdiag_kl_2 : 0.643129 [94mAcc_combined: 61.05 [94mAcc_c: 51.59 [94mAcc_g: 31.09 [92mF1_combined: 55.93 [92mF1_c: 49.38 [92mF1_g: 27.36 [39m
2026-07-26 04:32:21,029 - Agent - INFO - [37mTest Epoch 10 step 10 with [31mce_loss_combined : 1.354340 [31mce_loss_c : 2.472983 [31mce_loss_g : 2.102209 [31mkl_synergy_rand_1 : 0.436411 [31mkl_synergy_rand_2 : 0.873283 [31mkl_synergy_1 : 0.437742 [31mkl_synergy_2 : 0.851895 [31mtotal : 3.953671 [31mdiag_kl_1 : 0.803056 [31mdiag_kl_2 : 0.555802 [94mAcc_combined: 53.84 [94mAcc_c: 46.38 [94mAcc_g: 36.82 [92mF1_combined: 47.19 [92mF1_c: 43.32 [92mF1_g: 31.11 [39m
2026-07-26 04:32:22,833 - Agent - INFO - [37mModel saved successfully at: ./data/data/2025_data/synergy/CremadPlus/v2/SynIB_RMask_U_REFABL_cremad_fold0_l1.0_ir0.5_perturbrandom_fillema_pmin0.20_refanchor_legacy.pth.tar[39m
2026-07-26 04:33:51,747 - Evaluator - INFO - New best with loss-
2026-07-26 04:33:51,748 - Agent - INFO - [37mVal Epoch 11 step 11 with [31mce_loss_combined : 1.170898 [31mce_loss_c : 1.916494 [31mce_loss_g : 2.133114 [31mkl_synergy_rand_1 : 0.474221 [31mkl_synergy_rand_2 : 0.845586 [31mkl_synergy_1 : 0.473191 [31mkl_synergy_2 : 0.828391 [31mtotal : 3.792287 [31mdiag_kl_1 : 0.812110 [31mdiag_kl_2 : 0.657839 [94mAcc_combined: 61.05 [94mAcc_c: 51.48 [94mAcc_g: 31.09 [92mF1_combined: 56.45 [92mF1_c: 49.26 [92mF1_g: 27.30 [39m
2026-07-26 04:33:51,764 - Agent - INFO - [37mTest Epoch 11 step 11 with [31mce_loss_combined : 1.322550 [31mce_loss_c : 2.441523 [31mce_loss_g : 2.059949 [31mkl_synergy_rand_1 : 0.463152 [31mkl_synergy_rand_2 : 0.837768 [31mkl_synergy_1 : 0.445520 [31mkl_synergy_2 : 0.824478 [31mtotal : 3.893468 [31mdiag_kl_1 : 0.766646 [31mdiag_kl_2 : 0.581180 [94mAcc_combined: 55.73 [94mAcc_c: 46.72 [94mAcc_g: 36.48 [92mF1_combined: 49.45 [92mF1_c: 43.69 [92mF1_g: 31.58 [39m
2026-07-26 04:33:53,351 - Agent - INFO - [37mModel saved successfully at: ./data/data/2025_data/synergy/CremadPlus/v2/SynIB_RMask_U_REFABL_cremad_fold0_l1.0_ir0.5_perturbrandom_fillema_pmin0.20_refanchor_legacy.pth.tar[39m
2026-07-26 04:35:29,366 - Agent - INFO - [37mVal Epoch 12 step 12 with [31mce_loss_combined : 1.182006 [31mce_loss_c : 1.925462 [31mce_loss_g : 2.177353 [31mkl_synergy_rand_1 : 0.470471 [31mkl_synergy_rand_2 : 0.834853 [31mkl_synergy_1 : 0.463395 [31mkl_synergy_2 : 0.824598 [31mtotal : 3.775324 [31mdiag_kl_1 : 0.802578 [31mdiag_kl_2 : 0.661198 [94mAcc_combined: 60.14 [94mAcc_c: 51.59 [94mAcc_g: 28.93 [92mF1_combined: 55.23 [92mF1_c: 49.34 [92mF1_g: 25.49 [39m
2026-07-26 04:35:29,382 - Agent - INFO - [37mTest Epoch 12 step 12 with [31mce_loss_combined : 1.325902 [31mce_loss_c : 2.490666 [31mce_loss_g : 2.124897 [31mkl_synergy_rand_1 : 0.476793 [31mkl_synergy_rand_2 : 0.822767 [31mkl_synergy_1 : 0.456391 [31mkl_synergy_2 : 0.817353 [31mtotal : 3.899207 [31mdiag_kl_1 : 0.756903 [31mdiag_kl_2 : 0.603878 [94mAcc_combined: 53.95 [94mAcc_c: 46.27 [94mAcc_g: 34.37 [92mF1_combined: 48.19 [92mF1_c: 43.23 [92mF1_g: 29.31 [39m
2026-07-26 04:36:54,343 - Agent - INFO - [37mVal Epoch 13 step 13 with [31mce_loss_combined : 1.179608 [31mce_loss_c : 1.904306 [31mce_loss_g : 2.154651 [31mkl_synergy_rand_1 : 0.472403 [31mkl_synergy_rand_2 : 0.826087 [31mkl_synergy_1 : 0.468234 [31mkl_synergy_2 : 0.816537 [31mtotal : 3.762869 [31mdiag_kl_1 : 0.806623 [31mdiag_kl_2 : 0.641703 [94mAcc_combined: 60.93 [94mAcc_c: 51.14 [94mAcc_g: 30.41 [92mF1_combined: 56.23 [92mF1_c: 48.98 [92mF1_g: 26.64 [39m
2026-07-26 04:36:54,364 - Agent - INFO - [37mTest Epoch 13 step 13 with [31mce_loss_combined : 1.333610 [31mce_loss_c : 2.408475 [31mce_loss_g : 2.147342 [31mkl_synergy_rand_1 : 0.469554 [31mkl_synergy_rand_2 : 0.828861 [31mkl_synergy_1 : 0.457282 [31mkl_synergy_2 : 0.807562 [31mtotal : 3.896870 [31mdiag_kl_1 : 0.767594 [31mdiag_kl_2 : 0.610030 [94mAcc_combined: 54.62 [94mAcc_c: 46.38 [94mAcc_g: 34.04 [92mF1_combined: 48.57 [92mF1_c: 43.32 [92mF1_g: 28.78 [39m
2026-07-26 04:38:17,882 - Evaluator - INFO - New best with accuracy-
2026-07-26 04:38:17,883 - Agent - INFO - [37mVal Epoch 14 step 14 with [31mce_loss_combined : 1.179397 [31mce_loss_c : 1.888664 [31mce_loss_g : 2.154645 [31mkl_synergy_rand_1 : 0.466509 [31mkl_synergy_rand_2 : 0.823023 [31mkl_synergy_1 : 0.465404 [31mkl_synergy_2 : 0.809371 [31mtotal : 3.743704 [31mdiag_kl_1 : 0.808174 [31mdiag_kl_2 : 0.638381 [94mAcc_combined: 61.39 [94mAcc_c: 51.25 [94mAcc_g: 29.27 [92mF1_combined: 56.51 [92mF1_c: 49.16 [92mF1_g: 25.57 [39m
2026-07-26 04:38:17,898 - Agent - INFO - [37mTest Epoch 14 step 14 with [31mce_loss_combined : 1.315691 [31mce_loss_c : 2.420717 [31mce_loss_g : 2.116457 [31mkl_synergy_rand_1 : 0.478696 [31mkl_synergy_rand_2 : 0.825097 [31mkl_synergy_1 : 0.448303 [31mkl_synergy_2 : 0.800638 [31mtotal : 3.868425 [31mdiag_kl_1 : 0.750197 [31mdiag_kl_2 : 0.613779 [94mAcc_combined: 54.95 [94mAcc_c: 46.50 [94mAcc_g: 33.15 [92mF1_combined: 48.71 [92mF1_c: 43.45 [92mF1_g: 28.53 [39m
2026-07-26 04:38:19,491 - Agent - INFO - [37mModel saved successfully at: ./data/data/2025_data/synergy/CremadPlus/v2/SynIB_RMask_U_REFABL_cremad_fold0_l1.0_ir0.5_perturbrandom_fillema_pmin0.20_refanchor_legacy.pth.tar[39m
2026-07-26 04:39:43,832 - Evaluator - INFO - New best with accuracy-
2026-07-26 04:39:43,832 - Agent - INFO - [37mVal Epoch 15 step 15 with [31mce_loss_combined : 1.189263 [31mce_loss_c : 1.888025 [31mce_loss_g : 2.177525 [31mkl_synergy_rand_1 : 0.467396 [31mkl_synergy_rand_2 : 0.833655 [31mkl_synergy_1 : 0.459890 [31mkl_synergy_2 : 0.818173 [31mtotal : 3.768378 [31mdiag_kl_1 : 0.800286 [31mdiag_kl_2 : 0.636362 [94mAcc_combined: 61.73 [94mAcc_c: 51.03 [94mAcc_g: 29.84 [92mF1_combined: 56.84 [92mF1_c: 49.03 [92mF1_g: 25.48 [39m
2026-07-26 04:39:43,849 - Agent - INFO - [37mTest Epoch 15 step 15 with [31mce_loss_combined : 1.340064 [31mce_loss_c : 2.417945 [31mce_loss_g : 2.169599 [31mkl_synergy_rand_1 : 0.468100 [31mkl_synergy_rand_2 : 0.818764 [31mkl_synergy_1 : 0.452958 [31mkl_synergy_2 : 0.792670 [31mtotal : 3.872555 [31mdiag_kl_1 : 0.753561 [31mdiag_kl_2 : 0.625606 [94mAcc_combined: 53.62 [94mAcc_c: 46.61 [94mAcc_g: 33.70 [92mF1_combined: 47.57 [92mF1_c: 43.66 [92mF1_g: 28.72 [39m
2026-07-26 04:39:45,429 - Agent - INFO - [37mModel saved successfully at: ./data/data/2025_data/synergy/CremadPlus/v2/SynIB_RMask_U_REFABL_cremad_fold0_l1.0_ir0.5_perturbrandom_fillema_pmin0.20_refanchor_legacy.pth.tar[39m
2026-07-26 04:41:13,217 - Evaluator - INFO - New best with accuracy-
2026-07-26 04:41:13,218 - Agent - INFO - [37mVal Epoch 16 step 16 with [31mce_loss_combined : 1.179607 [31mce_loss_c : 1.880427 [31mce_loss_g : 2.179593 [31mkl_synergy_rand_1 : 0.473516 [31mkl_synergy_rand_2 : 0.819068 [31mkl_synergy_1 : 0.464893 [31mkl_synergy_2 : 0.804539 [31mtotal : 3.741623 [31mdiag_kl_1 : 0.795020 [31mdiag_kl_2 : 0.628942 [94mAcc_combined: 61.96 [94mAcc_c: 50.80 [94mAcc_g: 30.30 [92mF1_combined: 56.91 [92mF1_c: 48.73 [92mF1_g: 26.01 [39m
2026-07-26 04:41:13,233 - Agent - INFO - [37mTest Epoch 16 step 16 with [31mce_loss_combined : 1.326730 [31mce_loss_c : 2.409858 [31mce_loss_g : 2.156748 [31mkl_synergy_rand_1 : 0.481589 [31mkl_synergy_rand_2 : 0.829651 [31mkl_synergy_1 : 0.476166 [31mkl_synergy_2 : 0.798094 [31mtotal : 3.912230 [31mdiag_kl_1 : 0.748177 [31mdiag_kl_2 : 0.620798 [94mAcc_combined: 54.73 [94mAcc_c: 46.27 [94mAcc_g: 33.93 [92mF1_combined: 48.89 [92mF1_c: 43.38 [92mF1_g: 28.67 [39m
2026-07-26 04:41:14,857 - Agent - INFO - [37mModel saved successfully at: ./data/data/2025_data/synergy/CremadPlus/v2/SynIB_RMask_U_REFABL_cremad_fold0_l1.0_ir0.5_perturbrandom_fillema_pmin0.20_refanchor_legacy.pth.tar[39m
2026-07-26 04:42:44,434 - Agent - INFO - [37mVal Epoch 17 step 17 with [31mce_loss_combined : 1.174959 [31mce_loss_c : 1.878719 [31mce_loss_g : 2.096475 [31mkl_synergy_rand_1 : 0.452506 [31mkl_synergy_rand_2 : 0.812005 [31mkl_synergy_1 : 0.441208 [31mkl_synergy_2 : 0.799438 [31mtotal : 3.680117 [31mdiag_kl_1 : 0.794929 [31mdiag_kl_2 : 0.635331 [94mAcc_combined: 61.85 [94mAcc_c: 50.57 [94mAcc_g: 31.09 [92mF1_combined: 56.81 [92mF1_c: 48.75 [92mF1_g: 26.62 [39m
2026-07-26 04:42:44,455 - Agent - INFO - [37mTest Epoch 17 step 17 with [31mce_loss_combined : 1.311208 [31mce_loss_c : 2.348375 [31mce_loss_g : 2.073569 [31mkl_synergy_rand_1 : 0.459671 [31mkl_synergy_rand_2 : 0.819998 [31mkl_synergy_1 : 0.455156 [31mkl_synergy_2 : 0.802055 [31mtotal : 3.848089 [31mdiag_kl_1 : 0.759431 [31mdiag_kl_2 : 0.610510 [94mAcc_combined: 56.73 [94mAcc_c: 46.27 [94mAcc_g: 33.26 [92mF1_combined: 49.99 [92mF1_c: 43.56 [92mF1_g: 28.25 [39m
2026-07-26 04:44:07,769 - Agent - INFO - [37mVal Epoch 18 step 18 with [31mce_loss_combined : 1.197466 [31mce_loss_c : 1.872123 [31mce_loss_g : 2.153183 [31mkl_synergy_rand_1 : 0.463080 [31mkl_synergy_rand_2 : 0.810880 [31mkl_synergy_1 : 0.450284 [31mkl_synergy_2 : 0.796651 [31mtotal : 3.718361 [31mdiag_kl_1 : 0.814676 [31mdiag_kl_2 : 0.630332 [94mAcc_combined: 61.05 [94mAcc_c: 49.66 [94mAcc_g: 30.07 [92mF1_combined: 56.25 [92mF1_c: 47.97 [92mF1_g: 25.70 [39m
2026-07-26 04:44:07,785 - Agent - INFO - [37mTest Epoch 18 step 18 with [31mce_loss_combined : 1.332732 [31mce_loss_c : 2.374925 [31mce_loss_g : 2.128536 [31mkl_synergy_rand_1 : 0.464946 [31mkl_synergy_rand_2 : 0.826484 [31mkl_synergy_1 : 0.447644 [31mkl_synergy_2 : 0.799420 [31mtotal : 3.871226 [31mdiag_kl_1 : 0.778827 [31mdiag_kl_2 : 0.613894 [94mAcc_combined: 55.17 [94mAcc_c: 46.27 [94mAcc_g: 32.59 [92mF1_combined: 49.34 [92mF1_c: 43.66 [92mF1_g: 27.74 [39m
2026-07-26 04:45:33,831 - Agent - INFO - [37mVal Epoch 19 step 19 with [31mce_loss_combined : 1.181566 [31mce_loss_c : 1.853669 [31mce_loss_g : 2.123753 [31mkl_synergy_rand_1 : 0.458840 [31mkl_synergy_rand_2 : 0.815211 [31mkl_synergy_1 : 0.454205 [31mkl_synergy_2 : 0.811489 [31mtotal : 3.721311 [31mdiag_kl_1 : 0.821157 [31mdiag_kl_2 : 0.601840 [94mAcc_combined: 61.28 [94mAcc_c: 49.54 [94mAcc_g: 32.80 [92mF1_combined: 56.02 [92mF1_c: 47.85 [92mF1_g: 27.36 [39m
2026-07-26 04:45:33,847 - Agent - INFO - [37mTest Epoch 19 step 19 with [31mce_loss_combined : 1.334928 [31mce_loss_c : 2.347559 [31mce_loss_g : 2.131972 [31mkl_synergy_rand_1 : 0.443968 [31mkl_synergy_rand_2 : 0.827878 [31mkl_synergy_1 : 0.419432 [31mkl_synergy_2 : 0.834909 [31mtotal : 3.861114 [31mdiag_kl_1 : 0.787370 [31mdiag_kl_2 : 0.596994 [94mAcc_combined: 55.17 [94mAcc_c: 46.27 [94mAcc_g: 33.93 [92mF1_combined: 48.23 [92mF1_c: 43.66 [92mF1_g: 29.15 [39m
2026-07-26 04:46:59,976 - Evaluator - INFO - New best with accuracy-
2026-07-26 04:46:59,977 - Agent - INFO - [37mVal Epoch 20 step 20 with [31mce_loss_combined : 1.174843 [31mce_loss_c : 1.846269 [31mce_loss_g : 2.105669 [31mkl_synergy_rand_1 : 0.461968 [31mkl_synergy_rand_2 : 0.804690 [31mkl_synergy_1 : 0.443186 [31mkl_synergy_2 : 0.788250 [31mtotal : 3.672937 [31mdiag_kl_1 : 0.813473 [31mdiag_kl_2 : 0.618008 [94mAcc_combined: 62.64 [94mAcc_c: 49.32 [94mAcc_g: 30.87 [92mF1_combined: 57.93 [92mF1_c: 47.60 [92mF1_g: 25.36 [39m
2026-07-26 04:46:59,992 - Agent - INFO - [37mTest Epoch 20 step 20 with [31mce_loss_combined : 1.310460 [31mce_loss_c : 2.302598 [31mce_loss_g : 2.081154 [31mkl_synergy_rand_1 : 0.447441 [31mkl_synergy_rand_2 : 0.824498 [31mkl_synergy_1 : 0.427794 [31mkl_synergy_2 : 0.825926 [31mtotal : 3.836119 [31mdiag_kl_1 : 0.797338 [31mdiag_kl_2 : 0.591727 [94mAcc_combined: 57.29 [94mAcc_c: 45.61 [94mAcc_g: 32.59 [92mF1_combined: 50.46 [92mF1_c: 43.16 [92mF1_g: 27.53 [39m
2026-07-26 04:47:02,118 - Agent - INFO - [37mModel saved successfully at: ./data/data/2025_data/synergy/CremadPlus/v2/SynIB_RMask_U_REFABL_cremad_fold0_l1.0_ir0.5_perturbrandom_fillema_pmin0.20_refanchor_legacy.pth.tar[39m
2026-07-26 04:48:21,951 - Agent - INFO - [37mVal Epoch 21 step 21 with [31mce_loss_combined : 1.179815 [31mce_loss_c : 1.840451 [31mce_loss_g : 2.067425 [31mkl_synergy_rand_1 : 0.457115 [31mkl_synergy_rand_2 : 0.783486 [31mkl_synergy_1 : 0.441764 [31mkl_synergy_2 : 0.778734 [31mtotal : 3.640914 [31mdiag_kl_1 : 0.810161 [31mdiag_kl_2 : 0.603079 [94mAcc_combined: 62.64 [94mAcc_c: 49.09 [94mAcc_g: 34.17 [92mF1_combined: 57.61 [92mF1_c: 47.47 [92mF1_g: 28.41 [39m
2026-07-26 04:48:21,971 - Agent - INFO - [37mTest Epoch 21 step 21 with [31mce_loss_combined : 1.327450 [31mce_loss_c : 2.322139 [31mce_loss_g : 2.051364 [31mkl_synergy_rand_1 : 0.463341 [31mkl_synergy_rand_2 : 0.806541 [31mkl_synergy_1 : 0.426196 [31mkl_synergy_2 : 0.804206 [31mtotal : 3.827733 [31mdiag_kl_1 : 0.774508 [31mdiag_kl_2 : 0.581160 [94mAcc_combined: 56.84 [94mAcc_c: 45.05 [94mAcc_g: 35.37 [92mF1_combined: 49.86 [92mF1_c: 42.82 [92mF1_g: 29.98 [39m
2026-07-26 04:49:46,770 - Agent - INFO - [37mVal Epoch 22 step 22 with [31mce_loss_combined : 1.195667 [31mce_loss_c : 1.842858 [31mce_loss_g : 2.126855 [31mkl_synergy_rand_1 : 0.456801 [31mkl_synergy_rand_2 : 0.786505 [31mkl_synergy_1 : 0.444497 [31mkl_synergy_2 : 0.769915 [31mtotal : 3.653384 [31mdiag_kl_1 : 0.803193 [31mdiag_kl_2 : 0.632617 [94mAcc_combined: 61.39 [94mAcc_c: 49.43 [94mAcc_g: 31.66 [92mF1_combined: 56.20 [92mF1_c: 47.72 [92mF1_g: 26.08 [39m
2026-07-26 04:49:46,791 - Agent - INFO - [37mTest Epoch 22 step 22 with [31mce_loss_combined : 1.326203 [31mce_loss_c : 2.310822 [31mce_loss_g : 2.096041 [31mkl_synergy_rand_1 : 0.442609 [31mkl_synergy_rand_2 : 0.810046 [31mkl_synergy_1 : 0.432201 [31mkl_synergy_2 : 0.775962 [31mtotal : 3.787021 [31mdiag_kl_1 : 0.777196 [31mdiag_kl_2 : 0.611897 [94mAcc_combined: 56.06 [94mAcc_c: 45.72 [94mAcc_g: 33.82 [92mF1_combined: 49.23 [92mF1_c: 43.66 [92mF1_g: 28.53 [39m
2026-07-26 04:51:11,770 - Agent - INFO - [37mVal Epoch 23 step 23 with [31mce_loss_combined : 1.171005 [31mce_loss_c : 1.828191 [31mce_loss_g : 2.031834 [31mkl_synergy_rand_1 : 0.452412 [31mkl_synergy_rand_2 : 0.757053 [31mkl_synergy_1 : 0.443013 [31mkl_synergy_2 : 0.745379 [31mtotal : 3.568862 [31mdiag_kl_1 : 0.780753 [31mdiag_kl_2 : 0.637525 [94mAcc_combined: 62.53 [94mAcc_c: 48.97 [94mAcc_g: 32.35 [92mF1_combined: 57.58 [92mF1_c: 47.37 [92mF1_g: 26.78 [39m
2026-07-26 04:51:11,787 - Agent - INFO - [37mTest Epoch 23 step 23 with [31mce_loss_combined : 1.313385 [31mce_loss_c : 2.304034 [31mce_loss_g : 2.005667 [31mkl_synergy_rand_1 : 0.428224 [31mkl_synergy_rand_2 : 0.791299 [31mkl_synergy_1 : 0.413170 [31mkl_synergy_2 : 0.775720 [31mtotal : 3.721798 [31mdiag_kl_1 : 0.765971 [31mdiag_kl_2 : 0.621433 [94mAcc_combined: 57.06 [94mAcc_c: 45.27 [94mAcc_g: 35.71 [92mF1_combined: 50.49 [92mF1_c: 43.25 [92mF1_g: 31.05 [39m
2026-07-26 04:52:43,658 - Agent - INFO - [37mVal Epoch 24 step 24 with [31mce_loss_combined : 1.180477 [31mce_loss_c : 1.820850 [31mce_loss_g : 2.009810 [31mkl_synergy_rand_1 : 0.440518 [31mkl_synergy_rand_2 : 0.759470 [31mkl_synergy_1 : 0.437978 [31mkl_synergy_2 : 0.747407 [31mtotal : 3.565850 [31mdiag_kl_1 : 0.793648 [31mdiag_kl_2 : 0.630359 [94mAcc_combined: 62.41 [94mAcc_c: 49.20 [94mAcc_g: 34.97 [92mF1_combined: 57.28 [92mF1_c: 47.69 [92mF1_g: 28.81 [39m
2026-07-26 04:52:43,675 - Agent - INFO - [37mTest Epoch 24 step 24 with [31mce_loss_combined : 1.325007 [31mce_loss_c : 2.288874 [31mce_loss_g : 1.986595 [31mkl_synergy_rand_1 : 0.425519 [31mkl_synergy_rand_2 : 0.800130 [31mkl_synergy_1 : 0.421656 [31mkl_synergy_2 : 0.790403 [31mtotal : 3.762716 [31mdiag_kl_1 : 0.776221 [31mdiag_kl_2 : 0.603385 [94mAcc_combined: 56.84 [94mAcc_c: 45.27 [94mAcc_g: 38.38 [92mF1_combined: 50.13 [92mF1_c: 43.34 [92mF1_g: 33.27 [39m
2026-07-26 04:54:02,084 - Agent - INFO - [37mVal Epoch 25 step 25 with [31mce_loss_combined : 1.178333 [31mce_loss_c : 1.836461 [31mce_loss_g : 1.971992 [31mkl_synergy_rand_1 : 0.428316 [31mkl_synergy_rand_2 : 0.761431 [31mkl_synergy_1 : 0.426416 [31mkl_synergy_2 : 0.743160 [31mtotal : 3.537657 [31mdiag_kl_1 : 0.799016 [31mdiag_kl_2 : 0.618173 [94mAcc_combined: 61.96 [94mAcc_c: 48.52 [94mAcc_g: 36.10 [92mF1_combined: 56.47 [92mF1_c: 46.79 [92mF1_g: 29.43 [39m
2026-07-26 04:54:02,100 - Agent - INFO - [37mTest Epoch 25 step 25 with [31mce_loss_combined : 1.327441 [31mce_loss_c : 2.323530 [31mce_loss_g : 1.950304 [31mkl_synergy_rand_1 : 0.410670 [31mkl_synergy_rand_2 : 0.797178 [31mkl_synergy_1 : 0.406242 [31mkl_synergy_2 : 0.793339 [31mtotal : 3.734869 [31mdiag_kl_1 : 0.771323 [31mdiag_kl_2 : 0.594044 [94mAcc_combined: 56.40 [94mAcc_c: 45.49 [94mAcc_g: 38.38 [92mF1_combined: 49.65 [92mF1_c: 43.13 [92mF1_g: 33.03 [39m
2026-07-26 04:55:34,430 - Evaluator - INFO - New best with loss-
2026-07-26 04:55:34,431 - Agent - INFO - [37mVal Epoch 26 step 26 with [31mce_loss_combined : 1.167390 [31mce_loss_c : 1.820147 [31mce_loss_g : 1.940850 [31mkl_synergy_rand_1 : 0.433769 [31mkl_synergy_rand_2 : 0.754892 [31mkl_synergy_1 : 0.431915 [31mkl_synergy_2 : 0.746071 [31mtotal : 3.534036 [31mdiag_kl_1 : 0.795679 [31mdiag_kl_2 : 0.609850 [94mAcc_combined: 62.30 [94mAcc_c: 48.63 [94mAcc_g: 35.88 [92mF1_combined: 57.70 [92mF1_c: 47.19 [92mF1_g: 29.35 [39m
2026-07-26 04:55:34,446 - Agent - INFO - [37mTest Epoch 26 step 26 with [31mce_loss_combined : 1.319308 [31mce_loss_c : 2.295021 [31mce_loss_g : 1.938500 [31mkl_synergy_rand_1 : 0.417536 [31mkl_synergy_rand_2 : 0.793944 [31mkl_synergy_1 : 0.400722 [31mkl_synergy_2 : 0.805964 [31mtotal : 3.737474 [31mdiag_kl_1 : 0.781004 [31mdiag_kl_2 : 0.580383 [94mAcc_combined: 56.84 [94mAcc_c: 44.94 [94mAcc_g: 38.49 [92mF1_combined: 49.99 [92mF1_c: 43.02 [92mF1_g: 33.50 [39m
2026-07-26 04:55:36,048 - Agent - INFO - [37mModel saved successfully at: ./data/data/2025_data/synergy/CremadPlus/v2/SynIB_RMask_U_REFABL_cremad_fold0_l1.0_ir0.5_perturbrandom_fillema_pmin0.20_refanchor_legacy.pth.tar[39m
2026-07-26 04:57:09,163 - Evaluator - INFO - New best with loss-
2026-07-26 04:57:09,163 - Agent - INFO - [37mVal Epoch 27 step 27 with [31mce_loss_combined : 1.167321 [31mce_loss_c : 1.804505 [31mce_loss_g : 1.949221 [31mkl_synergy_rand_1 : 0.428756 [31mkl_synergy_rand_2 : 0.769691 [31mkl_synergy_1 : 0.425809 [31mkl_synergy_2 : 0.754109 [31mtotal : 3.545686 [31mdiag_kl_1 : 0.807932 [31mdiag_kl_2 : 0.603137 [94mAcc_combined: 62.30 [94mAcc_c: 49.09 [94mAcc_g: 36.10 [92mF1_combined: 57.10 [92mF1_c: 47.71 [92mF1_g: 29.28 [39m
2026-07-26 04:57:09,178 - Agent - INFO - [37mTest Epoch 27 step 27 with [31mce_loss_combined : 1.319338 [31mce_loss_c : 2.260616 [31mce_loss_g : 1.943037 [31mkl_synergy_rand_1 : 0.405772 [31mkl_synergy_rand_2 : 0.797939 [31mkl_synergy_1 : 0.400157 [31mkl_synergy_2 : 0.796041 [31mtotal : 3.719246 [31mdiag_kl_1 : 0.789859 [31mdiag_kl_2 : 0.581481 [94mAcc_combined: 57.40 [94mAcc_c: 45.16 [94mAcc_g: 38.82 [92mF1_combined: 50.49 [92mF1_c: 43.33 [92mF1_g: 33.87 [39m
2026-07-26 04:57:10,767 - Agent - INFO - [37mModel saved successfully at: ./data/data/2025_data/synergy/CremadPlus/v2/SynIB_RMask_U_REFABL_cremad_fold0_l1.0_ir0.5_perturbrandom_fillema_pmin0.20_refanchor_legacy.pth.tar[39m
2026-07-26 04:58:32,289 - Agent - INFO - [37mVal Epoch 28 step 28 with [31mce_loss_combined : 1.168787 [31mce_loss_c : 1.819636 [31mce_loss_g : 1.933821 [31mkl_synergy_rand_1 : 0.424798 [31mkl_synergy_rand_2 : 0.759468 [31mkl_synergy_1 : 0.423348 [31mkl_synergy_2 : 0.747191 [31mtotal : 3.523592 [31mdiag_kl_1 : 0.809817 [31mdiag_kl_2 : 0.602216 [94mAcc_combined: 62.07 [94mAcc_c: 48.97 [94mAcc_g: 36.67 [92mF1_combined: 56.87 [92mF1_c: 47.44 [92mF1_g: 29.79 [39m
2026-07-26 04:58:32,310 - Agent - INFO - [37mTest Epoch 28 step 28 with [31mce_loss_combined : 1.332063 [31mce_loss_c : 2.302128 [31mce_loss_g : 1.946955 [31mkl_synergy_rand_1 : 0.414993 [31mkl_synergy_rand_2 : 0.803787 [31mkl_synergy_1 : 0.393566 [31mkl_synergy_2 : 0.806320 [31mtotal : 3.750730 [31mdiag_kl_1 : 0.776866 [31mdiag_kl_2 : 0.581613 [94mAcc_combined: 56.40 [94mAcc_c: 45.05 [94mAcc_g: 39.38 [92mF1_combined: 49.46 [92mF1_c: 43.00 [92mF1_g: 34.03 [39m
2026-07-26 05:00:02,453 - Evaluator - INFO - New best with loss-accuracy-
2026-07-26 05:00:02,453 - Agent - INFO - [37mVal Epoch 29 step 29 with [31mce_loss_combined : 1.165989 [31mce_loss_c : 1.814555 [31mce_loss_g : 1.928916 [31mkl_synergy_rand_1 : 0.427628 [31mkl_synergy_rand_2 : 0.753357 [31mkl_synergy_1 : 0.418940 [31mkl_synergy_2 : 0.751665 [31mtotal : 3.517579 [31mdiag_kl_1 : 0.807948 [31mdiag_kl_2 : 0.601923 [94mAcc_combined: 62.76 [94mAcc_c: 48.63 [94mAcc_g: 36.22 [92mF1_combined: 57.58 [92mF1_c: 47.24 [92mF1_g: 29.39 [39m
2026-07-26 05:00:02,469 - Agent - INFO - [37mTest Epoch 29 step 29 with [31mce_loss_combined : 1.324827 [31mce_loss_c : 2.293667 [31mce_loss_g : 1.933709 [31mkl_synergy_rand_1 : 0.405857 [31mkl_synergy_rand_2 : 0.799330 [31mkl_synergy_1 : 0.397921 [31mkl_synergy_2 : 0.789245 [31mtotal : 3.717181 [31mdiag_kl_1 : 0.793859 [31mdiag_kl_2 : 0.576803 [94mAcc_combined: 56.84 [94mAcc_c: 44.61 [94mAcc_g: 39.15 [92mF1_combined: 49.81 [92mF1_c: 42.74 [92mF1_g: 33.90 [39m
2026-07-26 05:00:03,830 - Agent - INFO - [37mModel saved successfully at: ./data/data/2025_data/synergy/CremadPlus/v2/SynIB_RMask_U_REFABL_cremad_fold0_l1.0_ir0.5_perturbrandom_fillema_pmin0.20_refanchor_legacy.pth.tar[39m
2026-07-26 05:01:29,802 - Evaluator - INFO - New best with loss-
2026-07-26 05:01:29,802 - Agent - INFO - [37mVal Epoch 30 step 30 with [31mce_loss_combined : 1.160945 [31mce_loss_c : 1.826685 [31mce_loss_g : 1.922592 [31mkl_synergy_rand_1 : 0.434109 [31mkl_synergy_rand_2 : 0.754183 [31mkl_synergy_1 : 0.421742 [31mkl_synergy_2 : 0.746641 [31mtotal : 3.517620 [31mdiag_kl_1 : 0.793218 [31mdiag_kl_2 : 0.603675 [94mAcc_combined: 62.53 [94mAcc_c: 48.63 [94mAcc_g: 35.65 [92mF1_combined: 57.08 [92mF1_c: 47.32 [92mF1_g: 29.03 [39m
2026-07-26 05:01:29,818 - Agent - INFO - [37mTest Epoch 30 step 30 with [31mce_loss_combined : 1.313111 [31mce_loss_c : 2.262605 [31mce_loss_g : 1.924681 [31mkl_synergy_rand_1 : 0.400847 [31mkl_synergy_rand_2 : 0.805997 [31mkl_synergy_1 : 0.395997 [31mkl_synergy_2 : 0.788243 [31mtotal : 3.704196 [31mdiag_kl_1 : 0.783378 [31mdiag_kl_2 : 0.570829 [94mAcc_combined: 57.51 [94mAcc_c: 44.72 [94mAcc_g: 39.04 [92mF1_combined: 50.67 [92mF1_c: 42.88 [92mF1_g: 33.69 [39m
2026-07-26 05:01:31,335 - Agent - INFO - [37mModel saved successfully at: ./data/data/2025_data/synergy/CremadPlus/v2/SynIB_RMask_U_REFABL_cremad_fold0_l1.0_ir0.5_perturbrandom_fillema_pmin0.20_refanchor_legacy.pth.tar[39m
2026-07-26 05:02:57,419 - Evaluator - INFO - New best with loss-
2026-07-26 05:02:57,419 - Agent - INFO - [37mVal Epoch 31 step 31 with [31mce_loss_combined : 1.159935 [31mce_loss_c : 1.842866 [31mce_loss_g : 1.926078 [31mkl_synergy_rand_1 : 0.432285 [31mkl_synergy_rand_2 : 0.756354 [31mkl_synergy_1 : 0.418264 [31mkl_synergy_2 : 0.756322 [31mtotal : 3.523161 [31mdiag_kl_1 : 0.777601 [31mdiag_kl_2 : 0.612921 [94mAcc_combined: 62.19 [94mAcc_c: 48.63 [94mAcc_g: 35.65 [92mF1_combined: 56.95 [92mF1_c: 46.99 [92mF1_g: 29.00 [39m
2026-07-26 05:02:57,435 - Agent - INFO - [37mTest Epoch 31 step 31 with [31mce_loss_combined : 1.315353 [31mce_loss_c : 2.299275 [31mce_loss_g : 1.930397 [31mkl_synergy_rand_1 : 0.403519 [31mkl_synergy_rand_2 : 0.817817 [31mkl_synergy_1 : 0.389111 [31mkl_synergy_2 : 0.801126 [31mtotal : 3.726927 [31mdiag_kl_1 : 0.781648 [31mdiag_kl_2 : 0.579782 [94mAcc_combined: 57.17 [94mAcc_c: 45.16 [94mAcc_g: 38.71 [92mF1_combined: 50.38 [92mF1_c: 42.93 [92mF1_g: 33.51 [39m
2026-07-26 05:02:59,111 - Agent - INFO - [37mModel saved successfully at: ./data/data/2025_data/synergy/CremadPlus/v2/SynIB_RMask_U_REFABL_cremad_fold0_l1.0_ir0.5_perturbrandom_fillema_pmin0.20_refanchor_legacy.pth.tar[39m
2026-07-26 05:04:30,026 - Agent - INFO - [37mVal Epoch 32 step 32 with [31mce_loss_combined : 1.170142 [31mce_loss_c : 1.829486 [31mce_loss_g : 1.935102 [31mkl_synergy_rand_1 : 0.424892 [31mkl_synergy_rand_2 : 0.752446 [31mkl_synergy_1 : 0.413766 [31mkl_synergy_2 : 0.739976 [31mtotal : 3.501222 [31mdiag_kl_1 : 0.790131 [31mdiag_kl_2 : 0.615487 [94mAcc_combined: 62.07 [94mAcc_c: 48.97 [94mAcc_g: 35.54 [92mF1_combined: 56.41 [92mF1_c: 47.36 [92mF1_g: 29.00 [39m
2026-07-26 05:04:30,043 - Agent - INFO - [37mTest Epoch 32 step 32 with [31mce_loss_combined : 1.322477 [31mce_loss_c : 2.282916 [31mce_loss_g : 1.937848 [31mkl_synergy_rand_1 : 0.409280 [31mkl_synergy_rand_2 : 0.804723 [31mkl_synergy_1 : 0.391383 [31mkl_synergy_2 : 0.780242 [31mtotal : 3.708106 [31mdiag_kl_1 : 0.777763 [31mdiag_kl_2 : 0.593027 [94mAcc_combined: 57.06 [94mAcc_c: 45.27 [94mAcc_g: 38.60 [92mF1_combined: 50.18 [92mF1_c: 43.12 [92mF1_g: 33.30 [39m
2026-07-26 05:05:57,871 - Agent - INFO - [37mVal Epoch 33 step 33 with [31mce_loss_combined : 1.188016 [31mce_loss_c : 1.799998 [31mce_loss_g : 1.936413 [31mkl_synergy_rand_1 : 0.420561 [31mkl_synergy_rand_2 : 0.775800 [31mkl_synergy_1 : 0.420703 [31mkl_synergy_2 : 0.767732 [31mtotal : 3.572812 [31mdiag_kl_1 : 0.829253 [31mdiag_kl_2 : 0.590734 [94mAcc_combined: 61.05 [94mAcc_c: 48.06 [94mAcc_g: 38.15 [92mF1_combined: 55.41 [92mF1_c: 47.11 [92mF1_g: 30.67 [39m
2026-07-26 05:05:57,887 - Agent - INFO - [37mTest Epoch 33 step 33 with [31mce_loss_combined : 1.338590 [31mce_loss_c : 2.242596 [31mce_loss_g : 1.954890 [31mkl_synergy_rand_1 : 0.403624 [31mkl_synergy_rand_2 : 0.805759 [31mkl_synergy_1 : 0.396810 [31mkl_synergy_2 : 0.800992 [31mtotal : 3.745775 [31mdiag_kl_1 : 0.802983 [31mdiag_kl_2 : 0.557707 [94mAcc_combined: 56.28 [94mAcc_c: 44.38 [94mAcc_g: 40.38 [92mF1_combined: 48.68 [92mF1_c: 42.78 [92mF1_g: 34.35 [39m
2026-07-26 05:07:19,680 - Evaluator - INFO - New best with loss-
2026-07-26 05:07:19,681 - Agent - INFO - [37mVal Epoch 34 step 34 with [31mce_loss_combined : 1.158282 [31mce_loss_c : 1.796235 [31mce_loss_g : 1.880598 [31mkl_synergy_rand_1 : 0.418467 [31mkl_synergy_rand_2 : 0.746287 [31mkl_synergy_1 : 0.402073 [31mkl_synergy_2 : 0.736439 [31mtotal : 3.461547 [31mdiag_kl_1 : 0.789451 [31mdiag_kl_2 : 0.587916 [94mAcc_combined: 61.96 [94mAcc_c: 48.29 [94mAcc_g: 37.93 [92mF1_combined: 56.49 [92mF1_c: 47.08 [92mF1_g: 31.31 [39m
2026-07-26 05:07:19,696 - Agent - INFO - [37mTest Epoch 34 step 34 with [31mce_loss_combined : 1.310416 [31mce_loss_c : 2.233429 [31mce_loss_g : 1.866394 [31mkl_synergy_rand_1 : 0.374557 [31mkl_synergy_rand_2 : 0.800061 [31mkl_synergy_1 : 0.381000 [31mkl_synergy_2 : 0.794756 [31mtotal : 3.660790 [31mdiag_kl_1 : 0.798638 [31mdiag_kl_2 : 0.561739 [94mAcc_combined: 57.73 [94mAcc_c: 44.61 [94mAcc_g: 41.94 [92mF1_combined: 50.68 [92mF1_c: 42.77 [92mF1_g: 36.24 [39m
2026-07-26 05:07:21,570 - Agent - INFO - [37mModel saved successfully at: ./data/data/2025_data/synergy/CremadPlus/v2/SynIB_RMask_U_REFABL_cremad_fold0_l1.0_ir0.5_perturbrandom_fillema_pmin0.20_refanchor_legacy.pth.tar[39m
2026-07-26 05:08:46,342 - Agent - INFO - [37mVal Epoch 35 step 35 with [31mce_loss_combined : 1.169065 [31mce_loss_c : 1.785976 [31mce_loss_g : 1.885466 [31mkl_synergy_rand_1 : 0.412775 [31mkl_synergy_rand_2 : 0.755131 [31mkl_synergy_1 : 0.413453 [31mkl_synergy_2 : 0.742641 [31mtotal : 3.493066 [31mdiag_kl_1 : 0.804117 [31mdiag_kl_2 : 0.592550 [94mAcc_combined: 60.93 [94mAcc_c: 47.84 [94mAcc_g: 38.15 [92mF1_combined: 55.61 [92mF1_c: 46.96 [92mF1_g: 30.59 [39m
2026-07-26 05:08:46,368 - Agent - INFO - [37mTest Epoch 35 step 35 with [31mce_loss_combined : 1.338507 [31mce_loss_c : 2.200088 [31mce_loss_g : 1.925036 [31mkl_synergy_rand_1 : 0.387359 [31mkl_synergy_rand_2 : 0.807228 [31mkl_synergy_1 : 0.381284 [31mkl_synergy_2 : 0.815118 [31mtotal : 3.729496 [31mdiag_kl_1 : 0.795913 [31mdiag_kl_2 : 0.553537 [94mAcc_combined: 55.62 [94mAcc_c: 44.49 [94mAcc_g: 41.71 [92mF1_combined: 48.29 [92mF1_c: 42.95 [92mF1_g: 35.72 [39m
2026-07-26 05:10:07,829 - Agent - INFO - [37mVal Epoch 36 step 36 with [31mce_loss_combined : 1.170813 [31mce_loss_c : 1.784644 [31mce_loss_g : 1.926082 [31mkl_synergy_rand_1 : 0.417990 [31mkl_synergy_rand_2 : 0.726574 [31mkl_synergy_1 : 0.411851 [31mkl_synergy_2 : 0.729088 [31mtotal : 3.456316 [31mdiag_kl_1 : 0.810944 [31mdiag_kl_2 : 0.615668 [94mAcc_combined: 61.05 [94mAcc_c: 47.61 [94mAcc_g: 35.54 [92mF1_combined: 56.52 [92mF1_c: 46.83 [92mF1_g: 29.23 [39m
2026-07-26 05:10:07,851 - Agent - INFO - [37mTest Epoch 36 step 36 with [31mce_loss_combined : 1.328262 [31mce_loss_c : 2.202791 [31mce_loss_g : 1.924259 [31mkl_synergy_rand_1 : 0.374603 [31mkl_synergy_rand_2 : 0.797799 [31mkl_synergy_1 : 0.374413 [31mkl_synergy_2 : 0.781387 [31mtotal : 3.656464 [31mdiag_kl_1 : 0.832230 [31mdiag_kl_2 : 0.581380 [94mAcc_combined: 56.17 [94mAcc_c: 44.49 [94mAcc_g: 39.49 [92mF1_combined: 49.45 [92mF1_c: 42.94 [92mF1_g: 34.11 [39m
2026-07-26 05:11:36,924 - Evaluator - INFO - New best with loss-
2026-07-26 05:11:36,924 - Agent - INFO - [37mVal Epoch 37 step 37 with [31mce_loss_combined : 1.154817 [31mce_loss_c : 1.781984 [31mce_loss_g : 1.848646 [31mkl_synergy_rand_1 : 0.406138 [31mkl_synergy_rand_2 : 0.734529 [31mkl_synergy_1 : 0.393249 [31mkl_synergy_2 : 0.722502 [31mtotal : 3.411234 [31mdiag_kl_1 : 0.803356 [31mdiag_kl_2 : 0.595380 [94mAcc_combined: 62.30 [94mAcc_c: 47.38 [94mAcc_g: 37.93 [92mF1_combined: 57.19 [92mF1_c: 46.71 [92mF1_g: 30.80 [39m
2026-07-26 05:11:36,943 - Agent - INFO - [37mTest Epoch 37 step 37 with [31mce_loss_combined : 1.315156 [31mce_loss_c : 2.185319 [31mce_loss_g : 1.848855 [31mkl_synergy_rand_1 : 0.380872 [31mkl_synergy_rand_2 : 0.799900 [31mkl_synergy_1 : 0.363032 [31mkl_synergy_2 : 0.806624 [31mtotal : 3.665584 [31mdiag_kl_1 : 0.798313 [31mdiag_kl_2 : 0.561408 [94mAcc_combined: 58.18 [94mAcc_c: 44.27 [94mAcc_g: 40.93 [92mF1_combined: 50.90 [92mF1_c: 42.70 [92mF1_g: 35.58 [39m
2026-07-26 05:11:38,566 - Agent - INFO - [37mModel saved successfully at: ./data/data/2025_data/synergy/CremadPlus/v2/SynIB_RMask_U_REFABL_cremad_fold0_l1.0_ir0.5_perturbrandom_fillema_pmin0.20_refanchor_legacy.pth.tar[39m
2026-07-26 05:13:00,229 - Evaluator - INFO - New best with loss-
2026-07-26 05:13:00,229 - Agent - INFO - [37mVal Epoch 38 step 38 with [31mce_loss_combined : 1.153116 [31mce_loss_c : 1.773291 [31mce_loss_g : 1.823950 [31mkl_synergy_rand_1 : 0.400310 [31mkl_synergy_rand_2 : 0.711191 [31mkl_synergy_1 : 0.390459 [31mkl_synergy_2 : 0.706088 [31mtotal : 3.361163 [31mdiag_kl_1 : 0.795862 [31mdiag_kl_2 : 0.605071 [94mAcc_combined: 62.64 [94mAcc_c: 47.49 [94mAcc_g: 37.93 [92mF1_combined: 57.96 [92mF1_c: 46.74 [92mF1_g: 31.22 [39m
2026-07-26 05:13:00,245 - Agent - INFO - [37mTest Epoch 38 step 38 with [31mce_loss_combined : 1.316762 [31mce_loss_c : 2.153060 [31mce_loss_g : 1.819643 [31mkl_synergy_rand_1 : 0.353232 [31mkl_synergy_rand_2 : 0.780063 [31mkl_synergy_1 : 0.348669 [31mkl_synergy_2 : 0.791849 [31mtotal : 3.590576 [31mdiag_kl_1 : 0.824843 [31mdiag_kl_2 : 0.554667 [94mAcc_combined: 58.51 [94mAcc_c: 44.38 [94mAcc_g: 41.82 [92mF1_combined: 51.65 [92mF1_c: 42.89 [92mF1_g: 35.84 [39m
2026-07-26 05:13:01,885 - Agent - INFO - [37mModel saved successfully at: ./data/data/2025_data/synergy/CremadPlus/v2/SynIB_RMask_U_REFABL_cremad_fold0_l1.0_ir0.5_perturbrandom_fillema_pmin0.20_refanchor_legacy.pth.tar[39m
2026-07-26 05:14:27,943 - Agent - INFO - [37mVal Epoch 39 step 39 with [31mce_loss_combined : 1.187319 [31mce_loss_c : 1.769551 [31mce_loss_g : 1.902106 [31mkl_synergy_rand_1 : 0.407964 [31mkl_synergy_rand_2 : 0.712913 [31mkl_synergy_1 : 0.389128 [31mkl_synergy_2 : 0.712752 [31mtotal : 3.410076 [31mdiag_kl_1 : 0.816189 [31mdiag_kl_2 : 0.611134 [94mAcc_combined: 60.71 [94mAcc_c: 47.27 [94mAcc_g: 37.02 [92mF1_combined: 56.06 [92mF1_c: 46.86 [92mF1_g: 30.28 [39m
2026-07-26 05:14:27,959 - Agent - INFO - [37mTest Epoch 39 step 39 with [31mce_loss_combined : 1.345856 [31mce_loss_c : 2.168853 [31mce_loss_g : 1.882152 [31mkl_synergy_rand_1 : 0.362842 [31mkl_synergy_rand_2 : 0.785158 [31mkl_synergy_1 : 0.356704 [31mkl_synergy_2 : 0.788572 [31mtotal : 3.639132 [31mdiag_kl_1 : 0.832071 [31mdiag_kl_2 : 0.555355 [94mAcc_combined: 56.40 [94mAcc_c: 44.16 [94mAcc_g: 41.16 [92mF1_combined: 49.44 [92mF1_c: 42.85 [92mF1_g: 34.81 [39m
2026-07-26 05:15:55,966 - Agent - INFO - [37mVal Epoch 40 step 40 with [31mce_loss_combined : 1.177321 [31mce_loss_c : 1.759109 [31mce_loss_g : 1.877287 [31mkl_synergy_rand_1 : 0.393126 [31mkl_synergy_rand_2 : 0.717556 [31mkl_synergy_1 : 0.390802 [31mkl_synergy_2 : 0.716452 [31mtotal : 3.395258 [31mdiag_kl_1 : 0.820426 [31mdiag_kl_2 : 0.610438 [94mAcc_combined: 61.50 [94mAcc_c: 47.84 [94mAcc_g: 37.47 [92mF1_combined: 56.79 [92mF1_c: 47.36 [92mF1_g: 30.43 [39m
2026-07-26 05:15:55,981 - Agent - INFO - [37mTest Epoch 40 step 40 with [31mce_loss_combined : 1.331299 [31mce_loss_c : 2.163621 [31mce_loss_g : 1.871372 [31mkl_synergy_rand_1 : 0.363257 [31mkl_synergy_rand_2 : 0.772876 [31mkl_synergy_1 : 0.361580 [31mkl_synergy_2 : 0.787096 [31mtotal : 3.616109 [31mdiag_kl_1 : 0.830218 [31mdiag_kl_2 : 0.554806 [94mAcc_combined: 58.51 [94mAcc_c: 43.94 [94mAcc_g: 40.49 [92mF1_combined: 51.76 [92mF1_c: 42.60 [92mF1_g: 34.81 [39m
2026-07-26 05:17:34,269 - Agent - INFO - [37mVal Epoch 41 step 41 with [31mce_loss_combined : 1.171918 [31mce_loss_c : 1.761986 [31mce_loss_g : 1.862666 [31mkl_synergy_rand_1 : 0.398727 [31mkl_synergy_rand_2 : 0.699909 [31mkl_synergy_1 : 0.387075 [31mkl_synergy_2 : 0.704295 [31mtotal : 3.361923 [31mdiag_kl_1 : 0.815314 [31mdiag_kl_2 : 0.613928 [94mAcc_combined: 61.16 [94mAcc_c: 46.81 [94mAcc_g: 38.04 [92mF1_combined: 56.51 [92mF1_c: 46.46 [92mF1_g: 30.77 [39m
2026-07-26 05:17:34,290 - Agent - INFO - [37mTest Epoch 41 step 41 with [31mce_loss_combined : 1.335294 [31mce_loss_c : 2.168491 [31mce_loss_g : 1.879684 [31mkl_synergy_rand_1 : 0.371564 [31mkl_synergy_rand_2 : 0.768034 [31mkl_synergy_1 : 0.365837 [31mkl_synergy_2 : 0.752909 [31mtotal : 3.593638 [31mdiag_kl_1 : 0.827088 [31mdiag_kl_2 : 0.566365 [94mAcc_combined: 57.73 [94mAcc_c: 43.60 [94mAcc_g: 41.16 [92mF1_combined: 50.73 [92mF1_c: 42.49 [92mF1_g: 35.37 [39m
2026-07-26 05:19:04,014 - Agent - INFO - [37mVal Epoch 42 step 42 with [31mce_loss_combined : 1.174793 [31mce_loss_c : 1.758514 [31mce_loss_g : 1.835250 [31mkl_synergy_rand_1 : 0.383014 [31mkl_synergy_rand_2 : 0.725076 [31mkl_synergy_1 : 0.373372 [31mkl_synergy_2 : 0.726562 [31mtotal : 3.382817 [31mdiag_kl_1 : 0.822078 [31mdiag_kl_2 : 0.593966 [94mAcc_combined: 60.25 [94mAcc_c: 47.15 [94mAcc_g: 40.09 [92mF1_combined: 55.20 [92mF1_c: 46.75 [92mF1_g: 32.61 [39m
2026-07-26 05:19:04,030 - Agent - INFO - [37mTest Epoch 42 step 42 with [31mce_loss_combined : 1.355495 [31mce_loss_c : 2.138625 [31mce_loss_g : 1.865707 [31mkl_synergy_rand_1 : 0.369947 [31mkl_synergy_rand_2 : 0.761207 [31mkl_synergy_1 : 0.348419 [31mkl_synergy_2 : 0.778151 [31mtotal : 3.613219 [31mdiag_kl_1 : 0.800676 [31mdiag_kl_2 : 0.553107 [94mAcc_combined: 55.39 [94mAcc_c: 43.72 [94mAcc_g: 43.83 [92mF1_combined: 48.17 [92mF1_c: 42.46 [92mF1_g: 37.40 [39m
2026-07-26 05:20:33,652 - Agent - INFO - [37mVal Epoch 43 step 43 with [31mce_loss_combined : 1.183174 [31mce_loss_c : 1.751432 [31mce_loss_g : 1.891572 [31mkl_synergy_rand_1 : 0.386962 [31mkl_synergy_rand_2 : 0.698749 [31mkl_synergy_1 : 0.376623 [31mkl_synergy_2 : 0.700036 [31mtotal : 3.345545 [31mdiag_kl_1 : 0.833049 [31mdiag_kl_2 : 0.622305 [94mAcc_combined: 60.14 [94mAcc_c: 46.70 [94mAcc_g: 36.45 [92mF1_combined: 55.82 [92mF1_c: 46.92 [92mF1_g: 29.64 [39m
2026-07-26 05:20:33,674 - Agent - INFO - [37mTest Epoch 43 step 43 with [31mce_loss_combined : 1.346624 [31mce_loss_c : 2.116438 [31mce_loss_g : 1.904585 [31mkl_synergy_rand_1 : 0.365436 [31mkl_synergy_rand_2 : 0.774264 [31mkl_synergy_1 : 0.348554 [31mkl_synergy_2 : 0.770644 [31mtotal : 3.605523 [31mdiag_kl_1 : 0.847638 [31mdiag_kl_2 : 0.579119 [94mAcc_combined: 56.17 [94mAcc_c: 43.05 [94mAcc_g: 39.04 [92mF1_combined: 49.42 [92mF1_c: 42.37 [92mF1_g: 33.49 [39m
2026-07-26 05:21:58,450 - Agent - INFO - [37mVal Epoch 44 step 44 with [31mce_loss_combined : 1.174526 [31mce_loss_c : 1.744262 [31mce_loss_g : 1.831425 [31mkl_synergy_rand_1 : 0.381839 [31mkl_synergy_rand_2 : 0.701928 [31mkl_synergy_1 : 0.372776 [31mkl_synergy_2 : 0.707466 [31mtotal : 3.338536 [31mdiag_kl_1 : 0.833635 [31mdiag_kl_2 : 0.594528 [94mAcc_combined: 60.02 [94mAcc_c: 47.15 [94mAcc_g: 39.29 [92mF1_combined: 55.19 [92mF1_c: 47.11 [92mF1_g: 31.88 [39m
2026-07-26 05:21:58,465 - Agent - INFO - [37mTest Epoch 44 step 44 with [31mce_loss_combined : 1.340534 [31mce_loss_c : 2.115655 [31mce_loss_g : 1.830086 [31mkl_synergy_rand_1 : 0.342383 [31mkl_synergy_rand_2 : 0.752691 [31mkl_synergy_1 : 0.331764 [31mkl_synergy_2 : 0.755514 [31mtotal : 3.522884 [31mdiag_kl_1 : 0.840839 [31mdiag_kl_2 : 0.548317 [94mAcc_combined: 56.95 [94mAcc_c: 43.60 [94mAcc_g: 43.05 [92mF1_combined: 49.71 [92mF1_c: 42.59 [92mF1_g: 37.09 [39m
2026-07-26 05:23:30,071 - Agent - INFO - [37mVal Epoch 45 step 45 with [31mce_loss_combined : 1.165195 [31mce_loss_c : 1.744735 [31mce_loss_g : 1.814288 [31mkl_synergy_rand_1 : 0.379884 [31mkl_synergy_rand_2 : 0.694004 [31mkl_synergy_1 : 0.370670 [31mkl_synergy_2 : 0.695720 [31mtotal : 3.305473 [31mdiag_kl_1 : 0.831612 [31mdiag_kl_2 : 0.579921 [94mAcc_combined: 60.48 [94mAcc_c: 46.58 [94mAcc_g: 40.21 [92mF1_combined: 56.21 [92mF1_c: 46.71 [92mF1_g: 32.75 [39m
2026-07-26 05:23:30,088 - Agent - INFO - [37mTest Epoch 45 step 45 with [31mce_loss_combined : 1.332380 [31mce_loss_c : 2.114037 [31mce_loss_g : 1.820007 [31mkl_synergy_rand_1 : 0.366059 [31mkl_synergy_rand_2 : 0.753967 [31mkl_synergy_1 : 0.352203 [31mkl_synergy_2 : 0.756399 [31mtotal : 3.561007 [31mdiag_kl_1 : 0.838063 [31mdiag_kl_2 : 0.546269 [94mAcc_combined: 57.62 [94mAcc_c: 43.05 [94mAcc_g: 43.49 [92mF1_combined: 50.41 [92mF1_c: 42.31 [92mF1_g: 36.63 [39m
2026-07-26 05:24:57,846 - Agent - INFO - [37mVal Epoch 46 step 46 with [31mce_loss_combined : 1.177680 [31mce_loss_c : 1.725205 [31mce_loss_g : 1.813663 [31mkl_synergy_rand_1 : 0.373236 [31mkl_synergy_rand_2 : 0.679696 [31mkl_synergy_1 : 0.367598 [31mkl_synergy_2 : 0.685965 [31mtotal : 3.284175 [31mdiag_kl_1 : 0.827247 [31mdiag_kl_2 : 0.605819 [94mAcc_combined: 60.14 [94mAcc_c: 46.70 [94mAcc_g: 40.09 [92mF1_combined: 55.51 [92mF1_c: 46.73 [92mF1_g: 32.57 [39m
2026-07-26 05:24:57,867 - Agent - INFO - [37mTest Epoch 46 step 46 with [31mce_loss_combined : 1.337042 [31mce_loss_c : 2.104048 [31mce_loss_g : 1.807186 [31mkl_synergy_rand_1 : 0.335661 [31mkl_synergy_rand_2 : 0.740782 [31mkl_synergy_1 : 0.337496 [31mkl_synergy_2 : 0.750637 [31mtotal : 3.501618 [31mdiag_kl_1 : 0.829521 [31mdiag_kl_2 : 0.572505 [94mAcc_combined: 56.06 [94mAcc_c: 42.94 [94mAcc_g: 43.27 [92mF1_combined: 49.20 [92mF1_c: 42.24 [92mF1_g: 36.88 [39m
2026-07-26 05:26:23,232 - Agent - INFO - [37mVal Epoch 47 step 47 with [31mce_loss_combined : 1.175483 [31mce_loss_c : 1.733446 [31mce_loss_g : 1.817228 [31mkl_synergy_rand_1 : 0.381820 [31mkl_synergy_rand_2 : 0.672812 [31mkl_synergy_1 : 0.365377 [31mkl_synergy_2 : 0.670829 [31mtotal : 3.266321 [31mdiag_kl_1 : 0.817030 [31mdiag_kl_2 : 0.610363 [94mAcc_combined: 60.02 [94mAcc_c: 46.13 [94mAcc_g: 39.29 [92mF1_combined: 55.95 [92mF1_c: 46.59 [92mF1_g: 32.15 [39m
2026-07-26 05:26:23,253 - Agent - INFO - [37mTest Epoch 47 step 47 with [31mce_loss_combined : 1.327116 [31mce_loss_c : 2.087793 [31mce_loss_g : 1.811079 [31mkl_synergy_rand_1 : 0.342200 [31mkl_synergy_rand_2 : 0.741164 [31mkl_synergy_1 : 0.335122 [31mkl_synergy_2 : 0.730406 [31mtotal : 3.476007 [31mdiag_kl_1 : 0.830850 [31mdiag_kl_2 : 0.575553 [94mAcc_combined: 56.95 [94mAcc_c: 42.71 [94mAcc_g: 42.27 [92mF1_combined: 50.50 [92mF1_c: 42.10 [92mF1_g: 36.52 [39m
2026-07-26 05:27:52,907 - Agent - INFO - [37mVal Epoch 48 step 48 with [31mce_loss_combined : 1.183523 [31mce_loss_c : 1.719126 [31mce_loss_g : 1.814870 [31mkl_synergy_rand_1 : 0.370769 [31mkl_synergy_rand_2 : 0.680497 [31mkl_synergy_1 : 0.366800 [31mkl_synergy_2 : 0.687048 [31mtotal : 3.288635 [31mdiag_kl_1 : 0.855440 [31mdiag_kl_2 : 0.590305 [94mAcc_combined: 60.14 [94mAcc_c: 46.70 [94mAcc_g: 39.41 [92mF1_combined: 55.44 [92mF1_c: 46.96 [92mF1_g: 31.71 [39m
2026-07-26 05:27:52,923 - Agent - INFO - [37mTest Epoch 48 step 48 with [31mce_loss_combined : 1.343277 [31mce_loss_c : 2.079928 [31mce_loss_g : 1.809459 [31mkl_synergy_rand_1 : 0.344394 [31mkl_synergy_rand_2 : 0.748971 [31mkl_synergy_1 : 0.330701 [31mkl_synergy_2 : 0.749915 [31mtotal : 3.517257 [31mdiag_kl_1 : 0.865753 [31mdiag_kl_2 : 0.544494 [94mAcc_combined: 57.06 [94mAcc_c: 42.83 [94mAcc_g: 43.16 [92mF1_combined: 50.30 [92mF1_c: 42.22 [92mF1_g: 36.79 [39m
2026-07-26 05:29:23,465 - Agent - INFO - [37mVal Epoch 49 step 49 with [31mce_loss_combined : 1.176230 [31mce_loss_c : 1.714512 [31mce_loss_g : 1.800072 [31mkl_synergy_rand_1 : 0.366582 [31mkl_synergy_rand_2 : 0.677429 [31mkl_synergy_1 : 0.360484 [31mkl_synergy_2 : 0.686196 [31mtotal : 3.266922 [31mdiag_kl_1 : 0.856296 [31mdiag_kl_2 : 0.585168 [94mAcc_combined: 60.02 [94mAcc_c: 46.36 [94mAcc_g: 39.75 [92mF1_combined: 55.41 [92mF1_c: 46.77 [92mF1_g: 32.00 [39m
2026-07-26 05:29:23,481 - Agent - INFO - [37mTest Epoch 49 step 49 with [31mce_loss_combined : 1.339542 [31mce_loss_c : 2.072638 [31mce_loss_g : 1.797173 [31mkl_synergy_rand_1 : 0.331277 [31mkl_synergy_rand_2 : 0.732188 [31mkl_synergy_1 : 0.330342 [31mkl_synergy_2 : 0.745577 [31mtotal : 3.478926 [31mdiag_kl_1 : 0.880829 [31mdiag_kl_2 : 0.544197 [94mAcc_combined: 56.95 [94mAcc_c: 42.71 [94mAcc_g: 43.16 [92mF1_combined: 49.94 [92mF1_c: 42.03 [92mF1_g: 36.71 [39m
2026-07-26 05:30:49,505 - Agent - INFO - [37mVal Epoch 50 step 50 with [31mce_loss_combined : 1.178552 [31mce_loss_c : 1.726136 [31mce_loss_g : 1.779794 [31mkl_synergy_rand_1 : 0.374180 [31mkl_synergy_rand_2 : 0.676572 [31mkl_synergy_1 : 0.358902 [31mkl_synergy_2 : 0.678198 [31mtotal : 3.266403 [31mdiag_kl_1 : 0.857768 [31mdiag_kl_2 : 0.587825 [94mAcc_combined: 60.14 [94mAcc_c: 45.67 [94mAcc_g: 40.32 [92mF1_combined: 55.62 [92mF1_c: 46.28 [92mF1_g: 32.31 [39m
2026-07-26 05:30:49,522 - Agent - INFO - [37mTest Epoch 50 step 50 with [31mce_loss_combined : 1.343371 [31mce_loss_c : 2.083092 [31mce_loss_g : 1.774796 [31mkl_synergy_rand_1 : 0.344992 [31mkl_synergy_rand_2 : 0.735489 [31mkl_synergy_1 : 0.330327 [31mkl_synergy_2 : 0.730754 [31mtotal : 3.484933 [31mdiag_kl_1 : 0.858186 [31mdiag_kl_2 : 0.534541 [94mAcc_combined: 56.73 [94mAcc_c: 42.60 [94mAcc_g: 44.16 [92mF1_combined: 49.90 [92mF1_c: 42.14 [92mF1_g: 37.53 [39m
2026-07-26 05:32:22,902 - Agent - INFO - [37mVal Epoch 51 step 51 with [31mce_loss_combined : 1.163999 [31mce_loss_c : 1.712853 [31mce_loss_g : 1.755053 [31mkl_synergy_rand_1 : 0.364307 [31mkl_synergy_rand_2 : 0.670045 [31mkl_synergy_1 : 0.358035 [31mkl_synergy_2 : 0.671643 [31mtotal : 3.228028 [31mdiag_kl_1 : 0.839908 [31mdiag_kl_2 : 0.589582 [94mAcc_combined: 60.71 [94mAcc_c: 46.58 [94mAcc_g: 40.55 [92mF1_combined: 55.81 [92mF1_c: 46.92 [92mF1_g: 32.61 [39m
2026-07-26 05:32:22,918 - Agent - INFO - [37mTest Epoch 51 step 51 with [31mce_loss_combined : 1.333148 [31mce_loss_c : 2.074265 [31mce_loss_g : 1.774337 [31mkl_synergy_rand_1 : 0.339653 [31mkl_synergy_rand_2 : 0.723105 [31mkl_synergy_1 : 0.326777 [31mkl_synergy_2 : 0.733354 [31mtotal : 3.456037 [31mdiag_kl_1 : 0.850460 [31mdiag_kl_2 : 0.542791 [94mAcc_combined: 57.17 [94mAcc_c: 42.71 [94mAcc_g: 43.83 [92mF1_combined: 50.57 [92mF1_c: 42.09 [92mF1_g: 37.41 [39m
2026-07-26 05:33:47,394 - Agent - INFO - [37mVal Epoch 52 step 52 with [31mce_loss_combined : 1.172829 [31mce_loss_c : 1.729264 [31mce_loss_g : 1.758492 [31mkl_synergy_rand_1 : 0.364605 [31mkl_synergy_rand_2 : 0.672197 [31mkl_synergy_1 : 0.357789 [31mkl_synergy_2 : 0.674377 [31mtotal : 3.241796 [31mdiag_kl_1 : 0.853081 [31mdiag_kl_2 : 0.594329 [94mAcc_combined: 60.48 [94mAcc_c: 46.24 [94mAcc_g: 39.75 [92mF1_combined: 55.82 [92mF1_c: 46.73 [92mF1_g: 31.33 [39m
2026-07-26 05:33:47,411 - Agent - INFO - [37mTest Epoch 52 step 52 with [31mce_loss_combined : 1.341094 [31mce_loss_c : 2.060690 [31mce_loss_g : 1.795249 [31mkl_synergy_rand_1 : 0.326597 [31mkl_synergy_rand_2 : 0.735931 [31mkl_synergy_1 : 0.325213 [31mkl_synergy_2 : 0.731298 [31mtotal : 3.460133 [31mdiag_kl_1 : 0.877978 [31mdiag_kl_2 : 0.541759 [94mAcc_combined: 56.40 [94mAcc_c: 42.60 [94mAcc_g: 44.27 [92mF1_combined: 49.80 [92mF1_c: 42.02 [92mF1_g: 37.61 [39m
2026-07-26 05:35:11,912 - Agent - INFO - [37mVal Epoch 53 step 53 with [31mce_loss_combined : 1.168015 [31mce_loss_c : 1.718806 [31mce_loss_g : 1.765164 [31mkl_synergy_rand_1 : 0.361859 [31mkl_synergy_rand_2 : 0.680135 [31mkl_synergy_1 : 0.353273 [31mkl_synergy_2 : 0.679268 [31mtotal : 3.242549 [31mdiag_kl_1 : 0.847196 [31mdiag_kl_2 : 0.580847 [94mAcc_combined: 60.59 [94mAcc_c: 46.01 [94mAcc_g: 41.00 [92mF1_combined: 56.06 [92mF1_c: 46.63 [92mF1_g: 33.15 [39m
2026-07-26 05:35:11,932 - Agent - INFO - [37mTest Epoch 53 step 53 with [31mce_loss_combined : 1.333149 [31mce_loss_c : 2.048958 [31mce_loss_g : 1.787963 [31mkl_synergy_rand_1 : 0.343765 [31mkl_synergy_rand_2 : 0.746096 [31mkl_synergy_1 : 0.323838 [31mkl_synergy_2 : 0.727065 [31mtotal : 3.473914 [31mdiag_kl_1 : 0.857984 [31mdiag_kl_2 : 0.535472 [94mAcc_combined: 57.17 [94mAcc_c: 42.71 [94mAcc_g: 44.16 [92mF1_combined: 50.28 [92mF1_c: 42.20 [92mF1_g: 37.55 [39m
2026-07-26 05:36:41,044 - Agent - INFO - [37mVal Epoch 54 step 54 with [31mce_loss_combined : 1.164590 [31mce_loss_c : 1.720895 [31mce_loss_g : 1.742005 [31mkl_synergy_rand_1 : 0.364397 [31mkl_synergy_rand_2 : 0.673603 [31mkl_synergy_1 : 0.355496 [31mkl_synergy_2 : 0.672760 [31mtotal : 3.230845 [31mdiag_kl_1 : 0.855372 [31mdiag_kl_2 : 0.584583 [94mAcc_combined: 61.39 [94mAcc_c: 45.44 [94mAcc_g: 41.34 [92mF1_combined: 56.54 [92mF1_c: 46.11 [92mF1_g: 33.42 [39m
2026-07-26 05:36:41,060 - Agent - INFO - [37mTest Epoch 54 step 54 with [31mce_loss_combined : 1.332616 [31mce_loss_c : 2.050503 [31mce_loss_g : 1.767375 [31mkl_synergy_rand_1 : 0.330862 [31mkl_synergy_rand_2 : 0.737709 [31mkl_synergy_1 : 0.340464 [31mkl_synergy_2 : 0.745258 [31mtotal : 3.486908 [31mdiag_kl_1 : 0.868559 [31mdiag_kl_2 : 0.520580 [94mAcc_combined: 57.06 [94mAcc_c: 42.49 [94mAcc_g: 44.94 [92mF1_combined: 50.26 [92mF1_c: 42.05 [92mF1_g: 37.96 [39m
2026-07-26 05:38:09,437 - Evaluator - INFO - New best with loss-
2026-07-26 05:38:09,438 - Agent - INFO - [37mVal Epoch 55 step 55 with [31mce_loss_combined : 1.150607 [31mce_loss_c : 1.712299 [31mce_loss_g : 1.712371 [31mkl_synergy_rand_1 : 0.356442 [31mkl_synergy_rand_2 : 0.674668 [31mkl_synergy_1 : 0.345820 [31mkl_synergy_2 : 0.674508 [31mtotal : 3.202043 [31mdiag_kl_1 : 0.825939 [31mdiag_kl_2 : 0.588113 [94mAcc_combined: 61.62 [94mAcc_c: 46.81 [94mAcc_g: 42.26 [92mF1_combined: 56.75 [92mF1_c: 47.09 [92mF1_g: 34.43 [39m
2026-07-26 05:38:09,453 - Agent - INFO - [37mTest Epoch 55 step 55 with [31mce_loss_combined : 1.320136 [31mce_loss_c : 2.051810 [31mce_loss_g : 1.734577 [31mkl_synergy_rand_1 : 0.334595 [31mkl_synergy_rand_2 : 0.738064 [31mkl_synergy_1 : 0.326974 [31mkl_synergy_2 : 0.728308 [31mtotal : 3.448076 [31mdiag_kl_1 : 0.836317 [31mdiag_kl_2 : 0.536614 [94mAcc_combined: 57.62 [94mAcc_c: 42.71 [94mAcc_g: 45.49 [92mF1_combined: 50.89 [92mF1_c: 41.98 [92mF1_g: 38.82 [39m
2026-07-26 05:38:11,538 - Agent - INFO - [37mModel saved successfully at: ./data/data/2025_data/synergy/CremadPlus/v2/SynIB_RMask_U_REFABL_cremad_fold0_l1.0_ir0.5_perturbrandom_fillema_pmin0.20_refanchor_legacy.pth.tar[39m
2026-07-26 05:39:44,590 - Agent - INFO - [37mVal Epoch 56 step 56 with [31mce_loss_combined : 1.152096 [31mce_loss_c : 1.714397 [31mce_loss_g : 1.719473 [31mkl_synergy_rand_1 : 0.361037 [31mkl_synergy_rand_2 : 0.665592 [31mkl_synergy_1 : 0.355302 [31mkl_synergy_2 : 0.673880 [31mtotal : 3.207906 [31mdiag_kl_1 : 0.839945 [31mdiag_kl_2 : 0.590112 [94mAcc_combined: 61.96 [94mAcc_c: 46.24 [94mAcc_g: 41.57 [92mF1_combined: 57.37 [92mF1_c: 46.84 [92mF1_g: 33.41 [39m
2026-07-26 05:39:44,606 - Agent - INFO - [37mTest Epoch 56 step 56 with [31mce_loss_combined : 1.321732 [31mce_loss_c : 2.042912 [31mce_loss_g : 1.737943 [31mkl_synergy_rand_1 : 0.333631 [31mkl_synergy_rand_2 : 0.718152 [31mkl_synergy_1 : 0.326217 [31mkl_synergy_2 : 0.724477 [31mtotal : 3.424208 [31mdiag_kl_1 : 0.837069 [31mdiag_kl_2 : 0.524533 [94mAcc_combined: 57.17 [94mAcc_c: 42.38 [94mAcc_g: 45.38 [92mF1_combined: 50.42 [92mF1_c: 41.84 [92mF1_g: 38.55 [39m
2026-07-26 05:41:07,039 - Agent - INFO - [37mVal Epoch 57 step 57 with [31mce_loss_combined : 1.166091 [31mce_loss_c : 1.708215 [31mce_loss_g : 1.731389 [31mkl_synergy_rand_1 : 0.354929 [31mkl_synergy_rand_2 : 0.678801 [31mkl_synergy_1 : 0.347742 [31mkl_synergy_2 : 0.671717 [31mtotal : 3.219280 [31mdiag_kl_1 : 0.854737 [31mdiag_kl_2 : 0.573015 [94mAcc_combined: 61.62 [94mAcc_c: 45.90 [94mAcc_g: 42.26 [92mF1_combined: 56.54 [92mF1_c: 46.52 [92mF1_g: 34.24 [39m
2026-07-26 05:41:07,055 - Agent - INFO - [37mTest Epoch 57 step 57 with [31mce_loss_combined : 1.339856 [31mce_loss_c : 2.053853 [31mce_loss_g : 1.756953 [31mkl_synergy_rand_1 : 0.330633 [31mkl_synergy_rand_2 : 0.726972 [31mkl_synergy_1 : 0.334128 [31mkl_synergy_2 : 0.725081 [31mtotal : 3.456670 [31mdiag_kl_1 : 0.864615 [31mdiag_kl_2 : 0.523531 [94mAcc_combined: 56.17 [94mAcc_c: 42.38 [94mAcc_g: 45.27 [92mF1_combined: 49.40 [92mF1_c: 41.78 [92mF1_g: 38.22 [39m
2026-07-26 05:42:29,837 - Agent - INFO - [37mVal Epoch 58 step 58 with [31mce_loss_combined : 1.165337 [31mce_loss_c : 1.717496 [31mce_loss_g : 1.742520 [31mkl_synergy_rand_1 : 0.361606 [31mkl_synergy_rand_2 : 0.670686 [31mkl_synergy_1 : 0.354029 [31mkl_synergy_2 : 0.673650 [31mtotal : 3.225308 [31mdiag_kl_1 : 0.851507 [31mdiag_kl_2 : 0.577994 [94mAcc_combined: 61.39 [94mAcc_c: 45.44 [94mAcc_g: 42.03 [92mF1_combined: 56.56 [92mF1_c: 46.05 [92mF1_g: 33.98 [39m
2026-07-26 05:42:29,853 - Agent - INFO - [37mTest Epoch 58 step 58 with [31mce_loss_combined : 1.338668 [31mce_loss_c : 2.069326 [31mce_loss_g : 1.757823 [31mkl_synergy_rand_1 : 0.332507 [31mkl_synergy_rand_2 : 0.734053 [31mkl_synergy_1 : 0.334635 [31mkl_synergy_2 : 0.731139 [31mtotal : 3.471001 [31mdiag_kl_1 : 0.853110 [31mdiag_kl_2 : 0.523670 [94mAcc_combined: 56.51 [94mAcc_c: 42.38 [94mAcc_g: 45.38 [92mF1_combined: 49.70 [92mF1_c: 41.81 [92mF1_g: 38.16 [39m
2026-07-26 05:43:58,791 - Agent - INFO - [37mVal Epoch 59 step 59 with [31mce_loss_combined : 1.152317 [31mce_loss_c : 1.706381 [31mce_loss_g : 1.722063 [31mkl_synergy_rand_1 : 0.360113 [31mkl_synergy_rand_2 : 0.665630 [31mkl_synergy_1 : 0.356247 [31mkl_synergy_2 : 0.670297 [31mtotal : 3.204604 [31mdiag_kl_1 : 0.836984 [31mdiag_kl_2 : 0.585703 [94mAcc_combined: 61.39 [94mAcc_c: 46.58 [94mAcc_g: 42.94 [92mF1_combined: 56.72 [92mF1_c: 47.06 [92mF1_g: 34.91 [39m
2026-07-26 05:43:58,813 - Agent - INFO - [37mTest Epoch 59 step 59 with [31mce_loss_combined : 1.322874 [31mce_loss_c : 2.040083 [31mce_loss_g : 1.736289 [31mkl_synergy_rand_1 : 0.329113 [31mkl_synergy_rand_2 : 0.722465 [31mkl_synergy_1 : 0.324517 [31mkl_synergy_2 : 0.728134 [31mtotal : 3.427102 [31mdiag_kl_1 : 0.836112 [31mdiag_kl_2 : 0.527164 [94mAcc_combined: 57.29 [94mAcc_c: 42.38 [94mAcc_g: 45.72 [92mF1_combined: 50.51 [92mF1_c: 41.71 [92mF1_g: 38.89 [39m
2026-07-26 05:45:20,139 - Agent - INFO - [37mVal Epoch 60 step 60 with [31mce_loss_combined : 1.159971 [31mce_loss_c : 1.700396 [31mce_loss_g : 1.736978 [31mkl_synergy_rand_1 : 0.361092 [31mkl_synergy_rand_2 : 0.670186 [31mkl_synergy_1 : 0.352970 [31mkl_synergy_2 : 0.673562 [31mtotal : 3.217780 [31mdiag_kl_1 : 0.843157 [31mdiag_kl_2 : 0.581299 [94mAcc_combined: 60.93 [94mAcc_c: 46.01 [94mAcc_g: 42.03 [92mF1_combined: 56.19 [92mF1_c: 46.56 [92mF1_g: 34.12 [39m
2026-07-26 05:45:20,156 - Agent - INFO - [37mTest Epoch 60 step 60 with [31mce_loss_combined : 1.333106 [31mce_loss_c : 2.034832 [31mce_loss_g : 1.751687 [31mkl_synergy_rand_1 : 0.320730 [31mkl_synergy_rand_2 : 0.723702 [31mkl_synergy_1 : 0.328669 [31mkl_synergy_2 : 0.744976 [31mtotal : 3.451183 [31mdiag_kl_1 : 0.859977 [31mdiag_kl_2 : 0.531050 [94mAcc_combined: 56.40 [94mAcc_c: 42.38 [94mAcc_g: 45.38 [92mF1_combined: 49.68 [92mF1_c: 41.77 [92mF1_g: 38.52 [39m
2026-07-26 05:46:53,873 - Agent - INFO - [37mVal Epoch 61 step 61 with [31mce_loss_combined : 1.168100 [31mce_loss_c : 1.709655 [31mce_loss_g : 1.739556 [31mkl_synergy_rand_1 : 0.361819 [31mkl_synergy_rand_2 : 0.665765 [31mkl_synergy_1 : 0.354791 [31mkl_synergy_2 : 0.669527 [31mtotal : 3.220002 [31mdiag_kl_1 : 0.852438 [31mdiag_kl_2 : 0.577527 [94mAcc_combined: 61.05 [94mAcc_c: 45.33 [94mAcc_g: 41.91 [92mF1_combined: 56.38 [92mF1_c: 46.10 [92mF1_g: 33.88 [39m
2026-07-26 05:46:53,889 - Agent - INFO - [37mTest Epoch 61 step 61 with [31mce_loss_combined : 1.337610 [31mce_loss_c : 2.052656 [31mce_loss_g : 1.750696 [31mkl_synergy_rand_1 : 0.332653 [31mkl_synergy_rand_2 : 0.716958 [31mkl_synergy_1 : 0.330477 [31mkl_synergy_2 : 0.728478 [31mtotal : 3.446176 [31mdiag_kl_1 : 0.850917 [31mdiag_kl_2 : 0.533542 [94mAcc_combined: 56.51 [94mAcc_c: 42.49 [94mAcc_g: 45.49 [92mF1_combined: 49.83 [92mF1_c: 42.04 [92mF1_g: 38.45 [39m
2026-07-26 05:48:19,697 - Agent - INFO - [37mVal Epoch 62 step 62 with [31mce_loss_combined : 1.159908 [31mce_loss_c : 1.707304 [31mce_loss_g : 1.732975 [31mkl_synergy_rand_1 : 0.367012 [31mkl_synergy_rand_2 : 0.665015 [31mkl_synergy_1 : 0.351542 [31mkl_synergy_2 : 0.670970 [31mtotal : 3.214447 [31mdiag_kl_1 : 0.832142 [31mdiag_kl_2 : 0.583940 [94mAcc_combined: 60.93 [94mAcc_c: 45.67 [94mAcc_g: 42.37 [92mF1_combined: 56.32 [92mF1_c: 46.34 [92mF1_g: 34.00 [39m
2026-07-26 05:48:19,712 - Agent - INFO - [37mTest Epoch 62 step 62 with [31mce_loss_combined : 1.331640 [31mce_loss_c : 2.049917 [31mce_loss_g : 1.743007 [31mkl_synergy_rand_1 : 0.329636 [31mkl_synergy_rand_2 : 0.712621 [31mkl_synergy_1 : 0.314482 [31mkl_synergy_2 : 0.732619 [31mtotal : 3.420998 [31mdiag_kl_1 : 0.841572 [31mdiag_kl_2 : 0.536073 [94mAcc_combined: 56.51 [94mAcc_c: 42.05 [94mAcc_g: 45.49 [92mF1_combined: 49.76 [92mF1_c: 41.63 [92mF1_g: 38.36 [39m
2026-07-26 05:49:48,142 - Agent - INFO - [37mVal Epoch 63 step 63 with [31mce_loss_combined : 1.165388 [31mce_loss_c : 1.721123 [31mce_loss_g : 1.737366 [31mkl_synergy_rand_1 : 0.366158 [31mkl_synergy_rand_2 : 0.670078 [31mkl_synergy_1 : 0.354915 [31mkl_synergy_2 : 0.665168 [31mtotal : 3.221707 [31mdiag_kl_1 : 0.856147 [31mdiag_kl_2 : 0.578563 [94mAcc_combined: 60.93 [94mAcc_c: 44.65 [94mAcc_g: 42.60 [92mF1_combined: 56.51 [92mF1_c: 45.53 [92mF1_g: 34.33 [39m
2026-07-26 05:49:48,160 - Agent - INFO - [37mTest Epoch 63 step 63 with [31mce_loss_combined : 1.335163 [31mce_loss_c : 2.070084 [31mce_loss_g : 1.746712 [31mkl_synergy_rand_1 : 0.333835 [31mkl_synergy_rand_2 : 0.724051 [31mkl_synergy_1 : 0.328580 [31mkl_synergy_2 : 0.723522 [31mtotal : 3.445150 [31mdiag_kl_1 : 0.854337 [31mdiag_kl_2 : 0.530805 [94mAcc_combined: 56.40 [94mAcc_c: 42.05 [94mAcc_g: 45.94 [92mF1_combined: 49.76 [92mF1_c: 41.63 [92mF1_g: 39.15 [39m
2026-07-26 05:51:24,428 - Agent - INFO - [37mVal Epoch 64 step 64 with [31mce_loss_combined : 1.173611 [31mce_loss_c : 1.718165 [31mce_loss_g : 1.754947 [31mkl_synergy_rand_1 : 0.374413 [31mkl_synergy_rand_2 : 0.666063 [31mkl_synergy_1 : 0.360021 [31mkl_synergy_2 : 0.672323 [31mtotal : 3.246432 [31mdiag_kl_1 : 0.852491 [31mdiag_kl_2 : 0.581214 [94mAcc_combined: 60.36 [94mAcc_c: 44.87 [94mAcc_g: 41.69 [92mF1_combined: 55.91 [92mF1_c: 45.67 [92mF1_g: 34.03 [39m
2026-07-26 05:51:24,444 - Agent - INFO - [37mTest Epoch 64 step 64 with [31mce_loss_combined : 1.337638 [31mce_loss_c : 2.076163 [31mce_loss_g : 1.752069 [31mkl_synergy_rand_1 : 0.340073 [31mkl_synergy_rand_2 : 0.717006 [31mkl_synergy_1 : 0.326072 [31mkl_synergy_2 : 0.722634 [31mtotal : 3.443423 [31mdiag_kl_1 : 0.845845 [31mdiag_kl_2 : 0.533907 [94mAcc_combined: 56.28 [94mAcc_c: 42.05 [94mAcc_g: 45.83 [92mF1_combined: 49.40 [92mF1_c: 41.56 [92mF1_g: 39.06 [39m
2026-07-26 05:52:55,421 - Agent - INFO - [37mVal Epoch 65 step 65 with [31mce_loss_combined : 1.176323 [31mce_loss_c : 1.697769 [31mce_loss_g : 1.762489 [31mkl_synergy_rand_1 : 0.364124 [31mkl_synergy_rand_2 : 0.669091 [31mkl_synergy_1 : 0.356855 [31mkl_synergy_2 : 0.669546 [31mtotal : 3.235939 [31mdiag_kl_1 : 0.857469 [31mdiag_kl_2 : 0.593370 [94mAcc_combined: 60.02 [94mAcc_c: 45.90 [94mAcc_g: 41.46 [92mF1_combined: 55.73 [92mF1_c: 46.51 [92mF1_g: 33.04 [39m
2026-07-26 05:52:55,437 - Agent - INFO - [37mTest Epoch 65 step 65 with [31mce_loss_combined : 1.347419 [31mce_loss_c : 2.036133 [31mce_loss_g : 1.756981 [31mkl_synergy_rand_1 : 0.339156 [31mkl_synergy_rand_2 : 0.716142 [31mkl_synergy_1 : 0.338013 [31mkl_synergy_2 : 0.743667 [31mtotal : 3.484398 [31mdiag_kl_1 : 0.852989 [31mdiag_kl_2 : 0.535306 [94mAcc_combined: 55.51 [94mAcc_c: 42.27 [94mAcc_g: 45.61 [92mF1_combined: 48.17 [92mF1_c: 41.74 [92mF1_g: 38.57 [39m
2026-07-26 05:54:32,432 - Agent - INFO - [37mVal Epoch 66 step 66 with [31mce_loss_combined : 1.173861 [31mce_loss_c : 1.681586 [31mce_loss_g : 1.745241 [31mkl_synergy_rand_1 : 0.355377 [31mkl_synergy_rand_2 : 0.658665 [31mkl_synergy_1 : 0.351194 [31mkl_synergy_2 : 0.659931 [31mtotal : 3.199028 [31mdiag_kl_1 : 0.853184 [31mdiag_kl_2 : 0.595308 [94mAcc_combined: 59.57 [94mAcc_c: 46.36 [94mAcc_g: 42.82 [92mF1_combined: 55.51 [92mF1_c: 46.88 [92mF1_g: 35.16 [39m
2026-07-26 05:54:32,452 - Agent - INFO - [37mTest Epoch 66 step 66 with [31mce_loss_combined : 1.337883 [31mce_loss_c : 2.005254 [31mce_loss_g : 1.745715 [31mkl_synergy_rand_1 : 0.318877 [31mkl_synergy_rand_2 : 0.713021 [31mkl_synergy_1 : 0.314093 [31mkl_synergy_2 : 0.707447 [31mtotal : 3.391322 [31mdiag_kl_1 : 0.835223 [31mdiag_kl_2 : 0.570003 [94mAcc_combined: 56.28 [94mAcc_c: 42.60 [94mAcc_g: 45.38 [92mF1_combined: 49.71 [92mF1_c: 41.99 [92mF1_g: 38.81 [39m
2026-07-26 05:56:03,653 - Agent - INFO - [37mVal Epoch 67 step 67 with [31mce_loss_combined : 1.168303 [31mce_loss_c : 1.689760 [31mce_loss_g : 1.777516 [31mkl_synergy_rand_1 : 0.374091 [31mkl_synergy_rand_2 : 0.658404 [31mkl_synergy_1 : 0.364258 [31mkl_synergy_2 : 0.673064 [31mtotal : 3.238121 [31mdiag_kl_1 : 0.866163 [31mdiag_kl_2 : 0.605766 [94mAcc_combined: 60.59 [94mAcc_c: 45.10 [94mAcc_g: 42.60 [92mF1_combined: 55.93 [92mF1_c: 45.95 [92mF1_g: 33.63 [39m
2026-07-26 05:56:03,669 - Agent - INFO - [37mTest Epoch 67 step 67 with [31mce_loss_combined : 1.333654 [31mce_loss_c : 2.017759 [31mce_loss_g : 1.753562 [31mkl_synergy_rand_1 : 0.312673 [31mkl_synergy_rand_2 : 0.722856 [31mkl_synergy_1 : 0.323499 [31mkl_synergy_2 : 0.742213 [31mtotal : 3.434896 [31mdiag_kl_1 : 0.885618 [31mdiag_kl_2 : 0.532593 [94mAcc_combined: 56.06 [94mAcc_c: 41.82 [94mAcc_g: 47.50 [92mF1_combined: 48.64 [92mF1_c: 41.51 [92mF1_g: 39.18 [39m
2026-07-26 05:57:37,964 - Agent - INFO - [37mVal Epoch 68 step 68 with [31mce_loss_combined : 1.168560 [31mce_loss_c : 1.680555 [31mce_loss_g : 1.723953 [31mkl_synergy_rand_1 : 0.352192 [31mkl_synergy_rand_2 : 0.680185 [31mkl_synergy_1 : 0.337854 [31mkl_synergy_2 : 0.686566 [31mtotal : 3.225357 [31mdiag_kl_1 : 0.872932 [31mdiag_kl_2 : 0.548972 [94mAcc_combined: 59.57 [94mAcc_c: 45.10 [94mAcc_g: 45.67 [92mF1_combined: 54.40 [92mF1_c: 45.68 [92mF1_g: 37.24 [39m
2026-07-26 05:57:37,980 - Agent - INFO - [37mTest Epoch 68 step 68 with [31mce_loss_combined : 1.328287 [31mce_loss_c : 2.014993 [31mce_loss_g : 1.712454 [31mkl_synergy_rand_1 : 0.319215 [31mkl_synergy_rand_2 : 0.708478 [31mkl_synergy_1 : 0.314302 [31mkl_synergy_2 : 0.742307 [31mtotal : 3.412590 [31mdiag_kl_1 : 0.855260 [31mdiag_kl_2 : 0.510912 [94mAcc_combined: 55.84 [94mAcc_c: 42.16 [94mAcc_g: 48.16 [92mF1_combined: 48.44 [92mF1_c: 41.54 [92mF1_g: 39.45 [39m
2026-07-26 05:59:07,021 - Agent - INFO - [37mVal Epoch 69 step 69 with [31mce_loss_combined : 1.191104 [31mce_loss_c : 1.674478 [31mce_loss_g : 1.755347 [31mkl_synergy_rand_1 : 0.355764 [31mkl_synergy_rand_2 : 0.665412 [31mkl_synergy_1 : 0.346859 [31mkl_synergy_2 : 0.669024 [31mtotal : 3.228163 [31mdiag_kl_1 : 0.910700 [31mdiag_kl_2 : 0.571773 [94mAcc_combined: 59.11 [94mAcc_c: 44.76 [94mAcc_g: 44.19 [92mF1_combined: 55.13 [92mF1_c: 45.76 [92mF1_g: 36.65 [39m
2026-07-26 05:59:07,039 - Agent - INFO - [37mTest Epoch 69 step 69 with [31mce_loss_combined : 1.335520 [31mce_loss_c : 1.985658 [31mce_loss_g : 1.712180 [31mkl_synergy_rand_1 : 0.314689 [31mkl_synergy_rand_2 : 0.710905 [31mkl_synergy_1 : 0.309078 [31mkl_synergy_2 : 0.707043 [31mtotal : 3.377235 [31mdiag_kl_1 : 0.896361 [31mdiag_kl_2 : 0.524984 [94mAcc_combined: 54.73 [94mAcc_c: 42.16 [94mAcc_g: 47.05 [92mF1_combined: 47.76 [92mF1_c: 41.84 [92mF1_g: 39.38 [39m
2026-07-26 06:00:44,835 - Agent - INFO - [37mVal Epoch 70 step 70 with [31mce_loss_combined : 1.160741 [31mce_loss_c : 1.644546 [31mce_loss_g : 1.711898 [31mkl_synergy_rand_1 : 0.351850 [31mkl_synergy_rand_2 : 0.648994 [31mkl_synergy_1 : 0.334079 [31mkl_synergy_2 : 0.655884 [31mtotal : 3.151548 [31mdiag_kl_1 : 0.868674 [31mdiag_kl_2 : 0.567399 [94mAcc_combined: 60.93 [94mAcc_c: 45.44 [94mAcc_g: 44.65 [92mF1_combined: 56.52 [92mF1_c: 46.14 [92mF1_g: 37.27 [39m
2026-07-26 06:00:44,852 - Agent - INFO - [37mTest Epoch 70 step 70 with [31mce_loss_combined : 1.320328 [31mce_loss_c : 1.952695 [31mce_loss_g : 1.705795 [31mkl_synergy_rand_1 : 0.312239 [31mkl_synergy_rand_2 : 0.688364 [31mkl_synergy_1 : 0.302174 [31mkl_synergy_2 : 0.709625 [31mtotal : 3.332730 [31mdiag_kl_1 : 0.878607 [31mdiag_kl_2 : 0.520975 [94mAcc_combined: 55.84 [94mAcc_c: 42.83 [94mAcc_g: 48.83 [92mF1_combined: 48.66 [92mF1_c: 42.16 [92mF1_g: 40.92 [39m
2026-07-26 06:02:13,198 - Agent - INFO - [37mVal Epoch 71 step 71 with [31mce_loss_combined : 1.189326 [31mce_loss_c : 1.642647 [31mce_loss_g : 1.788249 [31mkl_synergy_rand_1 : 0.354029 [31mkl_synergy_rand_2 : 0.647767 [31mkl_synergy_1 : 0.345312 [31mkl_synergy_2 : 0.650299 [31mtotal : 3.186733 [31mdiag_kl_1 : 0.872233 [31mdiag_kl_2 : 0.578187 [94mAcc_combined: 59.34 [94mAcc_c: 45.79 [94mAcc_g: 43.85 [92mF1_combined: 54.94 [92mF1_c: 46.26 [92mF1_g: 35.83 [39m
2026-07-26 06:02:13,222 - Agent - INFO - [37mTest Epoch 71 step 71 with [31mce_loss_combined : 1.323453 [31mce_loss_c : 1.945687 [31mce_loss_g : 1.748725 [31mkl_synergy_rand_1 : 0.318666 [31mkl_synergy_rand_2 : 0.699814 [31mkl_synergy_1 : 0.327072 [31mkl_synergy_2 : 0.713812 [31mtotal : 3.382817 [31mdiag_kl_1 : 0.877396 [31mdiag_kl_2 : 0.542206 [94mAcc_combined: 55.84 [94mAcc_c: 41.94 [94mAcc_g: 45.05 [92mF1_combined: 49.38 [92mF1_c: 41.16 [92mF1_g: 38.14 [39m
2026-07-26 06:03:36,391 - Agent - INFO - [37mVal Epoch 72 step 72 with [31mce_loss_combined : 1.193769 [31mce_loss_c : 1.637653 [31mce_loss_g : 1.774144 [31mkl_synergy_rand_1 : 0.361178 [31mkl_synergy_rand_2 : 0.660374 [31mkl_synergy_1 : 0.349362 [31mkl_synergy_2 : 0.672136 [31mtotal : 3.236820 [31mdiag_kl_1 : 0.910634 [31mdiag_kl_2 : 0.564787 [94mAcc_combined: 58.88 [94mAcc_c: 45.33 [94mAcc_g: 44.76 [92mF1_combined: 53.88 [92mF1_c: 45.81 [92mF1_g: 35.96 [39m
2026-07-26 06:03:36,407 - Agent - INFO - [37mTest Epoch 72 step 72 with [31mce_loss_combined : 1.384626 [31mce_loss_c : 1.935819 [31mce_loss_g : 1.819953 [31mkl_synergy_rand_1 : 0.313317 [31mkl_synergy_rand_2 : 0.684888 [31mkl_synergy_1 : 0.310358 [31mkl_synergy_2 : 0.700230 [31mtotal : 3.393419 [31mdiag_kl_1 : 0.895105 [31mdiag_kl_2 : 0.510136 [94mAcc_combined: 52.50 [94mAcc_c: 41.49 [94mAcc_g: 46.72 [92mF1_combined: 45.10 [92mF1_c: 40.69 [92mF1_g: 38.56 [39m
2026-07-26 06:05:05,927 - Agent - INFO - [37mVal Epoch 73 step 73 with [31mce_loss_combined : 1.171324 [31mce_loss_c : 1.636525 [31mce_loss_g : 1.705643 [31mkl_synergy_rand_1 : 0.361681 [31mkl_synergy_rand_2 : 0.590647 [31mkl_synergy_1 : 0.356686 [31mkl_synergy_2 : 0.599483 [31mtotal : 3.079821 [31mdiag_kl_1 : 0.860057 [31mdiag_kl_2 : 0.607527 [94mAcc_combined: 59.68 [94mAcc_c: 44.87 [94mAcc_g: 43.51 [92mF1_combined: 56.86 [92mF1_c: 45.37 [92mF1_g: 36.14 [39m
2026-07-26 06:05:05,944 - Agent - INFO - [37mTest Epoch 73 step 73 with [31mce_loss_combined : 1.319345 [31mce_loss_c : 1.939475 [31mce_loss_g : 1.672650 [31mkl_synergy_rand_1 : 0.309678 [31mkl_synergy_rand_2 : 0.637963 [31mkl_synergy_1 : 0.310167 [31mkl_synergy_2 : 0.669964 [31mtotal : 3.247117 [31mdiag_kl_1 : 0.858289 [31mdiag_kl_2 : 0.557035 [94mAcc_combined: 55.73 [94mAcc_c: 41.49 [94mAcc_g: 48.50 [92mF1_combined: 49.99 [92mF1_c: 40.68 [92mF1_g: 40.97 [39m
2026-07-26 06:06:37,244 - Agent - INFO - [37mVal Epoch 74 step 74 with [31mce_loss_combined : 1.179206 [31mce_loss_c : 1.615712 [31mce_loss_g : 1.691445 [31mkl_synergy_rand_1 : 0.350626 [31mkl_synergy_rand_2 : 0.633134 [31mkl_synergy_1 : 0.340477 [31mkl_synergy_2 : 0.643700 [31mtotal : 3.147143 [31mdiag_kl_1 : 0.898525 [31mdiag_kl_2 : 0.564893 [94mAcc_combined: 58.88 [94mAcc_c: 44.87 [94mAcc_g: 45.90 [92mF1_combined: 53.67 [92mF1_c: 45.40 [92mF1_g: 36.66 [39m
2026-07-26 06:06:37,264 - Agent - INFO - [37mTest Epoch 74 step 74 with [31mce_loss_combined : 1.369577 [31mce_loss_c : 1.920591 [31mce_loss_g : 1.738665 [31mkl_synergy_rand_1 : 0.309352 [31mkl_synergy_rand_2 : 0.665756 [31mkl_synergy_1 : 0.310536 [31mkl_synergy_2 : 0.680975 [31mtotal : 3.336196 [31mdiag_kl_1 : 0.891897 [31mdiag_kl_2 : 0.513299 [94mAcc_combined: 53.84 [94mAcc_c: 40.93 [94mAcc_g: 48.05 [92mF1_combined: 46.40 [92mF1_c: 40.10 [92mF1_g: 39.36 [39m
2026-07-26 06:08:12,756 - Agent - INFO - [37mVal Epoch 75 step 75 with [31mce_loss_combined : 1.166846 [31mce_loss_c : 1.600413 [31mce_loss_g : 1.685192 [31mkl_synergy_rand_1 : 0.336364 [31mkl_synergy_rand_2 : 0.636153 [31mkl_synergy_1 : 0.322906 [31mkl_synergy_2 : 0.641789 [31mtotal : 3.104058 [31mdiag_kl_1 : 0.872574 [31mdiag_kl_2 : 0.564625 [94mAcc_combined: 60.82 [94mAcc_c: 45.79 [94mAcc_g: 44.99 [92mF1_combined: 56.02 [92mF1_c: 45.82 [92mF1_g: 37.11 [39m
2026-07-26 06:08:12,777 - Agent - INFO - [37mTest Epoch 75 step 75 with [31mce_loss_combined : 1.331263 [31mce_loss_c : 1.906033 [31mce_loss_g : 1.675859 [31mkl_synergy_rand_1 : 0.296717 [31mkl_synergy_rand_2 : 0.668408 [31mkl_synergy_1 : 0.297464 [31mkl_synergy_2 : 0.668996 [31mtotal : 3.262848 [31mdiag_kl_1 : 0.849232 [31mdiag_kl_2 : 0.527239 [94mAcc_combined: 55.62 [94mAcc_c: 41.38 [94mAcc_g: 48.61 [92mF1_combined: 48.54 [92mF1_c: 40.19 [92mF1_g: 40.49 [39m
2026-07-26 06:09:45,226 - Agent - INFO - [37mVal Epoch 76 step 76 with [31mce_loss_combined : 1.154472 [31mce_loss_c : 1.618117 [31mce_loss_g : 1.658251 [31mkl_synergy_rand_1 : 0.359344 [31mkl_synergy_rand_2 : 0.588089 [31mkl_synergy_1 : 0.352011 [31mkl_synergy_2 : 0.595528 [31mtotal : 3.049442 [31mdiag_kl_1 : 0.877134 [31mdiag_kl_2 : 0.594382 [94mAcc_combined: 59.79 [94mAcc_c: 45.10 [94mAcc_g: 44.87 [92mF1_combined: 56.14 [92mF1_c: 45.49 [92mF1_g: 36.87 [39m
2026-07-26 06:09:45,243 - Agent - INFO - [37mTest Epoch 76 step 76 with [31mce_loss_combined : 1.334453 [31mce_loss_c : 1.892365 [31mce_loss_g : 1.685528 [31mkl_synergy_rand_1 : 0.327752 [31mkl_synergy_rand_2 : 0.636930 [31mkl_synergy_1 : 0.323997 [31mkl_synergy_2 : 0.648841 [31mtotal : 3.271974 [31mdiag_kl_1 : 0.885805 [31mdiag_kl_2 : 0.537108 [94mAcc_combined: 55.17 [94mAcc_c: 41.49 [94mAcc_g: 48.50 [92mF1_combined: 48.08 [92mF1_c: 40.61 [92mF1_g: 40.28 [39m
2026-07-26 06:11:21,809 - Agent - INFO - [37mVal Epoch 77 step 77 with [31mce_loss_combined : 1.168052 [31mce_loss_c : 1.614340 [31mce_loss_g : 1.653427 [31mkl_synergy_rand_1 : 0.349775 [31mkl_synergy_rand_2 : 0.605128 [31mkl_synergy_1 : 0.337700 [31mkl_synergy_2 : 0.607677 [31mtotal : 3.068333 [31mdiag_kl_1 : 0.897536 [31mdiag_kl_2 : 0.582410 [94mAcc_combined: 59.79 [94mAcc_c: 45.56 [94mAcc_g: 47.72 [92mF1_combined: 55.44 [92mF1_c: 45.80 [92mF1_g: 38.59 [39m
2026-07-26 06:11:21,830 - Agent - INFO - [37mTest Epoch 77 step 77 with [31mce_loss_combined : 1.353815 [31mce_loss_c : 1.888003 [31mce_loss_g : 1.709441 [31mkl_synergy_rand_1 : 0.318220 [31mkl_synergy_rand_2 : 0.644803 [31mkl_synergy_1 : 0.316193 [31mkl_synergy_2 : 0.651390 [31mtotal : 3.284422 [31mdiag_kl_1 : 0.891162 [31mdiag_kl_2 : 0.517305 [94mAcc_combined: 54.17 [94mAcc_c: 41.60 [94mAcc_g: 48.16 [92mF1_combined: 46.85 [92mF1_c: 40.60 [92mF1_g: 39.01 [39m
2026-07-26 06:12:44,123 - Evaluator - INFO - New best with loss-
2026-07-26 06:12:44,124 - Agent - INFO - [37mVal Epoch 78 step 78 with [31mce_loss_combined : 1.148381 [31mce_loss_c : 1.585702 [31mce_loss_g : 1.634794 [31mkl_synergy_rand_1 : 0.355225 [31mkl_synergy_rand_2 : 0.585858 [31mkl_synergy_1 : 0.340137 [31mkl_synergy_2 : 0.589658 [31mtotal : 3.019260 [31mdiag_kl_1 : 0.876947 [31mdiag_kl_2 : 0.568352 [94mAcc_combined: 60.25 [94mAcc_c: 46.01 [94mAcc_g: 46.13 [92mF1_combined: 56.14 [92mF1_c: 46.04 [92mF1_g: 37.00 [39m
2026-07-26 06:12:44,145 - Agent - INFO - [37mTest Epoch 78 step 78 with [31mce_loss_combined : 1.355732 [31mce_loss_c : 1.873258 [31mce_loss_g : 1.703304 [31mkl_synergy_rand_1 : 0.319773 [31mkl_synergy_rand_2 : 0.620409 [31mkl_synergy_1 : 0.330313 [31mkl_synergy_2 : 0.646361 [31mtotal : 3.272588 [31mdiag_kl_1 : 0.870265 [31mdiag_kl_2 : 0.519025 [94mAcc_combined: 53.62 [94mAcc_c: 40.93 [94mAcc_g: 49.17 [92mF1_combined: 46.34 [92mF1_c: 39.90 [92mF1_g: 40.07 [39m
2026-07-26 06:12:45,986 - Agent - INFO - [37mModel saved successfully at: ./data/data/2025_data/synergy/CremadPlus/v2/SynIB_RMask_U_REFABL_cremad_fold0_l1.0_ir0.5_perturbrandom_fillema_pmin0.20_refanchor_legacy.pth.tar[39m
2026-07-26 06:14:11,509 - Agent - INFO - [37mVal Epoch 79 step 79 with [31mce_loss_combined : 1.163460 [31mce_loss_c : 1.600886 [31mce_loss_g : 1.651299 [31mkl_synergy_rand_1 : 0.349312 [31mkl_synergy_rand_2 : 0.594667 [31mkl_synergy_1 : 0.339257 [31mkl_synergy_2 : 0.604366 [31mtotal : 3.051063 [31mdiag_kl_1 : 0.887790 [31mdiag_kl_2 : 0.579039 [94mAcc_combined: 59.34 [94mAcc_c: 45.10 [94mAcc_g: 45.79 [92mF1_combined: 55.57 [92mF1_c: 45.23 [92mF1_g: 37.31 [39m
2026-07-26 06:14:11,526 - Agent - INFO - [37mTest Epoch 79 step 79 with [31mce_loss_combined : 1.368064 [31mce_loss_c : 1.876955 [31mce_loss_g : 1.718041 [31mkl_synergy_rand_1 : 0.319654 [31mkl_synergy_rand_2 : 0.637948 [31mkl_synergy_1 : 0.337028 [31mkl_synergy_2 : 0.660037 [31mtotal : 3.322730 [31mdiag_kl_1 : 0.865297 [31mdiag_kl_2 : 0.525849 [94mAcc_combined: 53.73 [94mAcc_c: 41.27 [94mAcc_g: 48.72 [92mF1_combined: 46.61 [92mF1_c: 40.16 [92mF1_g: 39.68 [39m
2026-07-26 06:15:39,235 - Agent - INFO - [37mVal Epoch 80 step 80 with [31mce_loss_combined : 1.186360 [31mce_loss_c : 1.587751 [31mce_loss_g : 1.717477 [31mkl_synergy_rand_1 : 0.352018 [31mkl_synergy_rand_2 : 0.611764 [31mkl_synergy_1 : 0.344519 [31mkl_synergy_2 : 0.611658 [31mtotal : 3.106319 [31mdiag_kl_1 : 0.936102 [31mdiag_kl_2 : 0.569765 [94mAcc_combined: 58.43 [94mAcc_c: 44.99 [94mAcc_g: 47.38 [92mF1_combined: 53.59 [92mF1_c: 45.16 [92mF1_g: 37.60 [39m
2026-07-26 06:15:39,252 - Agent - INFO - [37mTest Epoch 80 step 80 with [31mce_loss_combined : 1.384287 [31mce_loss_c : 1.857155 [31mce_loss_g : 1.770093 [31mkl_synergy_rand_1 : 0.326286 [31mkl_synergy_rand_2 : 0.637727 [31mkl_synergy_1 : 0.318060 [31mkl_synergy_2 : 0.657938 [31mtotal : 3.324299 [31mdiag_kl_1 : 0.923539 [31mdiag_kl_2 : 0.492515 [94mAcc_combined: 52.50 [94mAcc_c: 41.60 [94mAcc_g: 46.72 [92mF1_combined: 44.83 [92mF1_c: 40.51 [92mF1_g: 37.73 [39m
2026-07-26 06:17:05,842 - Agent - INFO - [37mVal Epoch 81 step 81 with [31mce_loss_combined : 1.152015 [31mce_loss_c : 1.579796 [31mce_loss_g : 1.635674 [31mkl_synergy_rand_1 : 0.341617 [31mkl_synergy_rand_2 : 0.583640 [31mkl_synergy_1 : 0.329194 [31mkl_synergy_2 : 0.584755 [31mtotal : 2.991221 [31mdiag_kl_1 : 0.872776 [31mdiag_kl_2 : 0.570489 [94mAcc_combined: 59.91 [94mAcc_c: 45.22 [94mAcc_g: 47.72 [92mF1_combined: 55.37 [92mF1_c: 45.48 [92mF1_g: 38.65 [39m
2026-07-26 06:17:05,862 - Agent - INFO - [37mTest Epoch 81 step 81 with [31mce_loss_combined : 1.336389 [31mce_loss_c : 1.828309 [31mce_loss_g : 1.690371 [31mkl_synergy_rand_1 : 0.318096 [31mkl_synergy_rand_2 : 0.620418 [31mkl_synergy_1 : 0.323903 [31mkl_synergy_2 : 0.636835 [31mtotal : 3.235642 [31mdiag_kl_1 : 0.875609 [31mdiag_kl_2 : 0.501353 [94mAcc_combined: 55.39 [94mAcc_c: 41.49 [94mAcc_g: 48.83 [92mF1_combined: 48.60 [92mF1_c: 40.50 [92mF1_g: 40.28 [39m
2026-07-26 06:18:34,472 - Agent - INFO - [37mVal Epoch 82 step 82 with [31mce_loss_combined : 1.171142 [31mce_loss_c : 1.564799 [31mce_loss_g : 1.684407 [31mkl_synergy_rand_1 : 0.352993 [31mkl_synergy_rand_2 : 0.591698 [31mkl_synergy_1 : 0.344925 [31mkl_synergy_2 : 0.589753 [31mtotal : 3.050513 [31mdiag_kl_1 : 0.906870 [31mdiag_kl_2 : 0.570671 [94mAcc_combined: 58.54 [94mAcc_c: 45.79 [94mAcc_g: 47.95 [92mF1_combined: 54.26 [92mF1_c: 45.72 [92mF1_g: 38.49 [39m
2026-07-26 06:18:34,489 - Agent - INFO - [37mTest Epoch 82 step 82 with [31mce_loss_combined : 1.368738 [31mce_loss_c : 1.828001 [31mce_loss_g : 1.744891 [31mkl_synergy_rand_1 : 0.331863 [31mkl_synergy_rand_2 : 0.621870 [31mkl_synergy_1 : 0.311494 [31mkl_synergy_2 : 0.629358 [31mtotal : 3.263323 [31mdiag_kl_1 : 0.909008 [31mdiag_kl_2 : 0.502199 [94mAcc_combined: 53.62 [94mAcc_c: 41.60 [94mAcc_g: 46.83 [92mF1_combined: 46.46 [92mF1_c: 40.30 [92mF1_g: 38.27 [39m
2026-07-26 06:20:00,415 - Agent - INFO - [37mVal Epoch 83 step 83 with [31mce_loss_combined : 1.157881 [31mce_loss_c : 1.568204 [31mce_loss_g : 1.634318 [31mkl_synergy_rand_1 : 0.341993 [31mkl_synergy_rand_2 : 0.579757 [31mkl_synergy_1 : 0.336573 [31mkl_synergy_2 : 0.582323 [31mtotal : 2.998526 [31mdiag_kl_1 : 0.897423 [31mdiag_kl_2 : 0.575128 [94mAcc_combined: 59.00 [94mAcc_c: 45.44 [94mAcc_g: 48.41 [92mF1_combined: 55.05 [92mF1_c: 45.30 [92mF1_g: 38.99 [39m
2026-07-26 06:20:00,436 - Agent - INFO - [37mTest Epoch 83 step 83 with [31mce_loss_combined : 1.333588 [31mce_loss_c : 1.821978 [31mce_loss_g : 1.666156 [31mkl_synergy_rand_1 : 0.308588 [31mkl_synergy_rand_2 : 0.632769 [31mkl_synergy_1 : 0.310644 [31mkl_synergy_2 : 0.633300 [31mtotal : 3.218888 [31mdiag_kl_1 : 0.898628 [31mdiag_kl_2 : 0.509051 [94mAcc_combined: 54.62 [94mAcc_c: 41.60 [94mAcc_g: 49.39 [92mF1_combined: 48.58 [92mF1_c: 40.34 [92mF1_g: 40.80 [39m
2026-07-26 06:21:29,517 - Evaluator - INFO - New best with loss-
2026-07-26 06:21:29,517 - Agent - INFO - [37mVal Epoch 84 step 84 with [31mce_loss_combined : 1.146991 [31mce_loss_c : 1.551434 [31mce_loss_g : 1.638128 [31mkl_synergy_rand_1 : 0.346652 [31mkl_synergy_rand_2 : 0.578486 [31mkl_synergy_1 : 0.325281 [31mkl_synergy_2 : 0.585158 [31mtotal : 2.982568 [31mdiag_kl_1 : 0.876147 [31mdiag_kl_2 : 0.555983 [94mAcc_combined: 60.14 [94mAcc_c: 46.36 [94mAcc_g: 48.18 [92mF1_combined: 55.41 [92mF1_c: 46.07 [92mF1_g: 39.66 [39m
2026-07-26 06:21:29,536 - Agent - INFO - [37mTest Epoch 84 step 84 with [31mce_loss_combined : 1.332406 [31mce_loss_c : 1.795964 [31mce_loss_g : 1.674801 [31mkl_synergy_rand_1 : 0.304166 [31mkl_synergy_rand_2 : 0.612449 [31mkl_synergy_1 : 0.305702 [31mkl_synergy_2 : 0.630199 [31mtotal : 3.184922 [31mdiag_kl_1 : 0.881397 [31mdiag_kl_2 : 0.508113 [94mAcc_combined: 54.95 [94mAcc_c: 41.49 [94mAcc_g: 48.83 [92mF1_combined: 48.13 [92mF1_c: 40.14 [92mF1_g: 39.97 [39m
2026-07-26 06:21:31,365 - Agent - INFO - [37mModel saved successfully at: ./data/data/2025_data/synergy/CremadPlus/v2/SynIB_RMask_U_REFABL_cremad_fold0_l1.0_ir0.5_perturbrandom_fillema_pmin0.20_refanchor_legacy.pth.tar[39m
2026-07-26 06:23:07,679 - Agent - INFO - [37mVal Epoch 85 step 85 with [31mce_loss_combined : 1.166308 [31mce_loss_c : 1.569870 [31mce_loss_g : 1.629549 [31mkl_synergy_rand_1 : 0.349677 [31mkl_synergy_rand_2 : 0.562499 [31mkl_synergy_1 : 0.335360 [31mkl_synergy_2 : 0.568329 [31mtotal : 2.982173 [31mdiag_kl_1 : 0.897058 [31mdiag_kl_2 : 0.579892 [94mAcc_combined: 58.88 [94mAcc_c: 44.99 [94mAcc_g: 47.72 [92mF1_combined: 54.77 [92mF1_c: 44.64 [92mF1_g: 38.54 [39m
2026-07-26 06:23:07,695 - Agent - INFO - [37mTest Epoch 85 step 85 with [31mce_loss_combined : 1.372839 [31mce_loss_c : 1.812066 [31mce_loss_g : 1.698630 [31mkl_synergy_rand_1 : 0.318047 [31mkl_synergy_rand_2 : 0.608170 [31mkl_synergy_1 : 0.300391 [31mkl_synergy_2 : 0.609228 [31mtotal : 3.208675 [31mdiag_kl_1 : 0.880931 [31mdiag_kl_2 : 0.513100 [94mAcc_combined: 53.17 [94mAcc_c: 41.71 [94mAcc_g: 49.28 [92mF1_combined: 46.20 [92mF1_c: 40.47 [92mF1_g: 40.21 [39m
2026-07-26 06:24:34,382 - Agent - INFO - [37mVal Epoch 86 step 86 with [31mce_loss_combined : 1.188355 [31mce_loss_c : 1.559302 [31mce_loss_g : 1.692627 [31mkl_synergy_rand_1 : 0.357868 [31mkl_synergy_rand_2 : 0.573876 [31mkl_synergy_1 : 0.342739 [31mkl_synergy_2 : 0.583163 [31mtotal : 3.046002 [31mdiag_kl_1 : 0.937009 [31mdiag_kl_2 : 0.577443 [94mAcc_combined: 57.74 [94mAcc_c: 45.22 [94mAcc_g: 47.61 [92mF1_combined: 53.53 [92mF1_c: 45.00 [92mF1_g: 37.73 [39m
2026-07-26 06:24:34,398 - Agent - INFO - [37mTest Epoch 86 step 86 with [31mce_loss_combined : 1.391455 [31mce_loss_c : 1.815938 [31mce_loss_g : 1.757032 [31mkl_synergy_rand_1 : 0.321109 [31mkl_synergy_rand_2 : 0.615594 [31mkl_synergy_1 : 0.315446 [31mkl_synergy_2 : 0.636388 [31mtotal : 3.279993 [31mdiag_kl_1 : 0.912034 [31mdiag_kl_2 : 0.494147 [94mAcc_combined: 53.28 [94mAcc_c: 41.16 [94mAcc_g: 46.94 [92mF1_combined: 46.96 [92mF1_c: 39.95 [92mF1_g: 38.24 [39m
2026-07-26 06:26:01,256 - Agent - INFO - [37mVal Epoch 87 step 87 with [31mce_loss_combined : 1.170081 [31mce_loss_c : 1.555595 [31mce_loss_g : 1.679544 [31mkl_synergy_rand_1 : 0.353503 [31mkl_synergy_rand_2 : 0.565745 [31mkl_synergy_1 : 0.333249 [31mkl_synergy_2 : 0.580245 [31mtotal : 3.002823 [31mdiag_kl_1 : 0.897247 [31mdiag_kl_2 : 0.562005 [94mAcc_combined: 58.31 [94mAcc_c: 46.47 [94mAcc_g: 47.49 [92mF1_combined: 53.60 [92mF1_c: 45.74 [92mF1_g: 38.48 [39m
2026-07-26 06:26:01,272 - Agent - INFO - [37mTest Epoch 87 step 87 with [31mce_loss_combined : 1.352092 [31mce_loss_c : 1.794121 [31mce_loss_g : 1.724772 [31mkl_synergy_rand_1 : 0.325202 [31mkl_synergy_rand_2 : 0.620975 [31mkl_synergy_1 : 0.317673 [31mkl_synergy_2 : 0.622435 [31mtotal : 3.238378 [31mdiag_kl_1 : 0.903597 [31mdiag_kl_2 : 0.491705 [94mAcc_combined: 53.73 [94mAcc_c: 41.94 [94mAcc_g: 47.16 [92mF1_combined: 47.01 [92mF1_c: 40.34 [92mF1_g: 38.29 [39m
2026-07-26 06:27:32,040 - Evaluator - INFO - New best with loss-
2026-07-26 06:27:32,041 - Agent - INFO - [37mVal Epoch 88 step 88 with [31mce_loss_combined : 1.130299 [31mce_loss_c : 1.541769 [31mce_loss_g : 1.618507 [31mkl_synergy_rand_1 : 0.354356 [31mkl_synergy_rand_2 : 0.547013 [31mkl_synergy_1 : 0.337477 [31mkl_synergy_2 : 0.555480 [31mtotal : 2.924624 [31mdiag_kl_1 : 0.872735 [31mdiag_kl_2 : 0.565590 [94mAcc_combined: 60.59 [94mAcc_c: 46.47 [94mAcc_g: 48.63 [92mF1_combined: 55.72 [92mF1_c: 45.81 [92mF1_g: 39.54 [39m
2026-07-26 06:27:32,057 - Agent - INFO - [37mTest Epoch 88 step 88 with [31mce_loss_combined : 1.361952 [31mce_loss_c : 1.776317 [31mce_loss_g : 1.706373 [31mkl_synergy_rand_1 : 0.314061 [31mkl_synergy_rand_2 : 0.580262 [31mkl_synergy_1 : 0.313524 [31mkl_synergy_2 : 0.607098 [31mtotal : 3.176898 [31mdiag_kl_1 : 0.870355 [31mdiag_kl_2 : 0.497562 [94mAcc_combined: 54.17 [94mAcc_c: 41.82 [94mAcc_g: 47.94 [92mF1_combined: 46.77 [92mF1_c: 40.25 [92mF1_g: 38.99 [39m
2026-07-26 06:27:33,724 - Agent - INFO - [37mModel saved successfully at: ./data/data/2025_data/synergy/CremadPlus/v2/SynIB_RMask_U_REFABL_cremad_fold0_l1.0_ir0.5_perturbrandom_fillema_pmin0.20_refanchor_legacy.pth.tar[39m
2026-07-26 06:28:57,718 - Agent - INFO - [37mVal Epoch 89 step 89 with [31mce_loss_combined : 1.139242 [31mce_loss_c : 1.549460 [31mce_loss_g : 1.597496 [31mkl_synergy_rand_1 : 0.340538 [31mkl_synergy_rand_2 : 0.542461 [31mkl_synergy_1 : 0.327886 [31mkl_synergy_2 : 0.552930 [31mtotal : 2.903057 [31mdiag_kl_1 : 0.879043 [31mdiag_kl_2 : 0.572270 [94mAcc_combined: 60.36 [94mAcc_c: 46.24 [94mAcc_g: 48.52 [92mF1_combined: 55.57 [92mF1_c: 45.42 [92mF1_g: 39.46 [39m
2026-07-26 06:28:57,734 - Agent - INFO - [37mTest Epoch 89 step 89 with [31mce_loss_combined : 1.360291 [31mce_loss_c : 1.781561 [31mce_loss_g : 1.667774 [31mkl_synergy_rand_1 : 0.314426 [31mkl_synergy_rand_2 : 0.576041 [31mkl_synergy_1 : 0.312781 [31mkl_synergy_2 : 0.588346 [31mtotal : 3.151886 [31mdiag_kl_1 : 0.863660 [31mdiag_kl_2 : 0.505439 [94mAcc_combined: 54.84 [94mAcc_c: 41.27 [94mAcc_g: 48.16 [92mF1_combined: 47.61 [92mF1_c: 39.83 [92mF1_g: 39.20 [39m
2026-07-26 06:30:26,587 - Agent - INFO - [37mVal Epoch 90 step 90 with [31mce_loss_combined : 1.161839 [31mce_loss_c : 1.541738 [31mce_loss_g : 1.647624 [31mkl_synergy_rand_1 : 0.344121 [31mkl_synergy_rand_2 : 0.567994 [31mkl_synergy_1 : 0.333046 [31mkl_synergy_2 : 0.567423 [31mtotal : 2.974421 [31mdiag_kl_1 : 0.902065 [31mdiag_kl_2 : 0.552124 [94mAcc_combined: 59.57 [94mAcc_c: 46.58 [94mAcc_g: 48.52 [92mF1_combined: 54.37 [92mF1_c: 45.55 [92mF1_g: 38.97 [39m
2026-07-26 06:30:26,603 - Agent - INFO - [37mTest Epoch 90 step 90 with [31mce_loss_combined : 1.386467 [31mce_loss_c : 1.772677 [31mce_loss_g : 1.736361 [31mkl_synergy_rand_1 : 0.320484 [31mkl_synergy_rand_2 : 0.588126 [31mkl_synergy_1 : 0.314031 [31mkl_synergy_2 : 0.605988 [31mtotal : 3.215095 [31mdiag_kl_1 : 0.894199 [31mdiag_kl_2 : 0.506377 [94mAcc_combined: 53.50 [94mAcc_c: 42.05 [94mAcc_g: 46.72 [92mF1_combined: 45.99 [92mF1_c: 40.26 [92mF1_g: 37.62 [39m
2026-07-26 06:31:55,834 - Agent - INFO - [37mVal Epoch 91 step 91 with [31mce_loss_combined : 1.164261 [31mce_loss_c : 1.558052 [31mce_loss_g : 1.632674 [31mkl_synergy_rand_1 : 0.355090 [31mkl_synergy_rand_2 : 0.551324 [31mkl_synergy_1 : 0.343362 [31mkl_synergy_2 : 0.554501 [31mtotal : 2.968538 [31mdiag_kl_1 : 0.904113 [31mdiag_kl_2 : 0.588910 [94mAcc_combined: 59.91 [94mAcc_c: 44.87 [94mAcc_g: 47.95 [92mF1_combined: 55.21 [92mF1_c: 44.07 [92mF1_g: 39.03 [39m
2026-07-26 06:31:55,859 - Agent - INFO - [37mTest Epoch 91 step 91 with [31mce_loss_combined : 1.375165 [31mce_loss_c : 1.766519 [31mce_loss_g : 1.701109 [31mkl_synergy_rand_1 : 0.326511 [31mkl_synergy_rand_2 : 0.591159 [31mkl_synergy_1 : 0.326841 [31mkl_synergy_2 : 0.607995 [31mtotal : 3.227671 [31mdiag_kl_1 : 0.906909 [31mdiag_kl_2 : 0.509535 [94mAcc_combined: 53.50 [94mAcc_c: 40.82 [94mAcc_g: 47.50 [92mF1_combined: 46.08 [92mF1_c: 39.51 [92mF1_g: 38.99 [39m
2026-07-26 06:33:24,186 - Agent - INFO - [37mVal Epoch 92 step 92 with [31mce_loss_combined : 1.152194 [31mce_loss_c : 1.552334 [31mce_loss_g : 1.599157 [31mkl_synergy_rand_1 : 0.350701 [31mkl_synergy_rand_2 : 0.531008 [31mkl_synergy_1 : 0.334804 [31mkl_synergy_2 : 0.541731 [31mtotal : 2.910438 [31mdiag_kl_1 : 0.880743 [31mdiag_kl_2 : 0.588694 [94mAcc_combined: 59.68 [94mAcc_c: 44.87 [94mAcc_g: 47.95 [92mF1_combined: 55.41 [92mF1_c: 43.67 [92mF1_g: 39.22 [39m
2026-07-26 06:33:24,206 - Agent - INFO - [37mTest Epoch 92 step 92 with [31mce_loss_combined : 1.362021 [31mce_loss_c : 1.775886 [31mce_loss_g : 1.674681 [31mkl_synergy_rand_1 : 0.327951 [31mkl_synergy_rand_2 : 0.563910 [31mkl_synergy_1 : 0.317226 [31mkl_synergy_2 : 0.582571 [31mtotal : 3.153679 [31mdiag_kl_1 : 0.879772 [31mdiag_kl_2 : 0.522432 [94mAcc_combined: 54.17 [94mAcc_c: 40.82 [94mAcc_g: 49.05 [92mF1_combined: 47.38 [92mF1_c: 39.31 [92mF1_g: 40.29 [39m
2026-07-26 06:34:53,195 - Agent - INFO - [37mVal Epoch 93 step 93 with [31mce_loss_combined : 1.148968 [31mce_loss_c : 1.534662 [31mce_loss_g : 1.627401 [31mkl_synergy_rand_1 : 0.344366 [31mkl_synergy_rand_2 : 0.526612 [31mkl_synergy_1 : 0.323417 [31mkl_synergy_2 : 0.536581 [31mtotal : 2.879944 [31mdiag_kl_1 : 0.868251 [31mdiag_kl_2 : 0.568717 [94mAcc_combined: 60.48 [94mAcc_c: 45.56 [94mAcc_g: 48.06 [92mF1_combined: 55.35 [92mF1_c: 44.48 [92mF1_g: 39.17 [39m
2026-07-26 06:34:53,211 - Agent - INFO - [37mTest Epoch 93 step 93 with [31mce_loss_combined : 1.363694 [31mce_loss_c : 1.769721 [31mce_loss_g : 1.721675 [31mkl_synergy_rand_1 : 0.311487 [31mkl_synergy_rand_2 : 0.562384 [31mkl_synergy_1 : 0.306006 [31mkl_synergy_2 : 0.577085 [31mtotal : 3.120656 [31mdiag_kl_1 : 0.871499 [31mdiag_kl_2 : 0.515136 [94mAcc_combined: 54.17 [94mAcc_c: 41.27 [94mAcc_g: 47.61 [92mF1_combined: 47.27 [92mF1_c: 39.34 [92mF1_g: 38.74 [39m
2026-07-26 06:36:21,535 - Agent - INFO - [37mVal Epoch 94 step 94 with [31mce_loss_combined : 1.167557 [31mce_loss_c : 1.545354 [31mce_loss_g : 1.618553 [31mkl_synergy_rand_1 : 0.359344 [31mkl_synergy_rand_2 : 0.521899 [31mkl_synergy_1 : 0.337057 [31mkl_synergy_2 : 0.530875 [31mtotal : 2.916733 [31mdiag_kl_1 : 0.905640 [31mdiag_kl_2 : 0.599246 [94mAcc_combined: 59.57 [94mAcc_c: 45.10 [94mAcc_g: 47.84 [92mF1_combined: 55.24 [92mF1_c: 43.89 [92mF1_g: 38.99 [39m
2026-07-26 06:36:21,551 - Agent - INFO - [37mTest Epoch 94 step 94 with [31mce_loss_combined : 1.393933 [31mce_loss_c : 1.767789 [31mce_loss_g : 1.725988 [31mkl_synergy_rand_1 : 0.337126 [31mkl_synergy_rand_2 : 0.567091 [31mkl_synergy_1 : 0.336257 [31mkl_synergy_2 : 0.579369 [31mtotal : 3.213776 [31mdiag_kl_1 : 0.893065 [31mdiag_kl_2 : 0.512380 [94mAcc_combined: 53.06 [94mAcc_c: 40.82 [94mAcc_g: 47.39 [92mF1_combined: 45.62 [92mF1_c: 39.11 [92mF1_g: 38.60 [39m
2026-07-26 06:37:48,712 - Agent - INFO - [37mVal Epoch 95 step 95 with [31mce_loss_combined : 1.145100 [31mce_loss_c : 1.530599 [31mce_loss_g : 1.602936 [31mkl_synergy_rand_1 : 0.345695 [31mkl_synergy_rand_2 : 0.509187 [31mkl_synergy_1 : 0.328743 [31mkl_synergy_2 : 0.524239 [31mtotal : 2.852964 [31mdiag_kl_1 : 0.862248 [31mdiag_kl_2 : 0.590519 [94mAcc_combined: 61.28 [94mAcc_c: 46.24 [94mAcc_g: 47.84 [92mF1_combined: 56.41 [92mF1_c: 44.97 [92mF1_g: 39.06 [39m
2026-07-26 06:37:48,732 - Agent - INFO - [37mTest Epoch 95 step 95 with [31mce_loss_combined : 1.378315 [31mce_loss_c : 1.747589 [31mce_loss_g : 1.716182 [31mkl_synergy_rand_1 : 0.322814 [31mkl_synergy_rand_2 : 0.546510 [31mkl_synergy_1 : 0.303817 [31mkl_synergy_2 : 0.555818 [31mtotal : 3.107275 [31mdiag_kl_1 : 0.871174 [31mdiag_kl_2 : 0.523517 [94mAcc_combined: 54.39 [94mAcc_c: 41.16 [94mAcc_g: 48.16 [92mF1_combined: 47.23 [92mF1_c: 39.34 [92mF1_g: 39.21 [39m
2026-07-26 06:39:16,881 - Agent - INFO - [37mVal Epoch 96 step 96 with [31mce_loss_combined : 1.153872 [31mce_loss_c : 1.534418 [31mce_loss_g : 1.632967 [31mkl_synergy_rand_1 : 0.348529 [31mkl_synergy_rand_2 : 0.526299 [31mkl_synergy_1 : 0.332636 [31mkl_synergy_2 : 0.529641 [31mtotal : 2.890978 [31mdiag_kl_1 : 0.887661 [31mdiag_kl_2 : 0.571632 [94mAcc_combined: 60.14 [94mAcc_c: 45.56 [94mAcc_g: 48.97 [92mF1_combined: 54.79 [92mF1_c: 44.26 [92mF1_g: 39.84 [39m
2026-07-26 06:39:16,898 - Agent - INFO - [37mTest Epoch 96 step 96 with [31mce_loss_combined : 1.380238 [31mce_loss_c : 1.748644 [31mce_loss_g : 1.728918 [31mkl_synergy_rand_1 : 0.319494 [31mkl_synergy_rand_2 : 0.537088 [31mkl_synergy_1 : 0.320700 [31mkl_synergy_2 : 0.551892 [31mtotal : 3.109411 [31mdiag_kl_1 : 0.886083 [31mdiag_kl_2 : 0.513010 [94mAcc_combined: 54.62 [94mAcc_c: 41.16 [94mAcc_g: 47.94 [92mF1_combined: 46.69 [92mF1_c: 39.35 [92mF1_g: 39.03 [39m
2026-07-26 06:40:48,553 - Agent - INFO - [37mVal Epoch 97 step 97 with [31mce_loss_combined : 1.159920 [31mce_loss_c : 1.546605 [31mce_loss_g : 1.645537 [31mkl_synergy_rand_1 : 0.368540 [31mkl_synergy_rand_2 : 0.512366 [31mkl_synergy_1 : 0.348029 [31mkl_synergy_2 : 0.524817 [31mtotal : 2.913671 [31mdiag_kl_1 : 0.887317 [31mdiag_kl_2 : 0.584189 [94mAcc_combined: 60.25 [94mAcc_c: 45.22 [94mAcc_g: 49.09 [92mF1_combined: 55.13 [92mF1_c: 43.68 [92mF1_g: 40.23 [39m
2026-07-26 06:40:48,570 - Agent - INFO - [37mTest Epoch 97 step 97 with [31mce_loss_combined : 1.385283 [31mce_loss_c : 1.754144 [31mce_loss_g : 1.725918 [31mkl_synergy_rand_1 : 0.339219 [31mkl_synergy_rand_2 : 0.536674 [31mkl_synergy_1 : 0.331265 [31mkl_synergy_2 : 0.563415 [31mtotal : 3.155857 [31mdiag_kl_1 : 0.885259 [31mdiag_kl_2 : 0.506370 [94mAcc_combined: 53.50 [94mAcc_c: 41.16 [94mAcc_g: 47.72 [92mF1_combined: 45.64 [92mF1_c: 39.18 [92mF1_g: 38.66 [39m
2026-07-26 06:42:12,210 - Agent - INFO - [37mVal Epoch 98 step 98 with [31mce_loss_combined : 1.167638 [31mce_loss_c : 1.543180 [31mce_loss_g : 1.654794 [31mkl_synergy_rand_1 : 0.370602 [31mkl_synergy_rand_2 : 0.525252 [31mkl_synergy_1 : 0.351786 [31mkl_synergy_2 : 0.544342 [31mtotal : 2.959618 [31mdiag_kl_1 : 0.904264 [31mdiag_kl_2 : 0.576884 [94mAcc_combined: 60.25 [94mAcc_c: 44.76 [94mAcc_g: 49.32 [92mF1_combined: 55.68 [92mF1_c: 43.32 [92mF1_g: 39.85 [39m
2026-07-26 06:42:12,226 - Agent - INFO - [37mTest Epoch 98 step 98 with [31mce_loss_combined : 1.394580 [31mce_loss_c : 1.742304 [31mce_loss_g : 1.738733 [31mkl_synergy_rand_1 : 0.335905 [31mkl_synergy_rand_2 : 0.547037 [31mkl_synergy_1 : 0.327758 [31mkl_synergy_2 : 0.556477 [31mtotal : 3.161757 [31mdiag_kl_1 : 0.895094 [31mdiag_kl_2 : 0.509057 [94mAcc_combined: 53.17 [94mAcc_c: 40.82 [94mAcc_g: 48.28 [92mF1_combined: 45.67 [92mF1_c: 38.82 [92mF1_g: 39.37 [39m
2026-07-26 06:43:43,676 - Agent - INFO - [37mVal Epoch 99 step 99 with [31mce_loss_combined : 1.161729 [31mce_loss_c : 1.538504 [31mce_loss_g : 1.649418 [31mkl_synergy_rand_1 : 0.372929 [31mkl_synergy_rand_2 : 0.512979 [31mkl_synergy_1 : 0.348167 [31mkl_synergy_2 : 0.527145 [31mtotal : 2.922950 [31mdiag_kl_1 : 0.892075 [31mdiag_kl_2 : 0.577156 [94mAcc_combined: 60.71 [94mAcc_c: 45.44 [94mAcc_g: 49.09 [92mF1_combined: 55.92 [92mF1_c: 43.81 [92mF1_g: 39.86 [39m
2026-07-26 06:43:43,692 - Agent - INFO - [37mTest Epoch 99 step 99 with [31mce_loss_combined : 1.387667 [31mce_loss_c : 1.751275 [31mce_loss_g : 1.726759 [31mkl_synergy_rand_1 : 0.334934 [31mkl_synergy_rand_2 : 0.537019 [31mkl_synergy_1 : 0.325150 [31mkl_synergy_2 : 0.550416 [31mtotal : 3.135187 [31mdiag_kl_1 : 0.876286 [31mdiag_kl_2 : 0.512959 [94mAcc_combined: 53.39 [94mAcc_c: 41.60 [94mAcc_g: 48.16 [92mF1_combined: 45.34 [92mF1_c: 39.31 [92mF1_g: 38.49 [39m
2026-07-26 06:45:15,003 - Agent - INFO - [37mVal Epoch 100 step 100 with [31mce_loss_combined : 1.165411 [31mce_loss_c : 1.542700 [31mce_loss_g : 1.665105 [31mkl_synergy_rand_1 : 0.366555 [31mkl_synergy_rand_2 : 0.513131 [31mkl_synergy_1 : 0.348522 [31mkl_synergy_2 : 0.528260 [31mtotal : 2.921880 [31mdiag_kl_1 : 0.894543 [31mdiag_kl_2 : 0.583457 [94mAcc_combined: 60.02 [94mAcc_c: 44.76 [94mAcc_g: 47.27 [92mF1_combined: 55.30 [92mF1_c: 43.08 [92mF1_g: 38.04 [39m
2026-07-26 06:45:15,024 - Agent - INFO - [37mTest Epoch 100 step 100 with [31mce_loss_combined : 1.390563 [31mce_loss_c : 1.743690 [31mce_loss_g : 1.748711 [31mkl_synergy_rand_1 : 0.332543 [31mkl_synergy_rand_2 : 0.544021 [31mkl_synergy_1 : 0.330857 [31mkl_synergy_2 : 0.552231 [31mtotal : 3.150216 [31mdiag_kl_1 : 0.882505 [31mdiag_kl_2 : 0.506040 [94mAcc_combined: 52.84 [94mAcc_c: 41.71 [94mAcc_g: 47.72 [92mF1_combined: 44.31 [92mF1_c: 39.47 [92mF1_g: 38.19 [39m
2026-07-26 06:46:48,320 - Agent - INFO - [37mVal Epoch 101 step 101 with [31mce_loss_combined : 1.165176 [31mce_loss_c : 1.535368 [31mce_loss_g : 1.664608 [31mkl_synergy_rand_1 : 0.367841 [31mkl_synergy_rand_2 : 0.513424 [31mkl_synergy_1 : 0.344865 [31mkl_synergy_2 : 0.518982 [31mtotal : 2.910288 [31mdiag_kl_1 : 0.884181 [31mdiag_kl_2 : 0.571997 [94mAcc_combined: 59.34 [94mAcc_c: 45.56 [94mAcc_g: 47.84 [92mF1_combined: 53.65 [92mF1_c: 44.01 [92mF1_g: 38.45 [39m
2026-07-26 06:46:48,336 - Agent - INFO - [37mTest Epoch 101 step 101 with [31mce_loss_combined : 1.392180 [31mce_loss_c : 1.737122 [31mce_loss_g : 1.754550 [31mkl_synergy_rand_1 : 0.330787 [31mkl_synergy_rand_2 : 0.525571 [31mkl_synergy_1 : 0.322051 [31mkl_synergy_2 : 0.556929 [31mtotal : 3.127518 [31mdiag_kl_1 : 0.877351 [31mdiag_kl_2 : 0.518743 [94mAcc_combined: 53.39 [94mAcc_c: 41.82 [94mAcc_g: 48.05 [92mF1_combined: 44.90 [92mF1_c: 39.70 [92mF1_g: 38.39 [39m
2026-07-26 06:48:23,180 - Agent - INFO - [37mVal Epoch 102 step 102 with [31mce_loss_combined : 1.175739 [31mce_loss_c : 1.543974 [31mce_loss_g : 1.680164 [31mkl_synergy_rand_1 : 0.374830 [31mkl_synergy_rand_2 : 0.512637 [31mkl_synergy_1 : 0.359920 [31mkl_synergy_2 : 0.524974 [31mtotal : 2.948101 [31mdiag_kl_1 : 0.915720 [31mdiag_kl_2 : 0.580307 [94mAcc_combined: 59.00 [94mAcc_c: 44.99 [94mAcc_g: 49.20 [92mF1_combined: 53.66 [92mF1_c: 43.36 [92mF1_g: 39.71 [39m
2026-07-26 06:48:23,197 - Agent - INFO - [37mTest Epoch 102 step 102 with [31mce_loss_combined : 1.398838 [31mce_loss_c : 1.743347 [31mce_loss_g : 1.772859 [31mkl_synergy_rand_1 : 0.329712 [31mkl_synergy_rand_2 : 0.531882 [31mkl_synergy_1 : 0.313235 [31mkl_synergy_2 : 0.551936 [31mtotal : 3.125603 [31mdiag_kl_1 : 0.914027 [31mdiag_kl_2 : 0.503513 [94mAcc_combined: 53.39 [94mAcc_c: 41.27 [94mAcc_g: 47.27 [92mF1_combined: 44.98 [92mF1_c: 39.15 [92mF1_g: 37.76 [39m
2026-07-26 06:49:57,114 - Agent - INFO - [37mVal Epoch 103 step 103 with [31mce_loss_combined : 1.157374 [31mce_loss_c : 1.536628 [31mce_loss_g : 1.638599 [31mkl_synergy_rand_1 : 0.366792 [31mkl_synergy_rand_2 : 0.500522 [31mkl_synergy_1 : 0.341553 [31mkl_synergy_2 : 0.511184 [31mtotal : 2.877424 [31mdiag_kl_1 : 0.875173 [31mdiag_kl_2 : 0.574107 [94mAcc_combined: 60.25 [94mAcc_c: 44.99 [94mAcc_g: 48.52 [92mF1_combined: 54.80 [92mF1_c: 43.36 [92mF1_g: 39.42 [39m
2026-07-26 06:49:57,130 - Agent - INFO - [37mTest Epoch 103 step 103 with [31mce_loss_combined : 1.382574 [31mce_loss_c : 1.729837 [31mce_loss_g : 1.730962 [31mkl_synergy_rand_1 : 0.327389 [31mkl_synergy_rand_2 : 0.522763 [31mkl_synergy_1 : 0.314473 [31mkl_synergy_2 : 0.532152 [31mtotal : 3.079351 [31mdiag_kl_1 : 0.888463 [31mdiag_kl_2 : 0.509354 [94mAcc_combined: 53.62 [94mAcc_c: 41.82 [94mAcc_g: 47.94 [92mF1_combined: 45.36 [92mF1_c: 39.51 [92mF1_g: 38.35 [39m
2026-07-26 06:51:28,138 - Agent - INFO - [37mVal Epoch 104 step 104 with [31mce_loss_combined : 1.156828 [31mce_loss_c : 1.534419 [31mce_loss_g : 1.650121 [31mkl_synergy_rand_1 : 0.361378 [31mkl_synergy_rand_2 : 0.498492 [31mkl_synergy_1 : 0.342289 [31mkl_synergy_2 : 0.508219 [31mtotal : 2.867207 [31mdiag_kl_1 : 0.878765 [31mdiag_kl_2 : 0.574455 [94mAcc_combined: 60.71 [94mAcc_c: 45.22 [94mAcc_g: 49.09 [92mF1_combined: 54.50 [92mF1_c: 43.65 [92mF1_g: 39.98 [39m
2026-07-26 06:51:28,154 - Agent - INFO - [37mTest Epoch 104 step 104 with [31mce_loss_combined : 1.384032 [31mce_loss_c : 1.728415 [31mce_loss_g : 1.745866 [31mkl_synergy_rand_1 : 0.324451 [31mkl_synergy_rand_2 : 0.531637 [31mkl_synergy_1 : 0.314266 [31mkl_synergy_2 : 0.543096 [31mtotal : 3.097482 [31mdiag_kl_1 : 0.886158 [31mdiag_kl_2 : 0.499772 [94mAcc_combined: 54.17 [94mAcc_c: 41.94 [94mAcc_g: 47.27 [92mF1_combined: 45.71 [92mF1_c: 39.53 [92mF1_g: 38.14 [39m
2026-07-26 06:52:52,310 - Agent - INFO - [37mVal Epoch 105 step 105 with [31mce_loss_combined : 1.169893 [31mce_loss_c : 1.540604 [31mce_loss_g : 1.646942 [31mkl_synergy_rand_1 : 0.376126 [31mkl_synergy_rand_2 : 0.480341 [31mkl_synergy_1 : 0.359388 [31mkl_synergy_2 : 0.489810 [31mtotal : 2.875559 [31mdiag_kl_1 : 0.901610 [31mdiag_kl_2 : 0.592009 [94mAcc_combined: 59.34 [94mAcc_c: 44.99 [94mAcc_g: 48.52 [92mF1_combined: 54.97 [92mF1_c: 43.50 [92mF1_g: 39.82 [39m
2026-07-26 06:52:52,327 - Agent - INFO - [37mTest Epoch 105 step 105 with [31mce_loss_combined : 1.403364 [31mce_loss_c : 1.742870 [31mce_loss_g : 1.729904 [31mkl_synergy_rand_1 : 0.342681 [31mkl_synergy_rand_2 : 0.504527 [31mkl_synergy_1 : 0.325770 [31mkl_synergy_2 : 0.528430 [31mtotal : 3.104772 [31mdiag_kl_1 : 0.879800 [31mdiag_kl_2 : 0.525119 [94mAcc_combined: 53.28 [94mAcc_c: 40.82 [94mAcc_g: 47.83 [92mF1_combined: 45.60 [92mF1_c: 38.65 [92mF1_g: 38.79 [39m
2026-07-26 06:54:18,113 - Agent - INFO - [37mVal Epoch 106 step 106 with [31mce_loss_combined : 1.179638 [31mce_loss_c : 1.541911 [31mce_loss_g : 1.671342 [31mkl_synergy_rand_1 : 0.381769 [31mkl_synergy_rand_2 : 0.497469 [31mkl_synergy_1 : 0.352978 [31mkl_synergy_2 : 0.503968 [31mtotal : 2.915822 [31mdiag_kl_1 : 0.912845 [31mdiag_kl_2 : 0.583949 [94mAcc_combined: 59.00 [94mAcc_c: 44.99 [94mAcc_g: 49.09 [92mF1_combined: 54.04 [92mF1_c: 43.31 [92mF1_g: 40.22 [39m
2026-07-26 06:54:18,135 - Agent - INFO - [37mTest Epoch 106 step 106 with [31mce_loss_combined : 1.399713 [31mce_loss_c : 1.728510 [31mce_loss_g : 1.749035 [31mkl_synergy_rand_1 : 0.353917 [31mkl_synergy_rand_2 : 0.518673 [31mkl_synergy_1 : 0.325781 [31mkl_synergy_2 : 0.533251 [31mtotal : 3.131335 [31mdiag_kl_1 : 0.892138 [31mdiag_kl_2 : 0.502101 [94mAcc_combined: 53.28 [94mAcc_c: 41.27 [94mAcc_g: 47.72 [92mF1_combined: 45.20 [92mF1_c: 39.07 [92mF1_g: 38.35 [39m
2026-07-26 06:55:42,488 - Agent - INFO - [37mVal Epoch 107 step 107 with [31mce_loss_combined : 1.170904 [31mce_loss_c : 1.543811 [31mce_loss_g : 1.654536 [31mkl_synergy_rand_1 : 0.374193 [31mkl_synergy_rand_2 : 0.488593 [31mkl_synergy_1 : 0.356846 [31mkl_synergy_2 : 0.498856 [31mtotal : 2.889392 [31mdiag_kl_1 : 0.881082 [31mdiag_kl_2 : 0.584842 [94mAcc_combined: 59.34 [94mAcc_c: 44.42 [94mAcc_g: 48.41 [92mF1_combined: 54.40 [92mF1_c: 42.60 [92mF1_g: 39.58 [39m
2026-07-26 06:55:42,504 - Agent - INFO - [37mTest Epoch 107 step 107 with [31mce_loss_combined : 1.388661 [31mce_loss_c : 1.734438 [31mce_loss_g : 1.733963 [31mkl_synergy_rand_1 : 0.339971 [31mkl_synergy_rand_2 : 0.508541 [31mkl_synergy_1 : 0.335120 [31mkl_synergy_2 : 0.533463 [31mtotal : 3.105756 [31mdiag_kl_1 : 0.878576 [31mdiag_kl_2 : 0.516095 [94mAcc_combined: 53.39 [94mAcc_c: 42.27 [94mAcc_g: 47.61 [92mF1_combined: 45.28 [92mF1_c: 39.78 [92mF1_g: 38.37 [39m
2026-07-26 06:57:10,064 - Agent - INFO - [37mVal Epoch 108 step 108 with [31mce_loss_combined : 1.165096 [31mce_loss_c : 1.543945 [31mce_loss_g : 1.637085 [31mkl_synergy_rand_1 : 0.369336 [31mkl_synergy_rand_2 : 0.489400 [31mkl_synergy_1 : 0.355162 [31mkl_synergy_2 : 0.500809 [31mtotal : 2.879804 [31mdiag_kl_1 : 0.886106 [31mdiag_kl_2 : 0.580576 [94mAcc_combined: 60.02 [94mAcc_c: 45.33 [94mAcc_g: 48.86 [92mF1_combined: 55.24 [92mF1_c: 43.53 [92mF1_g: 39.77 [39m
2026-07-26 06:57:10,079 - Agent - INFO - [37mTest Epoch 108 step 108 with [31mce_loss_combined : 1.393543 [31mce_loss_c : 1.733203 [31mce_loss_g : 1.737975 [31mkl_synergy_rand_1 : 0.337823 [31mkl_synergy_rand_2 : 0.511169 [31mkl_synergy_1 : 0.327831 [31mkl_synergy_2 : 0.530397 [31mtotal : 3.100763 [31mdiag_kl_1 : 0.876858 [31mdiag_kl_2 : 0.518558 [94mAcc_combined: 53.28 [94mAcc_c: 42.16 [94mAcc_g: 47.94 [92mF1_combined: 45.30 [92mF1_c: 39.60 [92mF1_g: 38.40 [39m
2026-07-26 06:58:33,985 - Agent - INFO - [37mVal Epoch 109 step 109 with [31mce_loss_combined : 1.163616 [31mce_loss_c : 1.540482 [31mce_loss_g : 1.648591 [31mkl_synergy_rand_1 : 0.367488 [31mkl_synergy_rand_2 : 0.487733 [31mkl_synergy_1 : 0.354057 [31mkl_synergy_2 : 0.499400 [31mtotal : 2.872294 [31mdiag_kl_1 : 0.881555 [31mdiag_kl_2 : 0.578723 [94mAcc_combined: 59.79 [94mAcc_c: 45.33 [94mAcc_g: 48.86 [92mF1_combined: 54.32 [92mF1_c: 43.61 [92mF1_g: 39.56 [39m
2026-07-26 06:58:34,001 - Agent - INFO - [37mTest Epoch 109 step 109 with [31mce_loss_combined : 1.389317 [31mce_loss_c : 1.717929 [31mce_loss_g : 1.743419 [31mkl_synergy_rand_1 : 0.335947 [31mkl_synergy_rand_2 : 0.508268 [31mkl_synergy_1 : 0.328097 [31mkl_synergy_2 : 0.524060 [31mtotal : 3.085689 [31mdiag_kl_1 : 0.889592 [31mdiag_kl_2 : 0.506157 [94mAcc_combined: 53.84 [94mAcc_c: 41.94 [94mAcc_g: 47.72 [92mF1_combined: 45.17 [92mF1_c: 39.58 [92mF1_g: 38.31 [39m
2026-07-26 07:00:02,693 - Agent - INFO - [37mVal Epoch 110 step 110 with [31mce_loss_combined : 1.165286 [31mce_loss_c : 1.543728 [31mce_loss_g : 1.659371 [31mkl_synergy_rand_1 : 0.380705 [31mkl_synergy_rand_2 : 0.487473 [31mkl_synergy_1 : 0.351266 [31mkl_synergy_2 : 0.495083 [31mtotal : 2.879814 [31mdiag_kl_1 : 0.875877 [31mdiag_kl_2 : 0.585307 [94mAcc_combined: 59.91 [94mAcc_c: 45.10 [94mAcc_g: 48.29 [92mF1_combined: 54.81 [92mF1_c: 43.28 [92mF1_g: 39.08 [39m
2026-07-26 07:00:02,709 - Agent - INFO - [37mTest Epoch 110 step 110 with [31mce_loss_combined : 1.398517 [31mce_loss_c : 1.726752 [31mce_loss_g : 1.753284 [31mkl_synergy_rand_1 : 0.337151 [31mkl_synergy_rand_2 : 0.506760 [31mkl_synergy_1 : 0.329053 [31mkl_synergy_2 : 0.527904 [31mtotal : 3.099385 [31mdiag_kl_1 : 0.863764 [31mdiag_kl_2 : 0.518922 [94mAcc_combined: 53.50 [94mAcc_c: 42.27 [94mAcc_g: 47.94 [92mF1_combined: 45.10 [92mF1_c: 39.88 [92mF1_g: 38.38 [39m
2026-07-26 07:01:27,089 - Agent - INFO - [37mVal Epoch 111 step 111 with [31mce_loss_combined : 1.171530 [31mce_loss_c : 1.540540 [31mce_loss_g : 1.663384 [31mkl_synergy_rand_1 : 0.375966 [31mkl_synergy_rand_2 : 0.487288 [31mkl_synergy_1 : 0.363933 [31mkl_synergy_2 : 0.500304 [31mtotal : 2.899021 [31mdiag_kl_1 : 0.885248 [31mdiag_kl_2 : 0.582537 [94mAcc_combined: 59.45 [94mAcc_c: 45.10 [94mAcc_g: 48.06 [92mF1_combined: 54.56 [92mF1_c: 43.23 [92mF1_g: 38.93 [39m
2026-07-26 07:01:27,106 - Agent - INFO - [37mTest Epoch 111 step 111 with [31mce_loss_combined : 1.399373 [31mce_loss_c : 1.726471 [31mce_loss_g : 1.750390 [31mkl_synergy_rand_1 : 0.336064 [31mkl_synergy_rand_2 : 0.508518 [31mkl_synergy_1 : 0.323531 [31mkl_synergy_2 : 0.518297 [31mtotal : 3.085783 [31mdiag_kl_1 : 0.885743 [31mdiag_kl_2 : 0.518247 [94mAcc_combined: 53.17 [94mAcc_c: 42.60 [94mAcc_g: 48.16 [92mF1_combined: 44.79 [92mF1_c: 40.16 [92mF1_g: 38.55 [39m
2026-07-26 07:02:45,389 - Agent - INFO - [37mVal Epoch 112 step 112 with [31mce_loss_combined : 1.158645 [31mce_loss_c : 1.537713 [31mce_loss_g : 1.657595 [31mkl_synergy_rand_1 : 0.368201 [31mkl_synergy_rand_2 : 0.480727 [31mkl_synergy_1 : 0.352304 [31mkl_synergy_2 : 0.493540 [31mtotal : 2.853417 [31mdiag_kl_1 : 0.879160 [31mdiag_kl_2 : 0.580364 [94mAcc_combined: 60.25 [94mAcc_c: 45.22 [94mAcc_g: 48.41 [92mF1_combined: 55.35 [92mF1_c: 43.28 [92mF1_g: 39.86 [39m
2026-07-26 07:02:45,405 - Agent - INFO - [37mTest Epoch 112 step 112 with [31mce_loss_combined : 1.375928 [31mce_loss_c : 1.716878 [31mce_loss_g : 1.732597 [31mkl_synergy_rand_1 : 0.334924 [31mkl_synergy_rand_2 : 0.496790 [31mkl_synergy_1 : 0.320682 [31mkl_synergy_2 : 0.520472 [31mtotal : 3.048796 [31mdiag_kl_1 : 0.871853 [31mdiag_kl_2 : 0.510081 [94mAcc_combined: 53.84 [94mAcc_c: 41.60 [94mAcc_g: 47.83 [92mF1_combined: 45.80 [92mF1_c: 39.33 [92mF1_g: 38.60 [39m
2026-07-26 07:04:14,045 - Agent - INFO - [37mVal Epoch 113 step 113 with [31mce_loss_combined : 1.169404 [31mce_loss_c : 1.542174 [31mce_loss_g : 1.655158 [31mkl_synergy_rand_1 : 0.378418 [31mkl_synergy_rand_2 : 0.472648 [31mkl_synergy_1 : 0.358499 [31mkl_synergy_2 : 0.490560 [31mtotal : 2.869529 [31mdiag_kl_1 : 0.892273 [31mdiag_kl_2 : 0.588332 [94mAcc_combined: 59.68 [94mAcc_c: 44.76 [94mAcc_g: 48.29 [92mF1_combined: 54.86 [92mF1_c: 43.11 [92mF1_g: 39.27 [39m
2026-07-26 07:04:14,062 - Agent - INFO - [37mTest Epoch 113 step 113 with [31mce_loss_combined : 1.387487 [31mce_loss_c : 1.718986 [31mce_loss_g : 1.736674 [31mkl_synergy_rand_1 : 0.346720 [31mkl_synergy_rand_2 : 0.495595 [31mkl_synergy_1 : 0.328538 [31mkl_synergy_2 : 0.518102 [31mtotal : 3.076442 [31mdiag_kl_1 : 0.876176 [31mdiag_kl_2 : 0.516085 [94mAcc_combined: 53.17 [94mAcc_c: 41.94 [94mAcc_g: 47.72 [92mF1_combined: 45.17 [92mF1_c: 39.66 [92mF1_g: 38.17 [39m
2026-07-26 07:05:40,723 - Agent - INFO - [37mVal Epoch 114 step 114 with [31mce_loss_combined : 1.169773 [31mce_loss_c : 1.543674 [31mce_loss_g : 1.649279 [31mkl_synergy_rand_1 : 0.371717 [31mkl_synergy_rand_2 : 0.479060 [31mkl_synergy_1 : 0.354958 [31mkl_synergy_2 : 0.495552 [31mtotal : 2.871060 [31mdiag_kl_1 : 0.890364 [31mdiag_kl_2 : 0.585387 [94mAcc_combined: 59.57 [94mAcc_c: 44.99 [94mAcc_g: 48.52 [92mF1_combined: 54.27 [92mF1_c: 43.17 [92mF1_g: 39.29 [39m
2026-07-26 07:05:40,739 - Agent - INFO - [37mTest Epoch 114 step 114 with [31mce_loss_combined : 1.385543 [31mce_loss_c : 1.719663 [31mce_loss_g : 1.736652 [31mkl_synergy_rand_1 : 0.334946 [31mkl_synergy_rand_2 : 0.498976 [31mkl_synergy_1 : 0.323322 [31mkl_synergy_2 : 0.522910 [31mtotal : 3.065697 [31mdiag_kl_1 : 0.875827 [31mdiag_kl_2 : 0.517441 [94mAcc_combined: 53.84 [94mAcc_c: 42.05 [94mAcc_g: 48.05 [92mF1_combined: 45.70 [92mF1_c: 39.60 [92mF1_g: 38.35 [39m
2026-07-26 07:07:02,464 - Agent - INFO - [37mVal Epoch 115 step 115 with [31mce_loss_combined : 1.171663 [31mce_loss_c : 1.542712 [31mce_loss_g : 1.657423 [31mkl_synergy_rand_1 : 0.373671 [31mkl_synergy_rand_2 : 0.476596 [31mkl_synergy_1 : 0.358789 [31mkl_synergy_2 : 0.490680 [31mtotal : 2.871399 [31mdiag_kl_1 : 0.891006 [31mdiag_kl_2 : 0.584217 [94mAcc_combined: 59.91 [94mAcc_c: 44.99 [94mAcc_g: 48.52 [92mF1_combined: 55.02 [92mF1_c: 43.15 [92mF1_g: 39.51 [39m
2026-07-26 07:07:02,480 - Agent - INFO - [37mTest Epoch 115 step 115 with [31mce_loss_combined : 1.395151 [31mce_loss_c : 1.728152 [31mce_loss_g : 1.742115 [31mkl_synergy_rand_1 : 0.345619 [31mkl_synergy_rand_2 : 0.500514 [31mkl_synergy_1 : 0.325729 [31mkl_synergy_2 : 0.516873 [31mtotal : 3.083886 [31mdiag_kl_1 : 0.870062 [31mdiag_kl_2 : 0.522711 [94mAcc_combined: 53.28 [94mAcc_c: 42.16 [94mAcc_g: 48.16 [92mF1_combined: 45.02 [92mF1_c: 39.58 [92mF1_g: 38.49 [39m
2026-07-26 07:08:29,842 - Agent - INFO - [37mVal Epoch 116 step 116 with [31mce_loss_combined : 1.159795 [31mce_loss_c : 1.543656 [31mce_loss_g : 1.637063 [31mkl_synergy_rand_1 : 0.365040 [31mkl_synergy_rand_2 : 0.478227 [31mkl_synergy_1 : 0.352002 [31mkl_synergy_2 : 0.485762 [31mtotal : 2.840827 [31mdiag_kl_1 : 0.880099 [31mdiag_kl_2 : 0.584519 [94mAcc_combined: 60.48 [94mAcc_c: 45.22 [94mAcc_g: 49.20 [92mF1_combined: 55.67 [92mF1_c: 43.28 [92mF1_g: 40.27 [39m
2026-07-26 07:08:29,861 - Agent - INFO - [37mTest Epoch 116 step 116 with [31mce_loss_combined : 1.376579 [31mce_loss_c : 1.714833 [31mce_loss_g : 1.722828 [31mkl_synergy_rand_1 : 0.328015 [31mkl_synergy_rand_2 : 0.499287 [31mkl_synergy_1 : 0.316683 [31mkl_synergy_2 : 0.513418 [31mtotal : 3.033981 [31mdiag_kl_1 : 0.880489 [31mdiag_kl_2 : 0.515153 [94mAcc_combined: 53.73 [94mAcc_c: 41.82 [94mAcc_g: 48.05 [92mF1_combined: 45.49 [92mF1_c: 39.17 [92mF1_g: 38.60 [39m
2026-07-26 07:09:52,942 - Agent - INFO - [37mVal Epoch 117 step 117 with [31mce_loss_combined : 1.160833 [31mce_loss_c : 1.539824 [31mce_loss_g : 1.628749 [31mkl_synergy_rand_1 : 0.368176 [31mkl_synergy_rand_2 : 0.471177 [31mkl_synergy_1 : 0.349077 [31mkl_synergy_2 : 0.488418 [31mtotal : 2.837681 [31mdiag_kl_1 : 0.878488 [31mdiag_kl_2 : 0.589485 [94mAcc_combined: 60.48 [94mAcc_c: 45.33 [94mAcc_g: 48.86 [92mF1_combined: 55.49 [92mF1_c: 43.41 [92mF1_g: 39.76 [39m
2026-07-26 07:09:52,958 - Agent - INFO - [37mTest Epoch 117 step 117 with [31mce_loss_combined : 1.384513 [31mce_loss_c : 1.721896 [31mce_loss_g : 1.720910 [31mkl_synergy_rand_1 : 0.347803 [31mkl_synergy_rand_2 : 0.486281 [31mkl_synergy_1 : 0.320936 [31mkl_synergy_2 : 0.505515 [31mtotal : 3.045048 [31mdiag_kl_1 : 0.861081 [31mdiag_kl_2 : 0.522507 [94mAcc_combined: 53.73 [94mAcc_c: 42.27 [94mAcc_g: 48.28 [92mF1_combined: 45.73 [92mF1_c: 39.61 [92mF1_g: 38.63 [39m
2026-07-26 07:10:08,871 - Agent - INFO - We are in the final state.
2026-07-26 07:10:09,322 - root - INFO - Loaded best model from best_model_accuracy_state_dict
2026-07-26 07:10:21,747 - Agent - INFO - [37mVal Epoch 117 step 0 with [31mce_loss_combined : 1.165989 [31mce_loss_c : 1.814555 [31mce_loss_g : 1.928916 [31mkl_synergy_rand_1 : 0.426598 [31mkl_synergy_rand_2 : 0.761817 [31mkl_synergy_1 : 0.422813 [31mkl_synergy_2 : 0.747800 [31mtotal : 3.525017 [31mdiag_kl_1 : 0.813431 [31mdiag_kl_2 : 0.602013 [94mAcc_combined: 62.76 [94mAcc_c: 48.63 [94mAcc_g: 36.22 [92mF1_combined: 57.58 [92mF1_c: 47.24 [92mF1_g: 29.39 [39m
2026-07-26 07:10:43,331 - Agent - INFO - [37mTest Epoch 117 step 0 with [31mce_loss_combined : 1.324827 [31mce_loss_c : 2.293667 [31mce_loss_g : 1.933709 [31mkl_synergy_rand_1 : 0.414537 [31mkl_synergy_rand_2 : 0.800896 [31mkl_synergy_1 : 0.404362 [31mkl_synergy_2 : 0.798817 [31mtotal : 3.743441 [31mdiag_kl_1 : 0.789914 [31mdiag_kl_2 : 0.570102 [94mAcc_combined: 56.84 [94mAcc_c: 44.61 [94mAcc_g: 39.15 [92mF1_combined: 49.81 [92mF1_c: 42.74 [92mF1_g: 33.90 [39m
2026-07-26 07:10:45,227 - Agent - INFO - [37mModel saved successfully at: ./data/data/2025_data/synergy/CremadPlus/v2/SynIB_RMask_U_REFABL_cremad_fold0_l1.0_ir0.5_perturbrandom_fillema_pmin0.20_refanchor_legacy.pth.tar[39m
Job finished
