Starting SynIB reference-ablation job
Python 3.12.12
/esat/smcdata/users/kkontras/Image_Dataset/no_backup/git/SynIB  (git f994b01)
GPU 0: NVIDIA GeForce RTX 3090 (UUID: GPU-3c04a267-e99e-536f-8cea-c9d29e20abf2)
Executing: PYTHONPATH=src /esat/smcdata/users/kkontras/Image_Dataset/no_backup/envs/synergy/bin/python -m synib.entrypoints.train --config run/configs/rebuttal_ref_ablation/cremad_synib_u.json --default_config run/configs/rebuttal_ref_ablation/cremad_default.json --fold 2 --ironic_rate 0.5 --rmask random --l 1.0 --perturb_pmin 0.20 --perturb_fill ema --reference_type anchor_legacy --ref_diag --start_over --tag REFABL_cremad
Namespace(config='run/configs/rebuttal_ref_ablation/cremad_synib_u.json', default_config='run/configs/rebuttal_ref_ablation/cremad_default.json', fold='2', alpha=None, tanh_mode_beta=None, regby=None, batch_size=None, l='1.0', multil=None, lib=None, kmepoch=None, num_samples=None, contrcoeff=None, contr_type=None, shuffle_type=None, validate_with=None, num_classes=None, optim_method=None, ending_epoch=None, load_ongoing=None, recon_weight1=None, recon_weight2=None, recon_epochstages=None, recon_ensemblestages=None, lr=None, wd=None, cls=None, ironic_rate='0.5', perturb='random', perturb_fill='ema', perturb_pmax=None, perturb_pmin='0.20', perturb_lsparse=None, rmask='random', pmin=None, pmax=None, lsparse=None, debug_mask_stats=False, pre=False, frozen=False, tdqm_disable=False, start_over=True, no_model_save=False, num_layers=None, grad_accum=None, init_from=None, init_strict=False, perturb_lsparse_sign=None, l_anneal_epochs=None, perturb_steps=None, perturb_lsparse_warmup=None, perturb_lsparse_schedule=None, persist_ell=False, save_masks=False, penalty_swap=False, disable_ce_random=False, disable_kl_learned=False, masking_only=False, modality_dropout=None, modality_dropout_target=None, l_z1_masked=None, l_z2_masked=None, l_pareto=None, reference_type='anchor_legacy', ref_diag=True, ref_ema_decay=None, tag='REFABL_cremad')
2026-07-26 04:25:00,609 - Config - INFO - run/configs/rebuttal_ref_ablation/cremad_synib_u.json
2026-07-26 04:25:00,610 - Config - INFO -  THE Configuration of your experiment ..
{'agent': 'Agent',
 'dataset': {'data_roots': './data/CremaD/CREMA-D',
             'data_split': {'fold': 0, 'method': 'non_inclusive'},
             'dataloader_class': 'IronyCremadDataloader',
             'fps': 1,
             'ironic_label_name': 'SARCASM',
             'ironic_modes': ['train', 'val', 'test'],
             'ironic_rate': 1.0,
             'norm': False,
             'norm_face_path': './src/synib/mydatasets/Irony_Cremad/assets/norms/norm_face_path_fold{}.pkl',
             'norm_wav_path': './src/synib/mydatasets/Irony_Cremad/assets/norms/wav_norm_22050_fold{}.pkl',
             'num_frame': 3,
             'return_data': {'audio': False,
                             'face': False,
                             'spectrogram': True,
                             'video': True},
             'sampling_rate': 22050},
 'early_stopping': {'end_of_epoch_check': True,
                    'log_interval': 10,
                    'max_epoch': 1500,
                    'n_steps_stop': 30,
                    'n_steps_stop_after': 0,
                    'save_every_step': 3000,
                    'save_every_valstep': 10,
                    'validate_after': 0,
                    'validate_every': 25,
                    'validate_with': 'accuracy'},
 'exp_name': 'CREMAD Experiment',
 'model': {'args': {'bias_infusion': {'contrcoeff': 0.0, 'l': 1.0},
                    'cls_type': 'mlp',
                    'd_model': 512,
                    'dropout': 0.1,
                    'fc_inner': 64,
                    'in_dim': 64,
                    'multi_loss': {'multi_supervised_w': {'c': 1,
                                                          'combined': 1,
                                                          'g': 1}},
                    'norm_decision': False,
                    'num_classes': 7,
                    'synergy_type': 'unimodal_anchor'},
           'ceu': {'test': './artifacts/ceus/cremad/cremadplus_ceu_test_res_{}.pkl',
                   'val': './artifacts/ceus/cremad/cremadplus_ceu_val_res_{}.pkl'},
           'encoders': [{'args': {'d_model': 512,
                                  'dropout': 0.1,
                                  'fc_inner': 64,
                                  'freeze_encoder': False,
                                  'num_classes': 7},
                         'model': 'Audio_ResNet',
                         'name': 'enc_0_modality1_encoder',
                         'pretrainedEncoder': {'dir': 'unimodal_audio_fold{}_ir1.0_lr0.001_wd0.0001_clsmlp_bs64.pth.tar',
                                               'use': True},
                         'save_encoder': False},
                        {'args': {'d_model': 512,
                                  'dropout': 0.1,
                                  'fc_inner': 64,
                                  'freeze_encoder': False,
                                  'num_classes': 7},
                         'model': 'Video_ResNet',
                         'name': 'enc_1_modality2_encoder',
                         'pretrainedEncoder': {'dir': 'unimodal_video_fold{}_ir1.0_lr0.0001_wd0.0001_clsmlp_bs64.pth.tar',
                                               'use': True},
                         'save_encoder': False},
                        {'args': {'d_model': 512,
                                  'dropout': 0.1,
                                  'fc_inner': 64,
                                  'freeze_encoder': False},
                         'model': 'FusionTrunkLinear',
                         'name': 'enc_2_fusion_trunk',
                         'pretrainedEncoder': {'dir': 'enc_2_fusion_trunk_fold{}.pth.tar',
                                               'use': False},
                         'save_encoder': False},
                        {'args': {'freeze_encoder': False,
                                  'in_dim': 64,
                                  'num_classes': 7},
                         'model': 'LinearHead',
                         'name': 'enc_3_fusion_head',
                         'pretrainedEncoder': {'dir': 'enc_3_fusion_head_fold{}.pth.tar',
                                               'use': False},
                         'save_encoder': False},
                        {'args': {'dropout': 0.1,
                                  'freeze_encoder': False,
                                  'hidden_dim': 64,
                                  'in_dim': 512,
                                  'num_classes': 7},
                         'model': 'MLPHead',
                         'name': 'enc_4_unimodal_head_1',
                         'pretrainedEncoder': {'dir': 'enc_4_unimodal1_fold{}.pth.tar',
                                               'use': False},
                         'save_encoder': False},
                        {'args': {'dropout': 0.1,
                                  'freeze_encoder': False,
                                  'hidden_dim': 64,
                                  'in_dim': 512,
                                  'num_classes': 7},
                         'model': 'MLPHead',
                         'name': 'enc_5_unimodal_head_2',
                         'pretrainedEncoder': {'dir': 'enc_5_unimodal2_fold{}.pth.tar',
                                               'use': False},
                         'save_encoder': False}],
           'load_ongoing': False,
           'model_class': 'FusionIBModel_Mask_U',
           'save_base_dir': './data/data/2025_data/synergy/CremadPlus/v2',
           'save_dir': 'SynIB_RMask_U_{}.pth.tar'},
 'optimizer': {'beta1': 0.9,
               'beta2': 0.999,
               'learning_rate': 1e-05,
               'momentum': 0.9,
               'type': 'Adam',
               'weight_decay': 1e-05},
 'scheduler': {'max_lr': 0.03, 'type': 'cosanneal', 'warm_up_steps': 780},
 'training_params': {'async_loading': True,
                     'batch_size': 128,
                     'cuda': True,
                     'data_loader_workers': 8,
                     'gpu_device': [0],
                     'pin_memory': False,
                     'rec_test': True,
                     'res': True,
                     'seed': 109,
                     'tdqm_disable': False,
                     'test_batch_size': 128,
                     'test_on_bottoms': True,
                     'use_test_set': True,
                     'validation': True,
                     'verbose': True,
                     'wandb_disable': False}}
2026-07-26 04:25:00,614 - Config - INFO -  *************************************** 
2026-07-26 04:25:00,614 - Config - INFO - The experiment name is CREMAD Experiment
2026-07-26 04:25:00,614 - Config - INFO -  *************************************** 
2026-07-26 04:25:00,614 - root - INFO - save_dir: SynIB_RMask_U_REFABL_cremad_fold2_l1.0_ir0.5_perturbrandom_fillema_pmin0.20_refanchor_legacy.pth.tar
2026-07-26 04:25:00,748 - Cuda Statistics - INFO - __Python VERSION:  3.12.12 | packaged by Anaconda, Inc. | (main, Oct 21 2025, 20:16:04) [GCC 11.2.0]
2026-07-26 04:25:00,748 - Cuda Statistics - INFO - __pyTorch VERSION:  2.7.1+cu118
2026-07-26 04:25:00,748 - Cuda Statistics - INFO - __CUDA VERSION
2026-07-26 04:25:00,750 - Cuda Statistics - INFO - __CUDNN VERSION:  90100
2026-07-26 04:25:00,793 - Cuda Statistics - INFO - __Number CUDA Devices:  1
2026-07-26 04:25:00,793 - Cuda Statistics - INFO - __Devices
2026-07-26 04:25:00,793 - Cuda Statistics - INFO - index, name, driver_version, memory.total [MiB], memory.used [MiB], memory.free [MiB]
2026-07-26 04:25:00,793 - Cuda Statistics - INFO - 0, NVIDIA GeForce RTX 3090, 610.43.03, 24576 MiB, 4 MiB, 24120 MiB
2026-07-26 04:25:00,797 - Cuda Statistics - INFO - Active CUDA Device: GPU 0
2026-07-26 04:25:00,797 - Cuda Statistics - INFO - Available devices  1
2026-07-26 04:25:00,797 - Cuda Statistics - INFO - Current cuda device  0
2026-07-26 04:25:01,712 - IronyCremadDataset - INFO - Loaded wav norm from ./src/synib/mydatasets/Irony_Cremad/assets/norms/wav_norm_22050_fold2.pkl
2026-07-26 04:25:01,930 - IronyCremadDataset - INFO - Loaded wav norm from ./src/synib/mydatasets/Irony_Cremad/assets/norms/wav_norm_22050_fold2.pkl
2026-07-26 04:25:02,148 - IronyCremadDataset - INFO - Loaded wav norm from ./src/synib/mydatasets/Irony_Cremad/assets/norms/wav_norm_22050_fold2.pkl
2026-07-26 04:25:02,153 - Agent - INFO - Device: cuda:0
2026-07-26 04:25:02,153 - Agent - INFO - Total training batches: 32, validate every 25 batches, steps per epoch: 2
2026-07-26 04:25:02,214 - Agent - INFO - Loss Weights are {'total': 1, 'combined': 1, 'c': 1, 'g': 1}
2026-07-26 04:25:02,214 - root - INFO - There is no CEU for train
2026-07-26 04:25:02,216 - root - INFO - There is no CEU for val
2026-07-26 04:25:02,217 - root - INFO - There is no CEU for test
{'d_model': 512, 'num_classes': 7, 'fc_inner': 64, 'dropout': 0.1, 'freeze_encoder': False}
2026-07-26 04:25:03,531 - root - INFO - Loading enc best model state dict from ./data/data/2025_data/synergy/CremadPlus/v2/unimodal_audio_fold2_ir0.5_lr0.001_wd0.0001_clsmlp_bs64.pth.tar
2026-07-26 04:25:05,386 - root - INFO - Loading enc best model state dict from ./data/data/2025_data/synergy/CremadPlus/v2/unimodal_video_fold2_ir0.5_lr0.0001_wd0.0001_clsmlp_bs64.pth.tar
2026-07-26 04:25:05,625 - Agent - INFO - Total number of trainable parameters are: 44840497
2026-07-26 04:25:05,632 - Agent - INFO - Total number of trainable parameters are: 22486563
2026-07-26 04:26:29,775 - Evaluator - INFO - New best with loss-accuracy-
2026-07-26 04:26:29,775 - Agent - INFO - [37mVal Epoch 1 step 1 with [31mce_loss_combined : 1.692110 [31mce_loss_c : 1.519012 [31mce_loss_g : 2.131367 [31mkl_synergy_rand_1 : 0.962244 [31mkl_synergy_rand_2 : 1.033870 [31mkl_synergy_1 : 0.952846 [31mkl_synergy_2 : 1.026384 [31mtotal : 5.667454 [31mdiag_kl_1 : 0.975133 [31mdiag_kl_2 : 1.117647 [94mAcc_combined: 46.84 [94mAcc_c: 52.36 [94mAcc_g: 42.35 [92mF1_combined: 39.26 [92mF1_c: 47.13 [92mF1_g: 37.85 [39m
2026-07-26 04:26:29,790 - Agent - INFO - [37mTest Epoch 1 step 1 with [31mce_loss_combined : 1.706971 [31mce_loss_c : 1.403442 [31mce_loss_g : 2.116558 [31mkl_synergy_rand_1 : 0.942744 [31mkl_synergy_rand_2 : 0.972950 [31mkl_synergy_1 : 0.932668 [31mkl_synergy_2 : 0.971559 [31mtotal : 5.526892 [31mdiag_kl_1 : 0.950305 [31mdiag_kl_2 : 1.065198 [94mAcc_combined: 47.22 [94mAcc_c: 54.71 [94mAcc_g: 40.79 [92mF1_combined: 40.51 [92mF1_c: 48.99 [92mF1_g: 38.78 [39m
2026-07-26 04:26:30,444 - Agent - INFO - [37mModel saved successfully at: ./data/data/2025_data/synergy/CremadPlus/v2/SynIB_RMask_U_REFABL_cremad_fold2_l1.0_ir0.5_perturbrandom_fillema_pmin0.20_refanchor_legacy.pth.tar[39m
2026-07-26 04:28:00,634 - Evaluator - INFO - New best with loss-accuracy-
2026-07-26 04:28:00,635 - Agent - INFO - [37mVal Epoch 2 step 2 with [31mce_loss_combined : 1.497751 [31mce_loss_c : 1.551179 [31mce_loss_g : 2.210272 [31mkl_synergy_rand_1 : 0.885536 [31mkl_synergy_rand_2 : 0.904107 [31mkl_synergy_1 : 0.878694 [31mkl_synergy_2 : 0.896841 [31mtotal : 5.062930 [31mdiag_kl_1 : 0.866086 [31mdiag_kl_2 : 0.909810 [94mAcc_combined: 58.69 [94mAcc_c: 52.24 [94mAcc_g: 43.84 [92mF1_combined: 50.31 [92mF1_c: 46.86 [92mF1_g: 38.89 [39m
2026-07-26 04:28:00,651 - Agent - INFO - [37mTest Epoch 2 step 2 with [31mce_loss_combined : 1.526767 [31mce_loss_c : 1.441432 [31mce_loss_g : 2.254172 [31mkl_synergy_rand_1 : 0.868713 [31mkl_synergy_rand_2 : 0.867595 [31mkl_synergy_1 : 0.857914 [31mkl_synergy_2 : 0.861703 [31mtotal : 4.982691 [31mdiag_kl_1 : 0.854058 [31mdiag_kl_2 : 0.870421 [94mAcc_combined: 59.96 [94mAcc_c: 52.68 [94mAcc_g: 40.15 [92mF1_combined: 52.42 [92mF1_c: 47.29 [92mF1_g: 38.24 [39m
2026-07-26 04:28:01,987 - Agent - INFO - [37mModel saved successfully at: ./data/data/2025_data/synergy/CremadPlus/v2/SynIB_RMask_U_REFABL_cremad_fold2_l1.0_ir0.5_perturbrandom_fillema_pmin0.20_refanchor_legacy.pth.tar[39m
2026-07-26 04:29:18,696 - Evaluator - INFO - New best with loss-accuracy-
2026-07-26 04:29:18,696 - Agent - INFO - [37mVal Epoch 3 step 3 with [31mce_loss_combined : 1.355515 [31mce_loss_c : 1.562478 [31mce_loss_g : 2.097370 [31mkl_synergy_rand_1 : 0.718912 [31mkl_synergy_rand_2 : 0.827873 [31mkl_synergy_1 : 0.709405 [31mkl_synergy_2 : 0.821746 [31mtotal : 4.433453 [31mdiag_kl_1 : 0.802262 [31mdiag_kl_2 : 0.787755 [94mAcc_combined: 59.72 [94mAcc_c: 50.98 [94mAcc_g: 42.69 [92mF1_combined: 51.78 [92mF1_c: 45.47 [92mF1_g: 38.98 [39m
2026-07-26 04:29:18,711 - Agent - INFO - [37mTest Epoch 3 step 3 with [31mce_loss_combined : 1.391669 [31mce_loss_c : 1.483781 [31mce_loss_g : 2.073525 [31mkl_synergy_rand_1 : 0.705075 [31mkl_synergy_rand_2 : 0.797562 [31mkl_synergy_1 : 0.703909 [31mkl_synergy_2 : 0.793034 [31mtotal : 4.391250 [31mdiag_kl_1 : 0.790727 [31mdiag_kl_2 : 0.744209 [94mAcc_combined: 61.67 [94mAcc_c: 51.28 [94mAcc_g: 40.47 [92mF1_combined: 54.16 [92mF1_c: 46.58 [92mF1_g: 39.12 [39m
2026-07-26 04:29:20,027 - Agent - INFO - [37mModel saved successfully at: ./data/data/2025_data/synergy/CremadPlus/v2/SynIB_RMask_U_REFABL_cremad_fold2_l1.0_ir0.5_perturbrandom_fillema_pmin0.20_refanchor_legacy.pth.tar[39m
2026-07-26 04:30:41,449 - Evaluator - INFO - New best with loss-accuracy-
2026-07-26 04:30:41,449 - Agent - INFO - [37mVal Epoch 4 step 4 with [31mce_loss_combined : 1.280127 [31mce_loss_c : 1.573211 [31mce_loss_g : 2.085804 [31mkl_synergy_rand_1 : 0.606189 [31mkl_synergy_rand_2 : 0.753014 [31mkl_synergy_1 : 0.613618 [31mkl_synergy_2 : 0.751180 [31mtotal : 4.004128 [31mdiag_kl_1 : 0.752137 [31mdiag_kl_2 : 0.670927 [94mAcc_combined: 60.76 [94mAcc_c: 50.17 [94mAcc_g: 38.09 [92mF1_combined: 52.54 [92mF1_c: 44.62 [92mF1_g: 35.30 [39m
2026-07-26 04:30:41,465 - Agent - INFO - [37mTest Epoch 4 step 4 with [31mce_loss_combined : 1.309326 [31mce_loss_c : 1.498762 [31mce_loss_g : 2.228087 [31mkl_synergy_rand_1 : 0.638645 [31mkl_synergy_rand_2 : 0.758759 [31mkl_synergy_1 : 0.642242 [31mkl_synergy_2 : 0.746212 [31mtotal : 4.095184 [31mdiag_kl_1 : 0.745488 [31mdiag_kl_2 : 0.659069 [94mAcc_combined: 61.35 [94mAcc_c: 49.79 [94mAcc_g: 35.65 [92mF1_combined: 54.50 [92mF1_c: 45.06 [92mF1_g: 35.65 [39m
2026-07-26 04:30:42,953 - Agent - INFO - [37mModel saved successfully at: ./data/data/2025_data/synergy/CremadPlus/v2/SynIB_RMask_U_REFABL_cremad_fold2_l1.0_ir0.5_perturbrandom_fillema_pmin0.20_refanchor_legacy.pth.tar[39m
2026-07-26 04:32:01,902 - Evaluator - INFO - New best with loss-
2026-07-26 04:32:01,903 - Agent - INFO - [37mVal Epoch 5 step 5 with [31mce_loss_combined : 1.227523 [31mce_loss_c : 1.539565 [31mce_loss_g : 2.008694 [31mkl_synergy_rand_1 : 0.504442 [31mkl_synergy_rand_2 : 0.715254 [31mkl_synergy_1 : 0.503542 [31mkl_synergy_2 : 0.711469 [31mtotal : 3.662230 [31mdiag_kl_1 : 0.708731 [31mdiag_kl_2 : 0.632577 [94mAcc_combined: 60.41 [94mAcc_c: 49.83 [94mAcc_g: 36.94 [92mF1_combined: 53.84 [92mF1_c: 44.18 [92mF1_g: 35.78 [39m
2026-07-26 04:32:01,917 - Agent - INFO - [37mTest Epoch 5 step 5 with [31mce_loss_combined : 1.260025 [31mce_loss_c : 1.493336 [31mce_loss_g : 1.990365 [31mkl_synergy_rand_1 : 0.504623 [31mkl_synergy_rand_2 : 0.727658 [31mkl_synergy_1 : 0.496600 [31mkl_synergy_2 : 0.716957 [31mtotal : 3.705864 [31mdiag_kl_1 : 0.718179 [31mdiag_kl_2 : 0.611785 [94mAcc_combined: 62.53 [94mAcc_c: 50.21 [94mAcc_g: 36.94 [92mF1_combined: 56.01 [92mF1_c: 45.54 [92mF1_g: 37.46 [39m
2026-07-26 04:32:03,425 - Agent - INFO - [37mModel saved successfully at: ./data/data/2025_data/synergy/CremadPlus/v2/SynIB_RMask_U_REFABL_cremad_fold2_l1.0_ir0.5_perturbrandom_fillema_pmin0.20_refanchor_legacy.pth.tar[39m
2026-07-26 04:33:19,315 - Evaluator - INFO - New best with loss-accuracy-
2026-07-26 04:33:19,315 - Agent - INFO - [37mVal Epoch 6 step 6 with [31mce_loss_combined : 1.206042 [31mce_loss_c : 1.533596 [31mce_loss_g : 1.948721 [31mkl_synergy_rand_1 : 0.421880 [31mkl_synergy_rand_2 : 0.673499 [31mkl_synergy_1 : 0.419272 [31mkl_synergy_2 : 0.672110 [31mtotal : 3.392805 [31mdiag_kl_1 : 0.679778 [31mdiag_kl_2 : 0.592437 [94mAcc_combined: 61.22 [94mAcc_c: 50.17 [94mAcc_g: 34.87 [92mF1_combined: 55.30 [92mF1_c: 44.50 [92mF1_g: 33.16 [39m
2026-07-26 04:33:19,332 - Agent - INFO - [37mTest Epoch 6 step 6 with [31mce_loss_combined : 1.248144 [31mce_loss_c : 1.491007 [31mce_loss_g : 1.975666 [31mkl_synergy_rand_1 : 0.425164 [31mkl_synergy_rand_2 : 0.703874 [31mkl_synergy_1 : 0.429530 [31mkl_synergy_2 : 0.697703 [31mtotal : 3.504414 [31mdiag_kl_1 : 0.708595 [31mdiag_kl_2 : 0.574573 [94mAcc_combined: 61.46 [94mAcc_c: 49.25 [94mAcc_g: 35.44 [92mF1_combined: 56.46 [92mF1_c: 44.63 [92mF1_g: 35.27 [39m
2026-07-26 04:33:20,811 - Agent - INFO - [37mModel saved successfully at: ./data/data/2025_data/synergy/CremadPlus/v2/SynIB_RMask_U_REFABL_cremad_fold2_l1.0_ir0.5_perturbrandom_fillema_pmin0.20_refanchor_legacy.pth.tar[39m
2026-07-26 04:34:39,269 - Evaluator - INFO - New best with loss-
2026-07-26 04:34:39,270 - Agent - INFO - [37mVal Epoch 7 step 7 with [31mce_loss_combined : 1.189507 [31mce_loss_c : 1.531816 [31mce_loss_g : 1.971561 [31mkl_synergy_rand_1 : 0.402739 [31mkl_synergy_rand_2 : 0.656672 [31mkl_synergy_1 : 0.408097 [31mkl_synergy_2 : 0.648175 [31mtotal : 3.305191 [31mdiag_kl_1 : 0.647992 [31mdiag_kl_2 : 0.559379 [94mAcc_combined: 61.22 [94mAcc_c: 49.25 [94mAcc_g: 30.26 [92mF1_combined: 55.42 [92mF1_c: 43.72 [92mF1_g: 29.97 [39m
2026-07-26 04:34:39,285 - Agent - INFO - [37mTest Epoch 7 step 7 with [31mce_loss_combined : 1.214011 [31mce_loss_c : 1.495728 [31mce_loss_g : 2.011038 [31mkl_synergy_rand_1 : 0.424534 [31mkl_synergy_rand_2 : 0.667925 [31mkl_synergy_1 : 0.424647 [31mkl_synergy_2 : 0.656904 [31mtotal : 3.388022 [31mdiag_kl_1 : 0.654350 [31mdiag_kl_2 : 0.559608 [94mAcc_combined: 60.81 [94mAcc_c: 48.72 [94mAcc_g: 30.19 [92mF1_combined: 56.64 [92mF1_c: 44.47 [92mF1_g: 31.16 [39m
2026-07-26 04:34:40,764 - Agent - INFO - [37mModel saved successfully at: ./data/data/2025_data/synergy/CremadPlus/v2/SynIB_RMask_U_REFABL_cremad_fold2_l1.0_ir0.5_perturbrandom_fillema_pmin0.20_refanchor_legacy.pth.tar[39m
2026-07-26 04:36:07,763 - Evaluator - INFO - New best with loss-accuracy-
2026-07-26 04:36:07,764 - Agent - INFO - [37mVal Epoch 8 step 8 with [31mce_loss_combined : 1.186108 [31mce_loss_c : 1.527572 [31mce_loss_g : 1.907481 [31mkl_synergy_rand_1 : 0.359633 [31mkl_synergy_rand_2 : 0.636733 [31mkl_synergy_1 : 0.362423 [31mkl_synergy_2 : 0.634631 [31mtotal : 3.179527 [31mdiag_kl_1 : 0.645360 [31mdiag_kl_2 : 0.603783 [94mAcc_combined: 61.68 [94mAcc_c: 49.60 [94mAcc_g: 31.19 [92mF1_combined: 56.26 [92mF1_c: 44.12 [92mF1_g: 30.98 [39m
2026-07-26 04:36:07,779 - Agent - INFO - [37mTest Epoch 8 step 8 with [31mce_loss_combined : 1.219520 [31mce_loss_c : 1.492617 [31mce_loss_g : 1.893033 [31mkl_synergy_rand_1 : 0.387437 [31mkl_synergy_rand_2 : 0.666877 [31mkl_synergy_1 : 0.388364 [31mkl_synergy_2 : 0.661418 [31mtotal : 3.323616 [31mdiag_kl_1 : 0.658105 [31mdiag_kl_2 : 0.576900 [94mAcc_combined: 61.78 [94mAcc_c: 49.04 [94mAcc_g: 33.73 [92mF1_combined: 57.86 [92mF1_c: 44.16 [92mF1_g: 33.39 [39m
2026-07-26 04:36:09,116 - Agent - INFO - [37mModel saved successfully at: ./data/data/2025_data/synergy/CremadPlus/v2/SynIB_RMask_U_REFABL_cremad_fold2_l1.0_ir0.5_perturbrandom_fillema_pmin0.20_refanchor_legacy.pth.tar[39m
2026-07-26 04:37:29,942 - Evaluator - INFO - New best with loss-accuracy-
2026-07-26 04:37:29,942 - Agent - INFO - [37mVal Epoch 9 step 9 with [31mce_loss_combined : 1.168291 [31mce_loss_c : 1.506512 [31mce_loss_g : 1.908804 [31mkl_synergy_rand_1 : 0.357802 [31mkl_synergy_rand_2 : 0.611829 [31mkl_synergy_1 : 0.355422 [31mkl_synergy_2 : 0.597865 [31mtotal : 3.091209 [31mdiag_kl_1 : 0.605070 [31mdiag_kl_2 : 0.550189 [94mAcc_combined: 62.49 [94mAcc_c: 49.60 [94mAcc_g: 30.61 [92mF1_combined: 57.45 [92mF1_c: 44.51 [92mF1_g: 30.09 [39m
2026-07-26 04:37:29,958 - Agent - INFO - [37mTest Epoch 9 step 9 with [31mce_loss_combined : 1.198557 [31mce_loss_c : 1.497102 [31mce_loss_g : 1.896514 [31mkl_synergy_rand_1 : 0.382429 [31mkl_synergy_rand_2 : 0.636085 [31mkl_synergy_1 : 0.378662 [31mkl_synergy_2 : 0.633119 [31mtotal : 3.228853 [31mdiag_kl_1 : 0.615792 [31mdiag_kl_2 : 0.540610 [94mAcc_combined: 61.35 [94mAcc_c: 49.36 [94mAcc_g: 33.73 [92mF1_combined: 57.73 [92mF1_c: 44.66 [92mF1_g: 33.23 [39m
2026-07-26 04:37:31,215 - Agent - INFO - [37mModel saved successfully at: ./data/data/2025_data/synergy/CremadPlus/v2/SynIB_RMask_U_REFABL_cremad_fold2_l1.0_ir0.5_perturbrandom_fillema_pmin0.20_refanchor_legacy.pth.tar[39m
2026-07-26 04:38:55,526 - Agent - INFO - [37mVal Epoch 10 step 10 with [31mce_loss_combined : 1.178534 [31mce_loss_c : 1.516370 [31mce_loss_g : 1.958796 [31mkl_synergy_rand_1 : 0.367599 [31mkl_synergy_rand_2 : 0.600006 [31mkl_synergy_1 : 0.355879 [31mkl_synergy_2 : 0.592525 [31mtotal : 3.094543 [31mdiag_kl_1 : 0.589074 [31mdiag_kl_2 : 0.590318 [94mAcc_combined: 62.14 [94mAcc_c: 49.94 [94mAcc_g: 27.62 [92mF1_combined: 58.10 [92mF1_c: 44.90 [92mF1_g: 27.25 [39m
2026-07-26 04:38:55,542 - Agent - INFO - [37mTest Epoch 10 step 10 with [31mce_loss_combined : 1.207400 [31mce_loss_c : 1.499997 [31mce_loss_g : 1.935877 [31mkl_synergy_rand_1 : 0.396248 [31mkl_synergy_rand_2 : 0.626977 [31mkl_synergy_1 : 0.394889 [31mkl_synergy_2 : 0.624734 [31mtotal : 3.250247 [31mdiag_kl_1 : 0.610979 [31mdiag_kl_2 : 0.575446 [94mAcc_combined: 61.24 [94mAcc_c: 49.25 [94mAcc_g: 31.80 [92mF1_combined: 57.80 [92mF1_c: 44.45 [92mF1_g: 31.20 [39m
2026-07-26 04:40:26,047 - Evaluator - INFO - New best with loss-accuracy-
2026-07-26 04:40:26,048 - Agent - INFO - [37mVal Epoch 11 step 11 with [31mce_loss_combined : 1.147898 [31mce_loss_c : 1.505515 [31mce_loss_g : 1.860439 [31mkl_synergy_rand_1 : 0.353757 [31mkl_synergy_rand_2 : 0.584732 [31mkl_synergy_1 : 0.351977 [31mkl_synergy_2 : 0.576587 [31mtotal : 3.014951 [31mdiag_kl_1 : 0.571199 [31mdiag_kl_2 : 0.594247 [94mAcc_combined: 63.64 [94mAcc_c: 50.40 [94mAcc_g: 32.80 [92mF1_combined: 59.30 [92mF1_c: 45.33 [92mF1_g: 31.74 [39m
2026-07-26 04:40:26,063 - Agent - INFO - [37mTest Epoch 11 step 11 with [31mce_loss_combined : 1.182447 [31mce_loss_c : 1.504215 [31mce_loss_g : 1.825722 [31mkl_synergy_rand_1 : 0.387209 [31mkl_synergy_rand_2 : 0.612091 [31mkl_synergy_1 : 0.383099 [31mkl_synergy_2 : 0.607347 [31mtotal : 3.172194 [31mdiag_kl_1 : 0.589349 [31mdiag_kl_2 : 0.566149 [94mAcc_combined: 63.06 [94mAcc_c: 48.61 [94mAcc_g: 34.26 [92mF1_combined: 59.27 [92mF1_c: 43.85 [92mF1_g: 33.45 [39m
2026-07-26 04:40:27,758 - Agent - INFO - [37mModel saved successfully at: ./data/data/2025_data/synergy/CremadPlus/v2/SynIB_RMask_U_REFABL_cremad_fold2_l1.0_ir0.5_perturbrandom_fillema_pmin0.20_refanchor_legacy.pth.tar[39m
2026-07-26 04:42:00,016 - Agent - INFO - [37mVal Epoch 12 step 12 with [31mce_loss_combined : 1.175582 [31mce_loss_c : 1.519280 [31mce_loss_g : 1.944846 [31mkl_synergy_rand_1 : 0.364172 [31mkl_synergy_rand_2 : 0.564242 [31mkl_synergy_1 : 0.359811 [31mkl_synergy_2 : 0.551761 [31mtotal : 3.015568 [31mdiag_kl_1 : 0.580222 [31mdiag_kl_2 : 0.573175 [94mAcc_combined: 63.18 [94mAcc_c: 49.37 [94mAcc_g: 31.07 [92mF1_combined: 59.59 [92mF1_c: 44.36 [92mF1_g: 29.33 [39m
2026-07-26 04:42:00,032 - Agent - INFO - [37mTest Epoch 12 step 12 with [31mce_loss_combined : 1.207557 [31mce_loss_c : 1.510042 [31mce_loss_g : 1.937056 [31mkl_synergy_rand_1 : 0.413284 [31mkl_synergy_rand_2 : 0.609390 [31mkl_synergy_1 : 0.413242 [31mkl_synergy_2 : 0.596702 [31mtotal : 3.240175 [31mdiag_kl_1 : 0.598054 [31mdiag_kl_2 : 0.567732 [94mAcc_combined: 62.21 [94mAcc_c: 49.14 [94mAcc_g: 32.12 [92mF1_combined: 58.16 [92mF1_c: 44.31 [92mF1_g: 30.59 [39m
2026-07-26 04:43:24,920 - Agent - INFO - [37mVal Epoch 13 step 13 with [31mce_loss_combined : 1.161266 [31mce_loss_c : 1.522217 [31mce_loss_g : 1.862633 [31mkl_synergy_rand_1 : 0.349992 [31mkl_synergy_rand_2 : 0.537574 [31mkl_synergy_1 : 0.341592 [31mkl_synergy_2 : 0.539167 [31mtotal : 2.929591 [31mdiag_kl_1 : 0.540101 [31mdiag_kl_2 : 0.603221 [94mAcc_combined: 63.41 [94mAcc_c: 49.83 [94mAcc_g: 32.34 [92mF1_combined: 59.41 [92mF1_c: 44.96 [92mF1_g: 30.65 [39m
2026-07-26 04:43:24,937 - Agent - INFO - [37mTest Epoch 13 step 13 with [31mce_loss_combined : 1.180295 [31mce_loss_c : 1.507723 [31mce_loss_g : 1.879731 [31mkl_synergy_rand_1 : 0.408026 [31mkl_synergy_rand_2 : 0.576938 [31mkl_synergy_1 : 0.403141 [31mkl_synergy_2 : 0.562132 [31mtotal : 3.130532 [31mdiag_kl_1 : 0.551221 [31mdiag_kl_2 : 0.588944 [94mAcc_combined: 62.31 [94mAcc_c: 49.14 [94mAcc_g: 32.12 [92mF1_combined: 58.23 [92mF1_c: 44.31 [92mF1_g: 30.22 [39m
2026-07-26 04:44:49,645 - Evaluator - INFO - New best with accuracy-
2026-07-26 04:44:49,645 - Agent - INFO - [37mVal Epoch 14 step 14 with [31mce_loss_combined : 1.161471 [31mce_loss_c : 1.521354 [31mce_loss_g : 1.855448 [31mkl_synergy_rand_1 : 0.351165 [31mkl_synergy_rand_2 : 0.550324 [31mkl_synergy_1 : 0.343582 [31mkl_synergy_2 : 0.549394 [31mtotal : 2.955937 [31mdiag_kl_1 : 0.544774 [31mdiag_kl_2 : 0.605217 [94mAcc_combined: 63.75 [94mAcc_c: 50.86 [94mAcc_g: 33.03 [92mF1_combined: 59.64 [92mF1_c: 45.90 [92mF1_g: 30.80 [39m
2026-07-26 04:44:49,661 - Agent - INFO - [37mTest Epoch 14 step 14 with [31mce_loss_combined : 1.187358 [31mce_loss_c : 1.531990 [31mce_loss_g : 1.876030 [31mkl_synergy_rand_1 : 0.405004 [31mkl_synergy_rand_2 : 0.600395 [31mkl_synergy_1 : 0.402618 [31mkl_synergy_2 : 0.583665 [31mtotal : 3.179039 [31mdiag_kl_1 : 0.567595 [31mdiag_kl_2 : 0.594036 [94mAcc_combined: 63.06 [94mAcc_c: 50.21 [94mAcc_g: 32.66 [92mF1_combined: 58.88 [92mF1_c: 45.20 [92mF1_g: 30.13 [39m
2026-07-26 04:44:51,121 - Agent - INFO - [37mModel saved successfully at: ./data/data/2025_data/synergy/CremadPlus/v2/SynIB_RMask_U_REFABL_cremad_fold2_l1.0_ir0.5_perturbrandom_fillema_pmin0.20_refanchor_legacy.pth.tar[39m
2026-07-26 04:46:14,601 - Agent - INFO - [37mVal Epoch 15 step 15 with [31mce_loss_combined : 1.158129 [31mce_loss_c : 1.533380 [31mce_loss_g : 1.810644 [31mkl_synergy_rand_1 : 0.358108 [31mkl_synergy_rand_2 : 0.551521 [31mkl_synergy_1 : 0.352986 [31mkl_synergy_2 : 0.537652 [31mtotal : 2.958397 [31mdiag_kl_1 : 0.542288 [31mdiag_kl_2 : 0.586175 [94mAcc_combined: 63.75 [94mAcc_c: 49.94 [94mAcc_g: 36.13 [92mF1_combined: 59.13 [92mF1_c: 45.09 [92mF1_g: 33.14 [39m
2026-07-26 04:46:14,617 - Agent - INFO - [37mTest Epoch 15 step 15 with [31mce_loss_combined : 1.171090 [31mce_loss_c : 1.530660 [31mce_loss_g : 1.800748 [31mkl_synergy_rand_1 : 0.409101 [31mkl_synergy_rand_2 : 0.584152 [31mkl_synergy_1 : 0.409230 [31mkl_synergy_2 : 0.570062 [31mtotal : 3.143636 [31mdiag_kl_1 : 0.555997 [31mdiag_kl_2 : 0.570322 [94mAcc_combined: 64.35 [94mAcc_c: 49.14 [94mAcc_g: 36.30 [92mF1_combined: 59.65 [92mF1_c: 44.42 [92mF1_g: 32.70 [39m
2026-07-26 04:47:43,661 - Agent - INFO - [37mVal Epoch 16 step 16 with [31mce_loss_combined : 1.158985 [31mce_loss_c : 1.535068 [31mce_loss_g : 1.803387 [31mkl_synergy_rand_1 : 0.358254 [31mkl_synergy_rand_2 : 0.536950 [31mkl_synergy_1 : 0.349579 [31mkl_synergy_2 : 0.529766 [31mtotal : 2.933533 [31mdiag_kl_1 : 0.532885 [31mdiag_kl_2 : 0.578433 [94mAcc_combined: 63.41 [94mAcc_c: 50.06 [94mAcc_g: 35.90 [92mF1_combined: 59.07 [92mF1_c: 45.17 [92mF1_g: 32.90 [39m
2026-07-26 04:47:43,677 - Agent - INFO - [37mTest Epoch 16 step 16 with [31mce_loss_combined : 1.165832 [31mce_loss_c : 1.538440 [31mce_loss_g : 1.832135 [31mkl_synergy_rand_1 : 0.413816 [31mkl_synergy_rand_2 : 0.557563 [31mkl_synergy_1 : 0.415502 [31mkl_synergy_2 : 0.549440 [31mtotal : 3.102154 [31mdiag_kl_1 : 0.540061 [31mdiag_kl_2 : 0.586942 [94mAcc_combined: 64.24 [94mAcc_c: 49.14 [94mAcc_g: 34.37 [92mF1_combined: 59.64 [92mF1_c: 44.68 [92mF1_g: 31.05 [39m
2026-07-26 04:49:16,131 - Agent - INFO - [37mVal Epoch 17 step 17 with [31mce_loss_combined : 1.159185 [31mce_loss_c : 1.533899 [31mce_loss_g : 1.806933 [31mkl_synergy_rand_1 : 0.353636 [31mkl_synergy_rand_2 : 0.530922 [31mkl_synergy_1 : 0.344701 [31mkl_synergy_2 : 0.531841 [31mtotal : 2.920286 [31mdiag_kl_1 : 0.533737 [31mdiag_kl_2 : 0.632282 [94mAcc_combined: 63.18 [94mAcc_c: 49.48 [94mAcc_g: 35.33 [92mF1_combined: 58.94 [92mF1_c: 44.59 [92mF1_g: 31.66 [39m
2026-07-26 04:49:16,148 - Agent - INFO - [37mTest Epoch 17 step 17 with [31mce_loss_combined : 1.165639 [31mce_loss_c : 1.525805 [31mce_loss_g : 1.801965 [31mkl_synergy_rand_1 : 0.403907 [31mkl_synergy_rand_2 : 0.556023 [31mkl_synergy_1 : 0.398828 [31mkl_synergy_2 : 0.552563 [31mtotal : 3.076961 [31mdiag_kl_1 : 0.535717 [31mdiag_kl_2 : 0.614676 [94mAcc_combined: 63.81 [94mAcc_c: 49.04 [94mAcc_g: 36.08 [92mF1_combined: 59.49 [92mF1_c: 44.65 [92mF1_g: 32.53 [39m
2026-07-26 04:50:39,796 - Agent - INFO - [37mVal Epoch 18 step 18 with [31mce_loss_combined : 1.155309 [31mce_loss_c : 1.537946 [31mce_loss_g : 1.767823 [31mkl_synergy_rand_1 : 0.357709 [31mkl_synergy_rand_2 : 0.528756 [31mkl_synergy_1 : 0.352941 [31mkl_synergy_2 : 0.519134 [31mtotal : 2.913851 [31mdiag_kl_1 : 0.532701 [31mdiag_kl_2 : 0.598471 [94mAcc_combined: 63.52 [94mAcc_c: 49.48 [94mAcc_g: 35.33 [92mF1_combined: 58.87 [92mF1_c: 44.22 [92mF1_g: 31.18 [39m
2026-07-26 04:50:39,815 - Agent - INFO - [37mTest Epoch 18 step 18 with [31mce_loss_combined : 1.172086 [31mce_loss_c : 1.545070 [31mce_loss_g : 1.782440 [31mkl_synergy_rand_1 : 0.403611 [31mkl_synergy_rand_2 : 0.566432 [31mkl_synergy_1 : 0.401395 [31mkl_synergy_2 : 0.549733 [31mtotal : 3.093258 [31mdiag_kl_1 : 0.547311 [31mdiag_kl_2 : 0.588404 [94mAcc_combined: 64.03 [94mAcc_c: 49.25 [94mAcc_g: 38.33 [92mF1_combined: 58.74 [92mF1_c: 44.80 [92mF1_g: 33.17 [39m
2026-07-26 04:52:06,586 - Agent - INFO - [37mVal Epoch 19 step 19 with [31mce_loss_combined : 1.151640 [31mce_loss_c : 1.530369 [31mce_loss_g : 1.785468 [31mkl_synergy_rand_1 : 0.348868 [31mkl_synergy_rand_2 : 0.506032 [31mkl_synergy_1 : 0.344934 [31mkl_synergy_2 : 0.502771 [31mtotal : 2.854245 [31mdiag_kl_1 : 0.516623 [31mdiag_kl_2 : 0.627555 [94mAcc_combined: 63.64 [94mAcc_c: 49.94 [94mAcc_g: 34.75 [92mF1_combined: 59.53 [92mF1_c: 44.65 [92mF1_g: 31.65 [39m
2026-07-26 04:52:06,603 - Agent - INFO - [37mTest Epoch 19 step 19 with [31mce_loss_combined : 1.170452 [31mce_loss_c : 1.545203 [31mce_loss_g : 1.795240 [31mkl_synergy_rand_1 : 0.392384 [31mkl_synergy_rand_2 : 0.553468 [31mkl_synergy_1 : 0.388460 [31mkl_synergy_2 : 0.536543 [31mtotal : 3.041307 [31mdiag_kl_1 : 0.516794 [31mdiag_kl_2 : 0.604434 [94mAcc_combined: 64.67 [94mAcc_c: 48.50 [94mAcc_g: 36.30 [92mF1_combined: 60.04 [92mF1_c: 44.12 [92mF1_g: 32.74 [39m
2026-07-26 04:53:35,649 - Agent - INFO - [37mVal Epoch 20 step 20 with [31mce_loss_combined : 1.159831 [31mce_loss_c : 1.551670 [31mce_loss_g : 1.794695 [31mkl_synergy_rand_1 : 0.357032 [31mkl_synergy_rand_2 : 0.503389 [31mkl_synergy_1 : 0.354063 [31mkl_synergy_2 : 0.499068 [31mtotal : 2.873384 [31mdiag_kl_1 : 0.528058 [31mdiag_kl_2 : 0.589159 [94mAcc_combined: 63.29 [94mAcc_c: 49.02 [94mAcc_g: 35.90 [92mF1_combined: 59.29 [92mF1_c: 44.19 [92mF1_g: 32.40 [39m
2026-07-26 04:53:35,684 - Agent - INFO - [37mTest Epoch 20 step 20 with [31mce_loss_combined : 1.165509 [31mce_loss_c : 1.549312 [31mce_loss_g : 1.792253 [31mkl_synergy_rand_1 : 0.400221 [31mkl_synergy_rand_2 : 0.536253 [31mkl_synergy_1 : 0.396860 [31mkl_synergy_2 : 0.522413 [31mtotal : 3.021256 [31mdiag_kl_1 : 0.528098 [31mdiag_kl_2 : 0.596667 [94mAcc_combined: 64.78 [94mAcc_c: 48.82 [94mAcc_g: 36.94 [92mF1_combined: 60.62 [92mF1_c: 44.59 [92mF1_g: 33.07 [39m
2026-07-26 04:55:01,030 - Evaluator - INFO - New best with accuracy-
2026-07-26 04:55:01,031 - Agent - INFO - [37mVal Epoch 21 step 21 with [31mce_loss_combined : 1.150704 [31mce_loss_c : 1.547526 [31mce_loss_g : 1.727678 [31mkl_synergy_rand_1 : 0.351050 [31mkl_synergy_rand_2 : 0.519725 [31mkl_synergy_1 : 0.354436 [31mkl_synergy_2 : 0.511163 [31mtotal : 2.887079 [31mdiag_kl_1 : 0.532788 [31mdiag_kl_2 : 0.602498 [94mAcc_combined: 64.79 [94mAcc_c: 48.79 [94mAcc_g: 38.09 [92mF1_combined: 60.34 [92mF1_c: 43.97 [92mF1_g: 33.54 [39m
2026-07-26 04:55:01,047 - Agent - INFO - [37mTest Epoch 21 step 21 with [31mce_loss_combined : 1.154582 [31mce_loss_c : 1.546451 [31mce_loss_g : 1.696277 [31mkl_synergy_rand_1 : 0.392195 [31mkl_synergy_rand_2 : 0.546682 [31mkl_synergy_1 : 0.394819 [31mkl_synergy_2 : 0.533865 [31mtotal : 3.022142 [31mdiag_kl_1 : 0.532915 [31mdiag_kl_2 : 0.593703 [94mAcc_combined: 64.35 [94mAcc_c: 48.72 [94mAcc_g: 39.72 [92mF1_combined: 59.00 [92mF1_c: 44.36 [92mF1_g: 33.89 [39m
2026-07-26 04:55:02,753 - Agent - INFO - [37mModel saved successfully at: ./data/data/2025_data/synergy/CremadPlus/v2/SynIB_RMask_U_REFABL_cremad_fold2_l1.0_ir0.5_perturbrandom_fillema_pmin0.20_refanchor_legacy.pth.tar[39m
2026-07-26 04:56:31,347 - Agent - INFO - [37mVal Epoch 22 step 22 with [31mce_loss_combined : 1.154724 [31mce_loss_c : 1.539554 [31mce_loss_g : 1.768324 [31mkl_synergy_rand_1 : 0.350086 [31mkl_synergy_rand_2 : 0.500248 [31mkl_synergy_1 : 0.343700 [31mkl_synergy_2 : 0.495591 [31mtotal : 2.844348 [31mdiag_kl_1 : 0.520686 [31mdiag_kl_2 : 0.601099 [94mAcc_combined: 63.98 [94mAcc_c: 49.25 [94mAcc_g: 35.21 [92mF1_combined: 59.67 [92mF1_c: 44.48 [92mF1_g: 31.13 [39m
2026-07-26 04:56:31,365 - Agent - INFO - [37mTest Epoch 22 step 22 with [31mce_loss_combined : 1.160026 [31mce_loss_c : 1.552844 [31mce_loss_g : 1.730257 [31mkl_synergy_rand_1 : 0.374002 [31mkl_synergy_rand_2 : 0.525729 [31mkl_synergy_1 : 0.376208 [31mkl_synergy_2 : 0.523881 [31mtotal : 2.959846 [31mdiag_kl_1 : 0.531520 [31mdiag_kl_2 : 0.597618 [94mAcc_combined: 64.35 [94mAcc_c: 48.39 [94mAcc_g: 38.76 [92mF1_combined: 59.39 [92mF1_c: 44.00 [92mF1_g: 33.75 [39m
2026-07-26 04:58:01,552 - Agent - INFO - [37mVal Epoch 23 step 23 with [31mce_loss_combined : 1.161465 [31mce_loss_c : 1.541044 [31mce_loss_g : 1.760030 [31mkl_synergy_rand_1 : 0.350339 [31mkl_synergy_rand_2 : 0.489626 [31mkl_synergy_1 : 0.341868 [31mkl_synergy_2 : 0.487239 [31mtotal : 2.830536 [31mdiag_kl_1 : 0.520954 [31mdiag_kl_2 : 0.599615 [94mAcc_combined: 62.95 [94mAcc_c: 49.60 [94mAcc_g: 34.64 [92mF1_combined: 58.67 [92mF1_c: 44.33 [92mF1_g: 30.01 [39m
2026-07-26 04:58:01,567 - Agent - INFO - [37mTest Epoch 23 step 23 with [31mce_loss_combined : 1.158624 [31mce_loss_c : 1.541532 [31mce_loss_g : 1.732834 [31mkl_synergy_rand_1 : 0.377549 [31mkl_synergy_rand_2 : 0.517245 [31mkl_synergy_1 : 0.377601 [31mkl_synergy_2 : 0.506485 [31mtotal : 2.937503 [31mdiag_kl_1 : 0.530547 [31mdiag_kl_2 : 0.603976 [94mAcc_combined: 64.67 [94mAcc_c: 48.61 [94mAcc_g: 38.12 [92mF1_combined: 60.02 [92mF1_c: 44.44 [92mF1_g: 32.78 [39m
2026-07-26 04:59:28,340 - Agent - INFO - [37mVal Epoch 24 step 24 with [31mce_loss_combined : 1.163221 [31mce_loss_c : 1.546403 [31mce_loss_g : 1.741975 [31mkl_synergy_rand_1 : 0.352822 [31mkl_synergy_rand_2 : 0.491770 [31mkl_synergy_1 : 0.352483 [31mkl_synergy_2 : 0.478548 [31mtotal : 2.838844 [31mdiag_kl_1 : 0.533836 [31mdiag_kl_2 : 0.621196 [94mAcc_combined: 63.18 [94mAcc_c: 49.02 [94mAcc_g: 36.82 [92mF1_combined: 59.00 [92mF1_c: 44.16 [92mF1_g: 32.31 [39m
2026-07-26 04:59:28,364 - Agent - INFO - [37mTest Epoch 24 step 24 with [31mce_loss_combined : 1.170955 [31mce_loss_c : 1.544955 [31mce_loss_g : 1.721943 [31mkl_synergy_rand_1 : 0.380632 [31mkl_synergy_rand_2 : 0.540127 [31mkl_synergy_1 : 0.385082 [31mkl_synergy_2 : 0.522861 [31mtotal : 2.999658 [31mdiag_kl_1 : 0.557290 [31mdiag_kl_2 : 0.615189 [94mAcc_combined: 63.49 [94mAcc_c: 48.82 [94mAcc_g: 40.36 [92mF1_combined: 58.34 [92mF1_c: 44.65 [92mF1_g: 34.89 [39m
2026-07-26 05:00:55,959 - Evaluator - INFO - New best with loss-
2026-07-26 05:00:55,959 - Agent - INFO - [37mVal Epoch 25 step 25 with [31mce_loss_combined : 1.145478 [31mce_loss_c : 1.546533 [31mce_loss_g : 1.718297 [31mkl_synergy_rand_1 : 0.357741 [31mkl_synergy_rand_2 : 0.495251 [31mkl_synergy_1 : 0.353353 [31mkl_synergy_2 : 0.489548 [31mtotal : 2.841372 [31mdiag_kl_1 : 0.513422 [31mdiag_kl_2 : 0.599546 [94mAcc_combined: 63.98 [94mAcc_c: 49.83 [94mAcc_g: 38.43 [92mF1_combined: 59.59 [92mF1_c: 44.86 [92mF1_g: 33.16 [39m
2026-07-26 05:00:55,975 - Agent - INFO - [37mTest Epoch 25 step 25 with [31mce_loss_combined : 1.150944 [31mce_loss_c : 1.558089 [31mce_loss_g : 1.676697 [31mkl_synergy_rand_1 : 0.388455 [31mkl_synergy_rand_2 : 0.526269 [31mkl_synergy_1 : 0.382309 [31mkl_synergy_2 : 0.512274 [31mtotal : 2.960251 [31mdiag_kl_1 : 0.517429 [31mdiag_kl_2 : 0.590980 [94mAcc_combined: 65.31 [94mAcc_c: 48.82 [94mAcc_g: 40.79 [92mF1_combined: 60.32 [92mF1_c: 44.59 [92mF1_g: 34.15 [39m
2026-07-26 05:00:57,569 - Agent - INFO - [37mModel saved successfully at: ./data/data/2025_data/synergy/CremadPlus/v2/SynIB_RMask_U_REFABL_cremad_fold2_l1.0_ir0.5_perturbrandom_fillema_pmin0.20_refanchor_legacy.pth.tar[39m
2026-07-26 05:02:22,991 - Evaluator - INFO - New best with loss-
2026-07-26 05:02:22,992 - Agent - INFO - [37mVal Epoch 26 step 26 with [31mce_loss_combined : 1.144387 [31mce_loss_c : 1.531414 [31mce_loss_g : 1.720190 [31mkl_synergy_rand_1 : 0.355254 [31mkl_synergy_rand_2 : 0.488883 [31mkl_synergy_1 : 0.355042 [31mkl_synergy_2 : 0.477406 [31mtotal : 2.820972 [31mdiag_kl_1 : 0.511139 [31mdiag_kl_2 : 0.595742 [94mAcc_combined: 64.10 [94mAcc_c: 49.71 [94mAcc_g: 37.63 [92mF1_combined: 60.19 [92mF1_c: 44.48 [92mF1_g: 32.94 [39m
2026-07-26 05:02:23,007 - Agent - INFO - [37mTest Epoch 26 step 26 with [31mce_loss_combined : 1.148507 [31mce_loss_c : 1.555605 [31mce_loss_g : 1.690161 [31mkl_synergy_rand_1 : 0.384722 [31mkl_synergy_rand_2 : 0.514881 [31mkl_synergy_1 : 0.387492 [31mkl_synergy_2 : 0.506118 [31mtotal : 2.941719 [31mdiag_kl_1 : 0.511222 [31mdiag_kl_2 : 0.602878 [94mAcc_combined: 64.88 [94mAcc_c: 48.72 [94mAcc_g: 39.94 [92mF1_combined: 60.09 [92mF1_c: 44.58 [92mF1_g: 33.74 [39m
2026-07-26 05:02:24,656 - Agent - INFO - [37mModel saved successfully at: ./data/data/2025_data/synergy/CremadPlus/v2/SynIB_RMask_U_REFABL_cremad_fold2_l1.0_ir0.5_perturbrandom_fillema_pmin0.20_refanchor_legacy.pth.tar[39m
2026-07-26 05:03:53,923 - Agent - INFO - [37mVal Epoch 27 step 27 with [31mce_loss_combined : 1.158063 [31mce_loss_c : 1.552142 [31mce_loss_g : 1.730278 [31mkl_synergy_rand_1 : 0.353089 [31mkl_synergy_rand_2 : 0.487026 [31mkl_synergy_1 : 0.351125 [31mkl_synergy_2 : 0.479791 [31mtotal : 2.829093 [31mdiag_kl_1 : 0.518804 [31mdiag_kl_2 : 0.597797 [94mAcc_combined: 62.95 [94mAcc_c: 48.68 [94mAcc_g: 37.40 [92mF1_combined: 58.92 [92mF1_c: 43.87 [92mF1_g: 32.96 [39m
2026-07-26 05:03:53,947 - Agent - INFO - [37mTest Epoch 27 step 27 with [31mce_loss_combined : 1.155765 [31mce_loss_c : 1.544371 [31mce_loss_g : 1.687258 [31mkl_synergy_rand_1 : 0.382006 [31mkl_synergy_rand_2 : 0.514482 [31mkl_synergy_1 : 0.386230 [31mkl_synergy_2 : 0.501836 [31mtotal : 2.940318 [31mdiag_kl_1 : 0.527241 [31mdiag_kl_2 : 0.595769 [94mAcc_combined: 64.45 [94mAcc_c: 49.36 [94mAcc_g: 40.15 [92mF1_combined: 59.70 [92mF1_c: 45.09 [92mF1_g: 34.20 [39m
2026-07-26 05:05:20,463 - Agent - INFO - [37mVal Epoch 28 step 28 with [31mce_loss_combined : 1.146178 [31mce_loss_c : 1.538322 [31mce_loss_g : 1.726927 [31mkl_synergy_rand_1 : 0.347548 [31mkl_synergy_rand_2 : 0.486124 [31mkl_synergy_1 : 0.348146 [31mkl_synergy_2 : 0.484352 [31mtotal : 2.812346 [31mdiag_kl_1 : 0.512275 [31mdiag_kl_2 : 0.601802 [94mAcc_combined: 63.52 [94mAcc_c: 49.83 [94mAcc_g: 37.63 [92mF1_combined: 59.59 [92mF1_c: 44.96 [92mF1_g: 33.24 [39m
2026-07-26 05:05:20,479 - Agent - INFO - [37mTest Epoch 28 step 28 with [31mce_loss_combined : 1.145742 [31mce_loss_c : 1.550942 [31mce_loss_g : 1.678582 [31mkl_synergy_rand_1 : 0.378758 [31mkl_synergy_rand_2 : 0.509282 [31mkl_synergy_1 : 0.383115 [31mkl_synergy_2 : 0.503783 [31mtotal : 2.920680 [31mdiag_kl_1 : 0.510434 [31mdiag_kl_2 : 0.605465 [94mAcc_combined: 64.88 [94mAcc_c: 48.82 [94mAcc_g: 39.94 [92mF1_combined: 60.15 [92mF1_c: 44.64 [92mF1_g: 33.67 [39m
2026-07-26 05:06:47,966 - Agent - INFO - [37mVal Epoch 29 step 29 with [31mce_loss_combined : 1.148372 [31mce_loss_c : 1.533815 [31mce_loss_g : 1.736284 [31mkl_synergy_rand_1 : 0.356190 [31mkl_synergy_rand_2 : 0.493040 [31mkl_synergy_1 : 0.349640 [31mkl_synergy_2 : 0.485175 [31mtotal : 2.832418 [31mdiag_kl_1 : 0.511551 [31mdiag_kl_2 : 0.600246 [94mAcc_combined: 63.41 [94mAcc_c: 49.94 [94mAcc_g: 37.17 [92mF1_combined: 59.58 [92mF1_c: 45.10 [92mF1_g: 32.88 [39m
2026-07-26 05:06:47,982 - Agent - INFO - [37mTest Epoch 29 step 29 with [31mce_loss_combined : 1.149275 [31mce_loss_c : 1.549675 [31mce_loss_g : 1.689078 [31mkl_synergy_rand_1 : 0.381440 [31mkl_synergy_rand_2 : 0.512863 [31mkl_synergy_1 : 0.382003 [31mkl_synergy_2 : 0.507267 [31mtotal : 2.932849 [31mdiag_kl_1 : 0.509986 [31mdiag_kl_2 : 0.592130 [94mAcc_combined: 64.88 [94mAcc_c: 48.50 [94mAcc_g: 38.97 [92mF1_combined: 60.38 [92mF1_c: 44.16 [92mF1_g: 33.12 [39m
2026-07-26 05:08:18,183 - Agent - INFO - [37mVal Epoch 30 step 30 with [31mce_loss_combined : 1.151885 [31mce_loss_c : 1.534566 [31mce_loss_g : 1.738873 [31mkl_synergy_rand_1 : 0.351221 [31mkl_synergy_rand_2 : 0.487342 [31mkl_synergy_1 : 0.352494 [31mkl_synergy_2 : 0.476675 [31mtotal : 2.819617 [31mdiag_kl_1 : 0.512029 [31mdiag_kl_2 : 0.598415 [94mAcc_combined: 63.41 [94mAcc_c: 49.60 [94mAcc_g: 37.63 [92mF1_combined: 59.62 [92mF1_c: 44.76 [92mF1_g: 33.34 [39m
2026-07-26 05:08:18,199 - Agent - INFO - [37mTest Epoch 30 step 30 with [31mce_loss_combined : 1.151403 [31mce_loss_c : 1.553714 [31mce_loss_g : 1.686727 [31mkl_synergy_rand_1 : 0.382973 [31mkl_synergy_rand_2 : 0.516425 [31mkl_synergy_1 : 0.386682 [31mkl_synergy_2 : 0.505992 [31mtotal : 2.943475 [31mdiag_kl_1 : 0.511968 [31mdiag_kl_2 : 0.602296 [94mAcc_combined: 65.31 [94mAcc_c: 48.93 [94mAcc_g: 39.08 [92mF1_combined: 60.70 [92mF1_c: 44.70 [92mF1_g: 33.35 [39m
2026-07-26 05:09:51,925 - Agent - INFO - [37mVal Epoch 31 step 31 with [31mce_loss_combined : 1.153385 [31mce_loss_c : 1.536280 [31mce_loss_g : 1.730867 [31mkl_synergy_rand_1 : 0.355808 [31mkl_synergy_rand_2 : 0.491484 [31mkl_synergy_1 : 0.356287 [31mkl_synergy_2 : 0.485309 [31mtotal : 2.842273 [31mdiag_kl_1 : 0.516123 [31mdiag_kl_2 : 0.608892 [94mAcc_combined: 63.18 [94mAcc_c: 49.25 [94mAcc_g: 37.86 [92mF1_combined: 59.12 [92mF1_c: 44.45 [92mF1_g: 33.28 [39m
2026-07-26 05:09:51,944 - Agent - INFO - [37mTest Epoch 31 step 31 with [31mce_loss_combined : 1.152009 [31mce_loss_c : 1.546762 [31mce_loss_g : 1.679235 [31mkl_synergy_rand_1 : 0.380362 [31mkl_synergy_rand_2 : 0.519557 [31mkl_synergy_1 : 0.388717 [31mkl_synergy_2 : 0.502568 [31mtotal : 2.943213 [31mdiag_kl_1 : 0.520337 [31mdiag_kl_2 : 0.595556 [94mAcc_combined: 64.78 [94mAcc_c: 48.72 [94mAcc_g: 39.83 [92mF1_combined: 59.74 [92mF1_c: 44.51 [92mF1_g: 33.73 [39m
2026-07-26 05:11:17,066 - Agent - INFO - [37mVal Epoch 32 step 32 with [31mce_loss_combined : 1.152458 [31mce_loss_c : 1.535416 [31mce_loss_g : 1.742042 [31mkl_synergy_rand_1 : 0.353216 [31mkl_synergy_rand_2 : 0.488422 [31mkl_synergy_1 : 0.344618 [31mkl_synergy_2 : 0.477620 [31mtotal : 2.816334 [31mdiag_kl_1 : 0.512837 [31mdiag_kl_2 : 0.607660 [94mAcc_combined: 63.29 [94mAcc_c: 49.83 [94mAcc_g: 37.05 [92mF1_combined: 59.30 [92mF1_c: 44.94 [92mF1_g: 32.76 [39m
2026-07-26 05:11:17,082 - Agent - INFO - [37mTest Epoch 32 step 32 with [31mce_loss_combined : 1.153026 [31mce_loss_c : 1.544278 [31mce_loss_g : 1.695056 [31mkl_synergy_rand_1 : 0.379600 [31mkl_synergy_rand_2 : 0.516367 [31mkl_synergy_1 : 0.377872 [31mkl_synergy_2 : 0.499727 [31mtotal : 2.926592 [31mdiag_kl_1 : 0.510882 [31mdiag_kl_2 : 0.591083 [94mAcc_combined: 65.20 [94mAcc_c: 48.29 [94mAcc_g: 38.65 [92mF1_combined: 60.52 [92mF1_c: 44.20 [92mF1_g: 32.88 [39m
2026-07-26 05:12:45,714 - Evaluator - INFO - New best with loss-
2026-07-26 05:12:45,714 - Agent - INFO - [37mVal Epoch 33 step 33 with [31mce_loss_combined : 1.141432 [31mce_loss_c : 1.528299 [31mce_loss_g : 1.714157 [31mkl_synergy_rand_1 : 0.348738 [31mkl_synergy_rand_2 : 0.474330 [31mkl_synergy_1 : 0.350111 [31mkl_synergy_2 : 0.463043 [31mtotal : 2.777654 [31mdiag_kl_1 : 0.497395 [31mdiag_kl_2 : 0.626638 [94mAcc_combined: 63.18 [94mAcc_c: 49.83 [94mAcc_g: 38.20 [92mF1_combined: 59.12 [92mF1_c: 44.65 [92mF1_g: 33.61 [39m
2026-07-26 05:12:45,730 - Agent - INFO - [37mTest Epoch 33 step 33 with [31mce_loss_combined : 1.148629 [31mce_loss_c : 1.553761 [31mce_loss_g : 1.690928 [31mkl_synergy_rand_1 : 0.382807 [31mkl_synergy_rand_2 : 0.511178 [31mkl_synergy_1 : 0.379990 [31mkl_synergy_2 : 0.495664 [31mtotal : 2.918267 [31mdiag_kl_1 : 0.498349 [31mdiag_kl_2 : 0.613551 [94mAcc_combined: 65.20 [94mAcc_c: 49.04 [94mAcc_g: 38.33 [92mF1_combined: 60.40 [92mF1_c: 44.71 [92mF1_g: 32.14 [39m
2026-07-26 05:12:47,409 - Agent - INFO - [37mModel saved successfully at: ./data/data/2025_data/synergy/CremadPlus/v2/SynIB_RMask_U_REFABL_cremad_fold2_l1.0_ir0.5_perturbrandom_fillema_pmin0.20_refanchor_legacy.pth.tar[39m
2026-07-26 05:14:13,787 - Evaluator - INFO - New best with loss-
2026-07-26 05:14:13,788 - Agent - INFO - [37mVal Epoch 34 step 34 with [31mce_loss_combined : 1.139467 [31mce_loss_c : 1.528037 [31mce_loss_g : 1.672551 [31mkl_synergy_rand_1 : 0.348674 [31mkl_synergy_rand_2 : 0.482188 [31mkl_synergy_1 : 0.345793 [31mkl_synergy_2 : 0.477806 [31mtotal : 2.793929 [31mdiag_kl_1 : 0.501403 [31mdiag_kl_2 : 0.595597 [94mAcc_combined: 63.41 [94mAcc_c: 49.71 [94mAcc_g: 39.24 [92mF1_combined: 58.89 [92mF1_c: 44.74 [92mF1_g: 34.22 [39m
2026-07-26 05:14:13,810 - Agent - INFO - [37mTest Epoch 34 step 34 with [31mce_loss_combined : 1.138596 [31mce_loss_c : 1.542750 [31mce_loss_g : 1.634732 [31mkl_synergy_rand_1 : 0.375528 [31mkl_synergy_rand_2 : 0.505655 [31mkl_synergy_1 : 0.382542 [31mkl_synergy_2 : 0.495223 [31mtotal : 2.897545 [31mdiag_kl_1 : 0.492762 [31mdiag_kl_2 : 0.581539 [94mAcc_combined: 65.85 [94mAcc_c: 49.14 [94mAcc_g: 42.08 [92mF1_combined: 60.98 [92mF1_c: 44.68 [92mF1_g: 36.16 [39m
2026-07-26 05:14:15,483 - Agent - INFO - [37mModel saved successfully at: ./data/data/2025_data/synergy/CremadPlus/v2/SynIB_RMask_U_REFABL_cremad_fold2_l1.0_ir0.5_perturbrandom_fillema_pmin0.20_refanchor_legacy.pth.tar[39m
2026-07-26 05:15:42,436 - Agent - INFO - [37mVal Epoch 35 step 35 with [31mce_loss_combined : 1.143643 [31mce_loss_c : 1.532460 [31mce_loss_g : 1.705769 [31mkl_synergy_rand_1 : 0.350372 [31mkl_synergy_rand_2 : 0.475012 [31mkl_synergy_1 : 0.344444 [31mkl_synergy_2 : 0.462227 [31mtotal : 2.775698 [31mdiag_kl_1 : 0.504601 [31mdiag_kl_2 : 0.600943 [94mAcc_combined: 63.87 [94mAcc_c: 49.60 [94mAcc_g: 39.24 [92mF1_combined: 59.96 [92mF1_c: 44.71 [92mF1_g: 35.04 [39m
2026-07-26 05:15:42,452 - Agent - INFO - [37mTest Epoch 35 step 35 with [31mce_loss_combined : 1.139151 [31mce_loss_c : 1.527201 [31mce_loss_g : 1.654764 [31mkl_synergy_rand_1 : 0.371225 [31mkl_synergy_rand_2 : 0.499544 [31mkl_synergy_1 : 0.378093 [31mkl_synergy_2 : 0.489212 [31mtotal : 2.877224 [31mdiag_kl_1 : 0.497198 [31mdiag_kl_2 : 0.586726 [94mAcc_combined: 65.31 [94mAcc_c: 49.25 [94mAcc_g: 40.47 [92mF1_combined: 60.81 [92mF1_c: 44.68 [92mF1_g: 35.27 [39m
2026-07-26 05:17:07,665 - Agent - INFO - [37mVal Epoch 36 step 36 with [31mce_loss_combined : 1.147057 [31mce_loss_c : 1.517844 [31mce_loss_g : 1.697057 [31mkl_synergy_rand_1 : 0.356998 [31mkl_synergy_rand_2 : 0.494426 [31mkl_synergy_1 : 0.355506 [31mkl_synergy_2 : 0.483039 [31mtotal : 2.837025 [31mdiag_kl_1 : 0.521600 [31mdiag_kl_2 : 0.649555 [94mAcc_combined: 62.72 [94mAcc_c: 49.60 [94mAcc_g: 40.05 [92mF1_combined: 58.40 [92mF1_c: 44.47 [92mF1_g: 34.76 [39m
2026-07-26 05:17:07,684 - Agent - INFO - [37mTest Epoch 36 step 36 with [31mce_loss_combined : 1.162426 [31mce_loss_c : 1.538620 [31mce_loss_g : 1.679307 [31mkl_synergy_rand_1 : 0.380424 [31mkl_synergy_rand_2 : 0.533083 [31mkl_synergy_1 : 0.387989 [31mkl_synergy_2 : 0.523571 [31mtotal : 2.987493 [31mdiag_kl_1 : 0.529726 [31mdiag_kl_2 : 0.619509 [94mAcc_combined: 63.38 [94mAcc_c: 48.72 [94mAcc_g: 42.51 [92mF1_combined: 58.91 [92mF1_c: 44.36 [92mF1_g: 36.07 [39m
2026-07-26 05:18:31,676 - Agent - INFO - [37mVal Epoch 37 step 37 with [31mce_loss_combined : 1.140411 [31mce_loss_c : 1.522002 [31mce_loss_g : 1.675622 [31mkl_synergy_rand_1 : 0.345080 [31mkl_synergy_rand_2 : 0.477634 [31mkl_synergy_1 : 0.340914 [31mkl_synergy_2 : 0.467203 [31mtotal : 2.771242 [31mdiag_kl_1 : 0.505628 [31mdiag_kl_2 : 0.593048 [94mAcc_combined: 63.75 [94mAcc_c: 49.71 [94mAcc_g: 39.82 [92mF1_combined: 59.16 [92mF1_c: 44.58 [92mF1_g: 34.57 [39m
2026-07-26 05:18:31,696 - Agent - INFO - [37mTest Epoch 37 step 37 with [31mce_loss_combined : 1.149681 [31mce_loss_c : 1.530117 [31mce_loss_g : 1.682180 [31mkl_synergy_rand_1 : 0.376084 [31mkl_synergy_rand_2 : 0.502739 [31mkl_synergy_1 : 0.381301 [31mkl_synergy_2 : 0.499355 [31mtotal : 2.909160 [31mdiag_kl_1 : 0.510697 [31mdiag_kl_2 : 0.599500 [94mAcc_combined: 63.92 [94mAcc_c: 49.46 [94mAcc_g: 40.26 [92mF1_combined: 58.86 [92mF1_c: 45.15 [92mF1_g: 33.47 [39m
2026-07-26 05:19:59,788 - Agent - INFO - [37mVal Epoch 38 step 38 with [31mce_loss_combined : 1.151926 [31mce_loss_c : 1.517929 [31mce_loss_g : 1.713741 [31mkl_synergy_rand_1 : 0.345316 [31mkl_synergy_rand_2 : 0.465870 [31mkl_synergy_1 : 0.342882 [31mkl_synergy_2 : 0.452002 [31mtotal : 2.757996 [31mdiag_kl_1 : 0.510937 [31mdiag_kl_2 : 0.599872 [94mAcc_combined: 63.06 [94mAcc_c: 49.37 [94mAcc_g: 39.82 [92mF1_combined: 58.83 [92mF1_c: 44.23 [92mF1_g: 35.61 [39m
2026-07-26 05:19:59,809 - Agent - INFO - [37mTest Epoch 38 step 38 with [31mce_loss_combined : 1.154365 [31mce_loss_c : 1.533268 [31mce_loss_g : 1.677496 [31mkl_synergy_rand_1 : 0.377566 [31mkl_synergy_rand_2 : 0.490987 [31mkl_synergy_1 : 0.377515 [31mkl_synergy_2 : 0.482383 [31mtotal : 2.882815 [31mdiag_kl_1 : 0.497706 [31mdiag_kl_2 : 0.600255 [94mAcc_combined: 64.45 [94mAcc_c: 48.72 [94mAcc_g: 39.40 [92mF1_combined: 59.51 [92mF1_c: 44.34 [92mF1_g: 33.67 [39m
2026-07-26 05:21:28,086 - Agent - INFO - [37mVal Epoch 39 step 39 with [31mce_loss_combined : 1.146581 [31mce_loss_c : 1.519026 [31mce_loss_g : 1.678713 [31mkl_synergy_rand_1 : 0.351241 [31mkl_synergy_rand_2 : 0.479835 [31mkl_synergy_1 : 0.350973 [31mkl_synergy_2 : 0.472319 [31mtotal : 2.800948 [31mdiag_kl_1 : 0.513984 [31mdiag_kl_2 : 0.630019 [94mAcc_combined: 63.75 [94mAcc_c: 49.60 [94mAcc_g: 39.93 [92mF1_combined: 59.56 [92mF1_c: 44.46 [92mF1_g: 34.20 [39m
2026-07-26 05:21:28,102 - Agent - INFO - [37mTest Epoch 39 step 39 with [31mce_loss_combined : 1.152388 [31mce_loss_c : 1.526224 [31mce_loss_g : 1.647563 [31mkl_synergy_rand_1 : 0.372894 [31mkl_synergy_rand_2 : 0.515886 [31mkl_synergy_1 : 0.381123 [31mkl_synergy_2 : 0.506369 [31mtotal : 2.928660 [31mdiag_kl_1 : 0.522671 [31mdiag_kl_2 : 0.613116 [94mAcc_combined: 63.70 [94mAcc_c: 50.00 [94mAcc_g: 41.97 [92mF1_combined: 59.06 [92mF1_c: 45.65 [92mF1_g: 36.31 [39m
2026-07-26 05:22:56,781 - Agent - INFO - [37mVal Epoch 40 step 40 with [31mce_loss_combined : 1.140083 [31mce_loss_c : 1.514984 [31mce_loss_g : 1.659825 [31mkl_synergy_rand_1 : 0.339033 [31mkl_synergy_rand_2 : 0.463707 [31mkl_synergy_1 : 0.335144 [31mkl_synergy_2 : 0.458292 [31mtotal : 2.736260 [31mdiag_kl_1 : 0.482178 [31mdiag_kl_2 : 0.613196 [94mAcc_combined: 64.10 [94mAcc_c: 49.60 [94mAcc_g: 40.28 [92mF1_combined: 60.07 [92mF1_c: 44.46 [92mF1_g: 35.24 [39m
2026-07-26 05:22:56,796 - Agent - INFO - [37mTest Epoch 40 step 40 with [31mce_loss_combined : 1.138328 [31mce_loss_c : 1.523034 [31mce_loss_g : 1.639217 [31mkl_synergy_rand_1 : 0.373129 [31mkl_synergy_rand_2 : 0.473227 [31mkl_synergy_1 : 0.360240 [31mkl_synergy_2 : 0.468424 [31mtotal : 2.813347 [31mdiag_kl_1 : 0.483464 [31mdiag_kl_2 : 0.602539 [94mAcc_combined: 64.13 [94mAcc_c: 49.25 [94mAcc_g: 41.86 [92mF1_combined: 59.31 [92mF1_c: 45.09 [92mF1_g: 35.15 [39m
2026-07-26 05:24:25,942 - Agent - INFO - [37mVal Epoch 41 step 41 with [31mce_loss_combined : 1.154350 [31mce_loss_c : 1.518429 [31mce_loss_g : 1.725259 [31mkl_synergy_rand_1 : 0.345422 [31mkl_synergy_rand_2 : 0.461637 [31mkl_synergy_1 : 0.344239 [31mkl_synergy_2 : 0.446216 [31mtotal : 2.751863 [31mdiag_kl_1 : 0.498647 [31mdiag_kl_2 : 0.626697 [94mAcc_combined: 62.37 [94mAcc_c: 49.71 [94mAcc_g: 38.20 [92mF1_combined: 58.45 [92mF1_c: 44.83 [92mF1_g: 33.58 [39m
2026-07-26 05:24:25,962 - Agent - INFO - [37mTest Epoch 41 step 41 with [31mce_loss_combined : 1.170275 [31mce_loss_c : 1.522241 [31mce_loss_g : 1.713557 [31mkl_synergy_rand_1 : 0.374053 [31mkl_synergy_rand_2 : 0.501991 [31mkl_synergy_1 : 0.375210 [31mkl_synergy_2 : 0.490145 [31mtotal : 2.911674 [31mdiag_kl_1 : 0.511660 [31mdiag_kl_2 : 0.616443 [94mAcc_combined: 62.63 [94mAcc_c: 49.68 [94mAcc_g: 39.72 [92mF1_combined: 58.41 [92mF1_c: 45.45 [92mF1_g: 34.76 [39m
2026-07-26 05:25:53,314 - Agent - INFO - [37mVal Epoch 42 step 42 with [31mce_loss_combined : 1.141481 [31mce_loss_c : 1.517750 [31mce_loss_g : 1.665829 [31mkl_synergy_rand_1 : 0.329858 [31mkl_synergy_rand_2 : 0.466177 [31mkl_synergy_1 : 0.331498 [31mkl_synergy_2 : 0.450467 [31mtotal : 2.719481 [31mdiag_kl_1 : 0.493557 [31mdiag_kl_2 : 0.620874 [94mAcc_combined: 64.10 [94mAcc_c: 49.94 [94mAcc_g: 41.54 [92mF1_combined: 59.90 [92mF1_c: 44.63 [92mF1_g: 36.23 [39m
2026-07-26 05:25:53,332 - Agent - INFO - [37mTest Epoch 42 step 42 with [31mce_loss_combined : 1.145036 [31mce_loss_c : 1.531941 [31mce_loss_g : 1.635462 [31mkl_synergy_rand_1 : 0.365352 [31mkl_synergy_rand_2 : 0.491209 [31mkl_synergy_1 : 0.357024 [31mkl_synergy_2 : 0.478447 [31mtotal : 2.837068 [31mdiag_kl_1 : 0.492703 [31mdiag_kl_2 : 0.610015 [94mAcc_combined: 63.70 [94mAcc_c: 49.36 [94mAcc_g: 42.51 [92mF1_combined: 58.90 [92mF1_c: 45.13 [92mF1_g: 36.78 [39m
2026-07-26 05:27:24,516 - Agent - INFO - [37mVal Epoch 43 step 43 with [31mce_loss_combined : 1.140050 [31mce_loss_c : 1.519559 [31mce_loss_g : 1.653250 [31mkl_synergy_rand_1 : 0.343033 [31mkl_synergy_rand_2 : 0.464770 [31mkl_synergy_1 : 0.347454 [31mkl_synergy_2 : 0.449234 [31mtotal : 2.744540 [31mdiag_kl_1 : 0.500402 [31mdiag_kl_2 : 0.596558 [94mAcc_combined: 63.52 [94mAcc_c: 49.60 [94mAcc_g: 41.08 [92mF1_combined: 59.42 [92mF1_c: 44.35 [92mF1_g: 35.68 [39m
2026-07-26 05:27:24,537 - Agent - INFO - [37mTest Epoch 43 step 43 with [31mce_loss_combined : 1.147414 [31mce_loss_c : 1.529424 [31mce_loss_g : 1.613332 [31mkl_synergy_rand_1 : 0.362395 [31mkl_synergy_rand_2 : 0.489009 [31mkl_synergy_1 : 0.361558 [31mkl_synergy_2 : 0.478792 [31mtotal : 2.839168 [31mdiag_kl_1 : 0.503498 [31mdiag_kl_2 : 0.590179 [94mAcc_combined: 64.03 [94mAcc_c: 49.36 [94mAcc_g: 42.83 [92mF1_combined: 59.12 [92mF1_c: 45.03 [92mF1_g: 37.00 [39m
2026-07-26 05:28:56,378 - Evaluator - INFO - New best with loss-
2026-07-26 05:28:56,378 - Agent - INFO - [37mVal Epoch 44 step 44 with [31mce_loss_combined : 1.124975 [31mce_loss_c : 1.506341 [31mce_loss_g : 1.620840 [31mkl_synergy_rand_1 : 0.329087 [31mkl_synergy_rand_2 : 0.449959 [31mkl_synergy_1 : 0.334101 [31mkl_synergy_2 : 0.438834 [31mtotal : 2.676956 [31mdiag_kl_1 : 0.489973 [31mdiag_kl_2 : 0.600215 [94mAcc_combined: 63.64 [94mAcc_c: 49.60 [94mAcc_g: 41.77 [92mF1_combined: 59.61 [92mF1_c: 44.34 [92mF1_g: 36.25 [39m
2026-07-26 05:28:56,394 - Agent - INFO - [37mTest Epoch 44 step 44 with [31mce_loss_combined : 1.134915 [31mce_loss_c : 1.525074 [31mce_loss_g : 1.612775 [31mkl_synergy_rand_1 : 0.360861 [31mkl_synergy_rand_2 : 0.478635 [31mkl_synergy_1 : 0.365598 [31mkl_synergy_2 : 0.463920 [31mtotal : 2.803929 [31mdiag_kl_1 : 0.486910 [31mdiag_kl_2 : 0.600527 [94mAcc_combined: 63.92 [94mAcc_c: 49.89 [94mAcc_g: 42.08 [92mF1_combined: 59.20 [92mF1_c: 45.51 [92mF1_g: 36.29 [39m
2026-07-26 05:28:58,291 - Agent - INFO - [37mModel saved successfully at: ./data/data/2025_data/synergy/CremadPlus/v2/SynIB_RMask_U_REFABL_cremad_fold2_l1.0_ir0.5_perturbrandom_fillema_pmin0.20_refanchor_legacy.pth.tar[39m
2026-07-26 05:30:27,514 - Agent - INFO - [37mVal Epoch 45 step 45 with [31mce_loss_combined : 1.134170 [31mce_loss_c : 1.511232 [31mce_loss_g : 1.643882 [31mkl_synergy_rand_1 : 0.338525 [31mkl_synergy_rand_2 : 0.461938 [31mkl_synergy_1 : 0.347438 [31mkl_synergy_2 : 0.442864 [31mtotal : 2.724934 [31mdiag_kl_1 : 0.505996 [31mdiag_kl_2 : 0.613692 [94mAcc_combined: 64.21 [94mAcc_c: 49.60 [94mAcc_g: 42.00 [92mF1_combined: 60.22 [92mF1_c: 44.68 [92mF1_g: 36.20 [39m
2026-07-26 05:30:27,529 - Agent - INFO - [37mTest Epoch 45 step 45 with [31mce_loss_combined : 1.144947 [31mce_loss_c : 1.532296 [31mce_loss_g : 1.609708 [31mkl_synergy_rand_1 : 0.364446 [31mkl_synergy_rand_2 : 0.492120 [31mkl_synergy_1 : 0.366932 [31mkl_synergy_2 : 0.481276 [31mtotal : 2.849721 [31mdiag_kl_1 : 0.504813 [31mdiag_kl_2 : 0.604092 [94mAcc_combined: 64.45 [94mAcc_c: 49.14 [94mAcc_g: 44.22 [92mF1_combined: 59.77 [92mF1_c: 44.92 [92mF1_g: 38.55 [39m
2026-07-26 05:31:58,587 - Agent - INFO - [37mVal Epoch 46 step 46 with [31mce_loss_combined : 1.139627 [31mce_loss_c : 1.509993 [31mce_loss_g : 1.642303 [31mkl_synergy_rand_1 : 0.337553 [31mkl_synergy_rand_2 : 0.456890 [31mkl_synergy_1 : 0.336026 [31mkl_synergy_2 : 0.443108 [31mtotal : 2.713203 [31mdiag_kl_1 : 0.499584 [31mdiag_kl_2 : 0.612971 [94mAcc_combined: 63.75 [94mAcc_c: 49.83 [94mAcc_g: 41.54 [92mF1_combined: 59.71 [92mF1_c: 44.82 [92mF1_g: 36.00 [39m
2026-07-26 05:31:58,603 - Agent - INFO - [37mTest Epoch 46 step 46 with [31mce_loss_combined : 1.148493 [31mce_loss_c : 1.522438 [31mce_loss_g : 1.618798 [31mkl_synergy_rand_1 : 0.356581 [31mkl_synergy_rand_2 : 0.482108 [31mkl_synergy_1 : 0.356179 [31mkl_synergy_2 : 0.475143 [31mtotal : 2.818504 [31mdiag_kl_1 : 0.508363 [31mdiag_kl_2 : 0.608542 [94mAcc_combined: 63.38 [94mAcc_c: 49.46 [94mAcc_g: 43.90 [92mF1_combined: 58.37 [92mF1_c: 45.20 [92mF1_g: 37.70 [39m
2026-07-26 05:33:34,702 - Agent - INFO - [37mVal Epoch 47 step 47 with [31mce_loss_combined : 1.128537 [31mce_loss_c : 1.500894 [31mce_loss_g : 1.634953 [31mkl_synergy_rand_1 : 0.338101 [31mkl_synergy_rand_2 : 0.447895 [31mkl_synergy_1 : 0.336506 [31mkl_synergy_2 : 0.436208 [31mtotal : 2.687247 [31mdiag_kl_1 : 0.479980 [31mdiag_kl_2 : 0.611118 [94mAcc_combined: 63.29 [94mAcc_c: 50.17 [94mAcc_g: 42.00 [92mF1_combined: 59.37 [92mF1_c: 44.80 [92mF1_g: 36.47 [39m
2026-07-26 05:33:34,719 - Agent - INFO - [37mTest Epoch 47 step 47 with [31mce_loss_combined : 1.137098 [31mce_loss_c : 1.520982 [31mce_loss_g : 1.617378 [31mkl_synergy_rand_1 : 0.357999 [31mkl_synergy_rand_2 : 0.476934 [31mkl_synergy_1 : 0.354049 [31mkl_synergy_2 : 0.460591 [31mtotal : 2.786671 [31mdiag_kl_1 : 0.490137 [31mdiag_kl_2 : 0.605268 [94mAcc_combined: 64.03 [94mAcc_c: 49.89 [94mAcc_g: 42.61 [92mF1_combined: 59.45 [92mF1_c: 45.33 [92mF1_g: 36.60 [39m
2026-07-26 05:34:57,182 - Agent - INFO - [37mVal Epoch 48 step 48 with [31mce_loss_combined : 1.127713 [31mce_loss_c : 1.501254 [31mce_loss_g : 1.614390 [31mkl_synergy_rand_1 : 0.329105 [31mkl_synergy_rand_2 : 0.444018 [31mkl_synergy_1 : 0.333737 [31mkl_synergy_2 : 0.440760 [31mtotal : 2.675332 [31mdiag_kl_1 : 0.496241 [31mdiag_kl_2 : 0.617414 [94mAcc_combined: 63.87 [94mAcc_c: 50.06 [94mAcc_g: 42.58 [92mF1_combined: 60.03 [92mF1_c: 44.74 [92mF1_g: 37.60 [39m
2026-07-26 05:34:57,198 - Agent - INFO - [37mTest Epoch 48 step 48 with [31mce_loss_combined : 1.137275 [31mce_loss_c : 1.517874 [31mce_loss_g : 1.599308 [31mkl_synergy_rand_1 : 0.356469 [31mkl_synergy_rand_2 : 0.486932 [31mkl_synergy_1 : 0.355859 [31mkl_synergy_2 : 0.473879 [31mtotal : 2.810415 [31mdiag_kl_1 : 0.507770 [31mdiag_kl_2 : 0.612352 [94mAcc_combined: 63.81 [94mAcc_c: 49.68 [94mAcc_g: 43.15 [92mF1_combined: 59.23 [92mF1_c: 45.31 [92mF1_g: 37.37 [39m
2026-07-26 05:36:25,414 - Agent - INFO - [37mVal Epoch 49 step 49 with [31mce_loss_combined : 1.132527 [31mce_loss_c : 1.509957 [31mce_loss_g : 1.619876 [31mkl_synergy_rand_1 : 0.331653 [31mkl_synergy_rand_2 : 0.443307 [31mkl_synergy_1 : 0.329132 [31mkl_synergy_2 : 0.432453 [31mtotal : 2.669071 [31mdiag_kl_1 : 0.491348 [31mdiag_kl_2 : 0.605941 [94mAcc_combined: 63.29 [94mAcc_c: 49.14 [94mAcc_g: 42.35 [92mF1_combined: 59.50 [92mF1_c: 44.04 [92mF1_g: 36.61 [39m
2026-07-26 05:36:25,437 - Agent - INFO - [37mTest Epoch 49 step 49 with [31mce_loss_combined : 1.139269 [31mce_loss_c : 1.516205 [31mce_loss_g : 1.595945 [31mkl_synergy_rand_1 : 0.357285 [31mkl_synergy_rand_2 : 0.470032 [31mkl_synergy_1 : 0.358567 [31mkl_synergy_2 : 0.464036 [31mtotal : 2.789188 [31mdiag_kl_1 : 0.506503 [31mdiag_kl_2 : 0.598812 [94mAcc_combined: 64.13 [94mAcc_c: 49.57 [94mAcc_g: 43.25 [92mF1_combined: 59.50 [92mF1_c: 45.06 [92mF1_g: 37.13 [39m
2026-07-26 05:37:54,756 - Agent - INFO - [37mVal Epoch 50 step 50 with [31mce_loss_combined : 1.136976 [31mce_loss_c : 1.509047 [31mce_loss_g : 1.631190 [31mkl_synergy_rand_1 : 0.333498 [31mkl_synergy_rand_2 : 0.449833 [31mkl_synergy_1 : 0.333932 [31mkl_synergy_2 : 0.432756 [31mtotal : 2.686995 [31mdiag_kl_1 : 0.500849 [31mdiag_kl_2 : 0.601323 [94mAcc_combined: 63.75 [94mAcc_c: 49.60 [94mAcc_g: 42.69 [92mF1_combined: 59.77 [92mF1_c: 44.33 [92mF1_g: 36.97 [39m
2026-07-26 05:37:54,777 - Agent - INFO - [37mTest Epoch 50 step 50 with [31mce_loss_combined : 1.141587 [31mce_loss_c : 1.523458 [31mce_loss_g : 1.605981 [31mkl_synergy_rand_1 : 0.355623 [31mkl_synergy_rand_2 : 0.478172 [31mkl_synergy_1 : 0.357227 [31mkl_synergy_2 : 0.466066 [31mtotal : 2.798676 [31mdiag_kl_1 : 0.502047 [31mdiag_kl_2 : 0.593623 [94mAcc_combined: 64.13 [94mAcc_c: 49.68 [94mAcc_g: 43.68 [92mF1_combined: 59.39 [92mF1_c: 45.05 [92mF1_g: 37.06 [39m
2026-07-26 05:39:28,029 - Agent - INFO - [37mVal Epoch 51 step 51 with [31mce_loss_combined : 1.134269 [31mce_loss_c : 1.507112 [31mce_loss_g : 1.623482 [31mkl_synergy_rand_1 : 0.332987 [31mkl_synergy_rand_2 : 0.442687 [31mkl_synergy_1 : 0.337587 [31mkl_synergy_2 : 0.431210 [31mtotal : 2.678739 [31mdiag_kl_1 : 0.494460 [31mdiag_kl_2 : 0.608849 [94mAcc_combined: 63.41 [94mAcc_c: 49.60 [94mAcc_g: 42.12 [92mF1_combined: 59.44 [92mF1_c: 44.39 [92mF1_g: 36.42 [39m
2026-07-26 05:39:28,050 - Agent - INFO - [37mTest Epoch 51 step 51 with [31mce_loss_combined : 1.141480 [31mce_loss_c : 1.520429 [31mce_loss_g : 1.602391 [31mkl_synergy_rand_1 : 0.356129 [31mkl_synergy_rand_2 : 0.478269 [31mkl_synergy_1 : 0.356220 [31mkl_synergy_2 : 0.466690 [31mtotal : 2.798788 [31mdiag_kl_1 : 0.505715 [31mdiag_kl_2 : 0.600385 [94mAcc_combined: 64.56 [94mAcc_c: 49.79 [94mAcc_g: 43.25 [92mF1_combined: 59.71 [92mF1_c: 45.20 [92mF1_g: 36.96 [39m
2026-07-26 05:40:53,092 - Agent - INFO - [37mVal Epoch 52 step 52 with [31mce_loss_combined : 1.130476 [31mce_loss_c : 1.501294 [31mce_loss_g : 1.617617 [31mkl_synergy_rand_1 : 0.332785 [31mkl_synergy_rand_2 : 0.442260 [31mkl_synergy_1 : 0.330109 [31mkl_synergy_2 : 0.433294 [31mtotal : 2.668924 [31mdiag_kl_1 : 0.494380 [31mdiag_kl_2 : 0.605555 [94mAcc_combined: 63.98 [94mAcc_c: 49.37 [94mAcc_g: 42.58 [92mF1_combined: 59.90 [92mF1_c: 44.51 [92mF1_g: 36.53 [39m
2026-07-26 05:40:53,115 - Agent - INFO - [37mTest Epoch 52 step 52 with [31mce_loss_combined : 1.139952 [31mce_loss_c : 1.519180 [31mce_loss_g : 1.593052 [31mkl_synergy_rand_1 : 0.357222 [31mkl_synergy_rand_2 : 0.471158 [31mkl_synergy_1 : 0.357985 [31mkl_synergy_2 : 0.466182 [31mtotal : 2.792498 [31mdiag_kl_1 : 0.496655 [31mdiag_kl_2 : 0.594077 [94mAcc_combined: 64.03 [94mAcc_c: 49.25 [94mAcc_g: 44.97 [92mF1_combined: 59.18 [92mF1_c: 44.75 [92mF1_g: 38.19 [39m
2026-07-26 05:42:20,532 - Agent - INFO - [37mVal Epoch 53 step 53 with [31mce_loss_combined : 1.126484 [31mce_loss_c : 1.500782 [31mce_loss_g : 1.613438 [31mkl_synergy_rand_1 : 0.333732 [31mkl_synergy_rand_2 : 0.437232 [31mkl_synergy_1 : 0.334666 [31mkl_synergy_2 : 0.424084 [31mtotal : 2.656198 [31mdiag_kl_1 : 0.500604 [31mdiag_kl_2 : 0.609145 [94mAcc_combined: 63.75 [94mAcc_c: 49.37 [94mAcc_g: 42.92 [92mF1_combined: 59.60 [92mF1_c: 44.51 [92mF1_g: 37.20 [39m
2026-07-26 05:42:20,560 - Agent - INFO - [37mTest Epoch 53 step 53 with [31mce_loss_combined : 1.139440 [31mce_loss_c : 1.519691 [31mce_loss_g : 1.591129 [31mkl_synergy_rand_1 : 0.362375 [31mkl_synergy_rand_2 : 0.476310 [31mkl_synergy_1 : 0.364126 [31mkl_synergy_2 : 0.456488 [31mtotal : 2.798739 [31mdiag_kl_1 : 0.500149 [31mdiag_kl_2 : 0.591199 [94mAcc_combined: 65.10 [94mAcc_c: 49.14 [94mAcc_g: 44.75 [92mF1_combined: 60.49 [92mF1_c: 44.98 [92mF1_g: 38.35 [39m
2026-07-26 05:43:57,251 - Agent - INFO - [37mVal Epoch 54 step 54 with [31mce_loss_combined : 1.132606 [31mce_loss_c : 1.516119 [31mce_loss_g : 1.614654 [31mkl_synergy_rand_1 : 0.330819 [31mkl_synergy_rand_2 : 0.443403 [31mkl_synergy_1 : 0.336600 [31mkl_synergy_2 : 0.428763 [31mtotal : 2.672190 [31mdiag_kl_1 : 0.500314 [31mdiag_kl_2 : 0.602019 [94mAcc_combined: 63.41 [94mAcc_c: 49.37 [94mAcc_g: 42.81 [92mF1_combined: 59.32 [92mF1_c: 44.09 [92mF1_g: 36.91 [39m
2026-07-26 05:43:57,267 - Agent - INFO - [37mTest Epoch 54 step 54 with [31mce_loss_combined : 1.138862 [31mce_loss_c : 1.524993 [31mce_loss_g : 1.587125 [31mkl_synergy_rand_1 : 0.359370 [31mkl_synergy_rand_2 : 0.468029 [31mkl_synergy_1 : 0.361556 [31mkl_synergy_2 : 0.457648 [31mtotal : 2.785464 [31mdiag_kl_1 : 0.504185 [31mdiag_kl_2 : 0.594836 [94mAcc_combined: 65.31 [94mAcc_c: 49.25 [94mAcc_g: 44.75 [92mF1_combined: 60.65 [92mF1_c: 44.64 [92mF1_g: 38.27 [39m
2026-07-26 05:45:29,428 - Agent - INFO - [37mVal Epoch 55 step 55 with [31mce_loss_combined : 1.127764 [31mce_loss_c : 1.501615 [31mce_loss_g : 1.610292 [31mkl_synergy_rand_1 : 0.331151 [31mkl_synergy_rand_2 : 0.446866 [31mkl_synergy_1 : 0.334247 [31mkl_synergy_2 : 0.430774 [31mtotal : 2.670803 [31mdiag_kl_1 : 0.498340 [31mdiag_kl_2 : 0.613838 [94mAcc_combined: 64.10 [94mAcc_c: 48.91 [94mAcc_g: 43.73 [92mF1_combined: 60.07 [92mF1_c: 43.88 [92mF1_g: 37.80 [39m
2026-07-26 05:45:29,444 - Agent - INFO - [37mTest Epoch 55 step 55 with [31mce_loss_combined : 1.137835 [31mce_loss_c : 1.519656 [31mce_loss_g : 1.580054 [31mkl_synergy_rand_1 : 0.354261 [31mkl_synergy_rand_2 : 0.468870 [31mkl_synergy_1 : 0.358617 [31mkl_synergy_2 : 0.460371 [31mtotal : 2.779954 [31mdiag_kl_1 : 0.501325 [31mdiag_kl_2 : 0.609904 [94mAcc_combined: 64.35 [94mAcc_c: 49.04 [94mAcc_g: 45.72 [92mF1_combined: 59.57 [92mF1_c: 44.70 [92mF1_g: 39.12 [39m
2026-07-26 05:46:58,023 - Agent - INFO - [37mVal Epoch 56 step 56 with [31mce_loss_combined : 1.129882 [31mce_loss_c : 1.509179 [31mce_loss_g : 1.609261 [31mkl_synergy_rand_1 : 0.332759 [31mkl_synergy_rand_2 : 0.445921 [31mkl_synergy_1 : 0.337124 [31mkl_synergy_2 : 0.425920 [31mtotal : 2.671606 [31mdiag_kl_1 : 0.492196 [31mdiag_kl_2 : 0.599080 [94mAcc_combined: 63.52 [94mAcc_c: 49.60 [94mAcc_g: 43.38 [92mF1_combined: 59.46 [92mF1_c: 44.28 [92mF1_g: 37.52 [39m
2026-07-26 05:46:58,045 - Agent - INFO - [37mTest Epoch 56 step 56 with [31mce_loss_combined : 1.134870 [31mce_loss_c : 1.529911 [31mce_loss_g : 1.584680 [31mkl_synergy_rand_1 : 0.354651 [31mkl_synergy_rand_2 : 0.475080 [31mkl_synergy_1 : 0.354755 [31mkl_synergy_2 : 0.461357 [31mtotal : 2.780714 [31mdiag_kl_1 : 0.498650 [31mdiag_kl_2 : 0.591741 [94mAcc_combined: 64.99 [94mAcc_c: 49.57 [94mAcc_g: 44.54 [92mF1_combined: 60.43 [92mF1_c: 44.85 [92mF1_g: 38.02 [39m
2026-07-26 05:48:24,429 - Agent - INFO - [37mVal Epoch 57 step 57 with [31mce_loss_combined : 1.136153 [31mce_loss_c : 1.516689 [31mce_loss_g : 1.611987 [31mkl_synergy_rand_1 : 0.336041 [31mkl_synergy_rand_2 : 0.437218 [31mkl_synergy_1 : 0.333589 [31mkl_synergy_2 : 0.426997 [31mtotal : 2.670000 [31mdiag_kl_1 : 0.502786 [31mdiag_kl_2 : 0.611899 [94mAcc_combined: 63.87 [94mAcc_c: 48.68 [94mAcc_g: 43.15 [92mF1_combined: 60.09 [92mF1_c: 43.61 [92mF1_g: 37.42 [39m
2026-07-26 05:48:24,453 - Agent - INFO - [37mTest Epoch 57 step 57 with [31mce_loss_combined : 1.140525 [31mce_loss_c : 1.521395 [31mce_loss_g : 1.590329 [31mkl_synergy_rand_1 : 0.360688 [31mkl_synergy_rand_2 : 0.470625 [31mkl_synergy_1 : 0.365116 [31mkl_synergy_2 : 0.452656 [31mtotal : 2.789610 [31mdiag_kl_1 : 0.507965 [31mdiag_kl_2 : 0.601285 [94mAcc_combined: 63.81 [94mAcc_c: 49.79 [94mAcc_g: 44.65 [92mF1_combined: 59.30 [92mF1_c: 45.36 [92mF1_g: 38.14 [39m
2026-07-26 05:49:44,485 - Agent - INFO - [37mVal Epoch 58 step 58 with [31mce_loss_combined : 1.129732 [31mce_loss_c : 1.505798 [31mce_loss_g : 1.601770 [31mkl_synergy_rand_1 : 0.330001 [31mkl_synergy_rand_2 : 0.447248 [31mkl_synergy_1 : 0.329714 [31mkl_synergy_2 : 0.431945 [31mtotal : 2.668640 [31mdiag_kl_1 : 0.491053 [31mdiag_kl_2 : 0.600611 [94mAcc_combined: 63.64 [94mAcc_c: 49.83 [94mAcc_g: 43.73 [92mF1_combined: 59.46 [92mF1_c: 44.84 [92mF1_g: 37.81 [39m
2026-07-26 05:49:44,508 - Agent - INFO - [37mTest Epoch 58 step 58 with [31mce_loss_combined : 1.137112 [31mce_loss_c : 1.530866 [31mce_loss_g : 1.576754 [31mkl_synergy_rand_1 : 0.359242 [31mkl_synergy_rand_2 : 0.479289 [31mkl_synergy_1 : 0.352576 [31mkl_synergy_2 : 0.457235 [31mtotal : 2.785452 [31mdiag_kl_1 : 0.489265 [31mdiag_kl_2 : 0.591691 [94mAcc_combined: 64.88 [94mAcc_c: 49.46 [94mAcc_g: 44.97 [92mF1_combined: 60.09 [92mF1_c: 44.95 [92mF1_g: 38.37 [39m
2026-07-26 05:51:18,171 - Agent - INFO - [37mVal Epoch 59 step 59 with [31mce_loss_combined : 1.125870 [31mce_loss_c : 1.502199 [31mce_loss_g : 1.607219 [31mkl_synergy_rand_1 : 0.334018 [31mkl_synergy_rand_2 : 0.436629 [31mkl_synergy_1 : 0.332754 [31mkl_synergy_2 : 0.425558 [31mtotal : 2.654829 [31mdiag_kl_1 : 0.486804 [31mdiag_kl_2 : 0.610097 [94mAcc_combined: 63.75 [94mAcc_c: 49.48 [94mAcc_g: 43.50 [92mF1_combined: 59.89 [92mF1_c: 44.20 [92mF1_g: 37.76 [39m
2026-07-26 05:51:18,190 - Agent - INFO - [37mTest Epoch 59 step 59 with [31mce_loss_combined : 1.136518 [31mce_loss_c : 1.525644 [31mce_loss_g : 1.589291 [31mkl_synergy_rand_1 : 0.360912 [31mkl_synergy_rand_2 : 0.465939 [31mkl_synergy_1 : 0.358970 [31mkl_synergy_2 : 0.459692 [31mtotal : 2.782031 [31mdiag_kl_1 : 0.499932 [31mdiag_kl_2 : 0.596154 [94mAcc_combined: 64.78 [94mAcc_c: 49.25 [94mAcc_g: 44.11 [92mF1_combined: 60.24 [92mF1_c: 44.73 [92mF1_g: 37.72 [39m
2026-07-26 05:52:49,158 - Agent - INFO - [37mVal Epoch 60 step 60 with [31mce_loss_combined : 1.129987 [31mce_loss_c : 1.514713 [31mce_loss_g : 1.606260 [31mkl_synergy_rand_1 : 0.335065 [31mkl_synergy_rand_2 : 0.435079 [31mkl_synergy_1 : 0.335383 [31mkl_synergy_2 : 0.429406 [31mtotal : 2.664920 [31mdiag_kl_1 : 0.498925 [31mdiag_kl_2 : 0.609300 [94mAcc_combined: 63.87 [94mAcc_c: 49.14 [94mAcc_g: 43.38 [92mF1_combined: 59.63 [92mF1_c: 43.92 [92mF1_g: 37.58 [39m
2026-07-26 05:52:49,181 - Agent - INFO - [37mTest Epoch 60 step 60 with [31mce_loss_combined : 1.139227 [31mce_loss_c : 1.514457 [31mce_loss_g : 1.584970 [31mkl_synergy_rand_1 : 0.354750 [31mkl_synergy_rand_2 : 0.471046 [31mkl_synergy_1 : 0.350333 [31mkl_synergy_2 : 0.452341 [31mtotal : 2.767697 [31mdiag_kl_1 : 0.507199 [31mdiag_kl_2 : 0.599893 [94mAcc_combined: 63.92 [94mAcc_c: 50.00 [94mAcc_g: 44.54 [92mF1_combined: 59.05 [92mF1_c: 45.48 [92mF1_g: 38.24 [39m
2026-07-26 05:54:18,756 - Agent - INFO - [37mVal Epoch 61 step 61 with [31mce_loss_combined : 1.136576 [31mce_loss_c : 1.519855 [31mce_loss_g : 1.610359 [31mkl_synergy_rand_1 : 0.332206 [31mkl_synergy_rand_2 : 0.436859 [31mkl_synergy_1 : 0.333393 [31mkl_synergy_2 : 0.425599 [31mtotal : 2.664633 [31mdiag_kl_1 : 0.502352 [31mdiag_kl_2 : 0.610890 [94mAcc_combined: 63.64 [94mAcc_c: 48.79 [94mAcc_g: 43.73 [92mF1_combined: 59.77 [92mF1_c: 43.68 [92mF1_g: 38.28 [39m
2026-07-26 05:54:18,771 - Agent - INFO - [37mTest Epoch 61 step 61 with [31mce_loss_combined : 1.142709 [31mce_loss_c : 1.521020 [31mce_loss_g : 1.594972 [31mkl_synergy_rand_1 : 0.368466 [31mkl_synergy_rand_2 : 0.473265 [31mkl_synergy_1 : 0.362230 [31mkl_synergy_2 : 0.459979 [31mtotal : 2.806648 [31mdiag_kl_1 : 0.504644 [31mdiag_kl_2 : 0.599383 [94mAcc_combined: 64.35 [94mAcc_c: 49.46 [94mAcc_g: 44.22 [92mF1_combined: 59.52 [92mF1_c: 44.88 [92mF1_g: 37.76 [39m
2026-07-26 05:55:44,189 - Agent - INFO - [37mVal Epoch 62 step 62 with [31mce_loss_combined : 1.127784 [31mce_loss_c : 1.501280 [31mce_loss_g : 1.605738 [31mkl_synergy_rand_1 : 0.333393 [31mkl_synergy_rand_2 : 0.442174 [31mkl_synergy_1 : 0.329659 [31mkl_synergy_2 : 0.423662 [31mtotal : 2.656672 [31mdiag_kl_1 : 0.492131 [31mdiag_kl_2 : 0.600794 [94mAcc_combined: 64.21 [94mAcc_c: 49.83 [94mAcc_g: 43.38 [92mF1_combined: 60.34 [92mF1_c: 44.48 [92mF1_g: 37.79 [39m
2026-07-26 05:55:44,212 - Agent - INFO - [37mTest Epoch 62 step 62 with [31mce_loss_combined : 1.136574 [31mce_loss_c : 1.518428 [31mce_loss_g : 1.586901 [31mkl_synergy_rand_1 : 0.355366 [31mkl_synergy_rand_2 : 0.467798 [31mkl_synergy_1 : 0.359368 [31mkl_synergy_2 : 0.456486 [31mtotal : 2.775592 [31mdiag_kl_1 : 0.499645 [31mdiag_kl_2 : 0.598826 [94mAcc_combined: 64.78 [94mAcc_c: 49.25 [94mAcc_g: 44.65 [92mF1_combined: 60.05 [92mF1_c: 44.71 [92mF1_g: 37.98 [39m
2026-07-26 05:57:14,484 - Agent - INFO - [37mVal Epoch 63 step 63 with [31mce_loss_combined : 1.130606 [31mce_loss_c : 1.511933 [31mce_loss_g : 1.602534 [31mkl_synergy_rand_1 : 0.334033 [31mkl_synergy_rand_2 : 0.440017 [31mkl_synergy_1 : 0.330073 [31mkl_synergy_2 : 0.426808 [31mtotal : 2.661537 [31mdiag_kl_1 : 0.502763 [31mdiag_kl_2 : 0.609417 [94mAcc_combined: 63.64 [94mAcc_c: 49.37 [94mAcc_g: 43.73 [92mF1_combined: 59.65 [92mF1_c: 44.05 [92mF1_g: 38.24 [39m
2026-07-26 05:57:14,518 - Agent - INFO - [37mTest Epoch 63 step 63 with [31mce_loss_combined : 1.140112 [31mce_loss_c : 1.517407 [31mce_loss_g : 1.592087 [31mkl_synergy_rand_1 : 0.359092 [31mkl_synergy_rand_2 : 0.470239 [31mkl_synergy_1 : 0.356846 [31mkl_synergy_2 : 0.453258 [31mtotal : 2.779547 [31mdiag_kl_1 : 0.509859 [31mdiag_kl_2 : 0.597588 [94mAcc_combined: 64.03 [94mAcc_c: 49.57 [94mAcc_g: 44.65 [92mF1_combined: 59.34 [92mF1_c: 45.00 [92mF1_g: 38.10 [39m
2026-07-26 05:58:49,464 - Agent - INFO - [37mVal Epoch 64 step 64 with [31mce_loss_combined : 1.128101 [31mce_loss_c : 1.512670 [31mce_loss_g : 1.602391 [31mkl_synergy_rand_1 : 0.338926 [31mkl_synergy_rand_2 : 0.435492 [31mkl_synergy_1 : 0.338175 [31mkl_synergy_2 : 0.424153 [31mtotal : 2.664846 [31mdiag_kl_1 : 0.494027 [31mdiag_kl_2 : 0.605019 [94mAcc_combined: 63.98 [94mAcc_c: 48.91 [94mAcc_g: 44.07 [92mF1_combined: 60.16 [92mF1_c: 43.73 [92mF1_g: 38.52 [39m
2026-07-26 05:58:49,480 - Agent - INFO - [37mTest Epoch 64 step 64 with [31mce_loss_combined : 1.137942 [31mce_loss_c : 1.516374 [31mce_loss_g : 1.588991 [31mkl_synergy_rand_1 : 0.364183 [31mkl_synergy_rand_2 : 0.466676 [31mkl_synergy_1 : 0.358734 [31mkl_synergy_2 : 0.455629 [31mtotal : 2.783163 [31mdiag_kl_1 : 0.496505 [31mdiag_kl_2 : 0.602614 [94mAcc_combined: 64.35 [94mAcc_c: 50.21 [94mAcc_g: 44.75 [92mF1_combined: 59.71 [92mF1_c: 45.65 [92mF1_g: 38.22 [39m
2026-07-26 06:00:19,121 - Evaluator - INFO - New best with loss-
2026-07-26 06:00:19,121 - Agent - INFO - [37mVal Epoch 65 step 65 with [31mce_loss_combined : 1.123339 [31mce_loss_c : 1.485518 [31mce_loss_g : 1.603324 [31mkl_synergy_rand_1 : 0.325822 [31mkl_synergy_rand_2 : 0.436419 [31mkl_synergy_1 : 0.326914 [31mkl_synergy_2 : 0.420416 [31mtotal : 2.632910 [31mdiag_kl_1 : 0.483857 [31mdiag_kl_2 : 0.607416 [94mAcc_combined: 64.21 [94mAcc_c: 49.71 [94mAcc_g: 44.65 [92mF1_combined: 60.13 [92mF1_c: 44.77 [92mF1_g: 38.97 [39m
2026-07-26 06:00:19,142 - Agent - INFO - [37mTest Epoch 65 step 65 with [31mce_loss_combined : 1.138711 [31mce_loss_c : 1.508071 [31mce_loss_g : 1.604944 [31mkl_synergy_rand_1 : 0.358179 [31mkl_synergy_rand_2 : 0.462107 [31mkl_synergy_1 : 0.358795 [31mkl_synergy_2 : 0.447871 [31mtotal : 2.765663 [31mdiag_kl_1 : 0.487050 [31mdiag_kl_2 : 0.598698 [94mAcc_combined: 64.56 [94mAcc_c: 48.61 [94mAcc_g: 43.47 [92mF1_combined: 59.59 [92mF1_c: 44.26 [92mF1_g: 37.42 [39m
2026-07-26 06:00:20,864 - Agent - INFO - [37mModel saved successfully at: ./data/data/2025_data/synergy/CremadPlus/v2/SynIB_RMask_U_REFABL_cremad_fold2_l1.0_ir0.5_perturbrandom_fillema_pmin0.20_refanchor_legacy.pth.tar[39m
2026-07-26 06:01:53,895 - Agent - INFO - [37mVal Epoch 66 step 66 with [31mce_loss_combined : 1.139560 [31mce_loss_c : 1.490365 [31mce_loss_g : 1.640484 [31mkl_synergy_rand_1 : 0.341561 [31mkl_synergy_rand_2 : 0.432240 [31mkl_synergy_1 : 0.341697 [31mkl_synergy_2 : 0.417518 [31mtotal : 2.672576 [31mdiag_kl_1 : 0.497386 [31mdiag_kl_2 : 0.619499 [94mAcc_combined: 63.52 [94mAcc_c: 49.02 [94mAcc_g: 42.12 [92mF1_combined: 59.30 [92mF1_c: 43.92 [92mF1_g: 36.03 [39m
2026-07-26 06:01:53,910 - Agent - INFO - [37mTest Epoch 66 step 66 with [31mce_loss_combined : 1.139924 [31mce_loss_c : 1.524412 [31mce_loss_g : 1.577513 [31mkl_synergy_rand_1 : 0.354347 [31mkl_synergy_rand_2 : 0.463772 [31mkl_synergy_1 : 0.357431 [31mkl_synergy_2 : 0.452385 [31mtotal : 2.767859 [31mdiag_kl_1 : 0.499125 [31mdiag_kl_2 : 0.604404 [94mAcc_combined: 64.24 [94mAcc_c: 48.29 [94mAcc_g: 44.54 [92mF1_combined: 59.41 [92mF1_c: 43.94 [92mF1_g: 38.39 [39m
2026-07-26 06:03:27,874 - Agent - INFO - [37mVal Epoch 67 step 67 with [31mce_loss_combined : 1.136421 [31mce_loss_c : 1.509671 [31mce_loss_g : 1.611424 [31mkl_synergy_rand_1 : 0.340125 [31mkl_synergy_rand_2 : 0.428290 [31mkl_synergy_1 : 0.337831 [31mkl_synergy_2 : 0.421755 [31mtotal : 2.664421 [31mdiag_kl_1 : 0.505643 [31mdiag_kl_2 : 0.645335 [94mAcc_combined: 62.49 [94mAcc_c: 48.68 [94mAcc_g: 43.84 [92mF1_combined: 58.26 [92mF1_c: 43.52 [92mF1_g: 37.67 [39m
2026-07-26 06:03:27,889 - Agent - INFO - [37mTest Epoch 67 step 67 with [31mce_loss_combined : 1.153282 [31mce_loss_c : 1.525653 [31mce_loss_g : 1.606170 [31mkl_synergy_rand_1 : 0.364417 [31mkl_synergy_rand_2 : 0.468349 [31mkl_synergy_1 : 0.363858 [31mkl_synergy_2 : 0.456179 [31mtotal : 2.806085 [31mdiag_kl_1 : 0.521514 [31mdiag_kl_2 : 0.635901 [94mAcc_combined: 63.17 [94mAcc_c: 48.82 [94mAcc_g: 44.75 [92mF1_combined: 58.48 [92mF1_c: 44.38 [92mF1_g: 38.37 [39m
2026-07-26 06:04:55,564 - Agent - INFO - [37mVal Epoch 68 step 68 with [31mce_loss_combined : 1.132443 [31mce_loss_c : 1.502552 [31mce_loss_g : 1.576740 [31mkl_synergy_rand_1 : 0.322326 [31mkl_synergy_rand_2 : 0.420079 [31mkl_synergy_1 : 0.318641 [31mkl_synergy_2 : 0.407937 [31mtotal : 2.601427 [31mdiag_kl_1 : 0.490857 [31mdiag_kl_2 : 0.616928 [94mAcc_combined: 63.18 [94mAcc_c: 48.91 [94mAcc_g: 43.73 [92mF1_combined: 58.93 [92mF1_c: 44.03 [92mF1_g: 38.12 [39m
2026-07-26 06:04:55,581 - Agent - INFO - [37mTest Epoch 68 step 68 with [31mce_loss_combined : 1.132387 [31mce_loss_c : 1.511248 [31mce_loss_g : 1.567919 [31mkl_synergy_rand_1 : 0.352974 [31mkl_synergy_rand_2 : 0.448913 [31mkl_synergy_1 : 0.345625 [31mkl_synergy_2 : 0.436112 [31mtotal : 2.716011 [31mdiag_kl_1 : 0.496552 [31mdiag_kl_2 : 0.602402 [94mAcc_combined: 64.88 [94mAcc_c: 49.14 [94mAcc_g: 43.15 [92mF1_combined: 60.02 [92mF1_c: 44.76 [92mF1_g: 37.43 [39m
2026-07-26 06:06:30,359 - Agent - INFO - [37mVal Epoch 69 step 69 with [31mce_loss_combined : 1.135809 [31mce_loss_c : 1.498443 [31mce_loss_g : 1.565393 [31mkl_synergy_rand_1 : 0.338668 [31mkl_synergy_rand_2 : 0.435487 [31mkl_synergy_1 : 0.341876 [31mkl_synergy_2 : 0.426845 [31mtotal : 2.678684 [31mdiag_kl_1 : 0.516847 [31mdiag_kl_2 : 0.621096 [94mAcc_combined: 63.41 [94mAcc_c: 48.33 [94mAcc_g: 46.49 [92mF1_combined: 58.81 [92mF1_c: 43.16 [92mF1_g: 39.28 [39m
2026-07-26 06:06:30,379 - Agent - INFO - [37mTest Epoch 69 step 69 with [31mce_loss_combined : 1.155504 [31mce_loss_c : 1.512855 [31mce_loss_g : 1.567331 [31mkl_synergy_rand_1 : 0.371432 [31mkl_synergy_rand_2 : 0.470883 [31mkl_synergy_1 : 0.369332 [31mkl_synergy_2 : 0.462550 [31mtotal : 2.829700 [31mdiag_kl_1 : 0.531945 [31mdiag_kl_2 : 0.606934 [94mAcc_combined: 63.81 [94mAcc_c: 48.72 [94mAcc_g: 47.32 [92mF1_combined: 58.71 [92mF1_c: 44.18 [92mF1_g: 40.16 [39m
2026-07-26 06:07:58,165 - Evaluator - INFO - New best with loss-
2026-07-26 06:07:58,165 - Agent - INFO - [37mVal Epoch 70 step 70 with [31mce_loss_combined : 1.111758 [31mce_loss_c : 1.495042 [31mce_loss_g : 1.515955 [31mkl_synergy_rand_1 : 0.333403 [31mkl_synergy_rand_2 : 0.430507 [31mkl_synergy_1 : 0.331978 [31mkl_synergy_2 : 0.419758 [31mtotal : 2.627404 [31mdiag_kl_1 : 0.482707 [31mdiag_kl_2 : 0.601035 [94mAcc_combined: 63.98 [94mAcc_c: 48.79 [94mAcc_g: 47.18 [92mF1_combined: 59.26 [92mF1_c: 43.64 [92mF1_g: 40.51 [39m
2026-07-26 06:07:58,183 - Agent - INFO - [37mTest Epoch 70 step 70 with [31mce_loss_combined : 1.118573 [31mce_loss_c : 1.503705 [31mce_loss_g : 1.530702 [31mkl_synergy_rand_1 : 0.359853 [31mkl_synergy_rand_2 : 0.451448 [31mkl_synergy_1 : 0.354405 [31mkl_synergy_2 : 0.436673 [31mtotal : 2.720951 [31mdiag_kl_1 : 0.482167 [31mdiag_kl_2 : 0.594874 [94mAcc_combined: 63.60 [94mAcc_c: 50.21 [94mAcc_g: 46.68 [92mF1_combined: 58.41 [92mF1_c: 45.66 [92mF1_g: 39.84 [39m
2026-07-26 06:07:59,891 - Agent - INFO - [37mModel saved successfully at: ./data/data/2025_data/synergy/CremadPlus/v2/SynIB_RMask_U_REFABL_cremad_fold2_l1.0_ir0.5_perturbrandom_fillema_pmin0.20_refanchor_legacy.pth.tar[39m
2026-07-26 06:09:29,560 - Evaluator - INFO - New best with loss-
2026-07-26 06:09:29,561 - Agent - INFO - [37mVal Epoch 71 step 71 with [31mce_loss_combined : 1.109705 [31mce_loss_c : 1.487166 [31mce_loss_g : 1.528827 [31mkl_synergy_rand_1 : 0.325786 [31mkl_synergy_rand_2 : 0.417387 [31mkl_synergy_1 : 0.330596 [31mkl_synergy_2 : 0.405309 [31mtotal : 2.588784 [31mdiag_kl_1 : 0.489220 [31mdiag_kl_2 : 0.606982 [94mAcc_combined: 63.87 [94mAcc_c: 49.02 [94mAcc_g: 46.49 [92mF1_combined: 59.49 [92mF1_c: 44.21 [92mF1_g: 40.40 [39m
2026-07-26 06:09:29,577 - Agent - INFO - [37mTest Epoch 71 step 71 with [31mce_loss_combined : 1.131476 [31mce_loss_c : 1.511554 [31mce_loss_g : 1.533024 [31mkl_synergy_rand_1 : 0.357201 [31mkl_synergy_rand_2 : 0.444011 [31mkl_synergy_1 : 0.355458 [31mkl_synergy_2 : 0.440181 [31mtotal : 2.728327 [31mdiag_kl_1 : 0.482685 [31mdiag_kl_2 : 0.599230 [94mAcc_combined: 65.20 [94mAcc_c: 48.93 [94mAcc_g: 45.93 [92mF1_combined: 60.79 [92mF1_c: 44.60 [92mF1_g: 40.33 [39m
2026-07-26 06:09:31,516 - Agent - INFO - [37mModel saved successfully at: ./data/data/2025_data/synergy/CremadPlus/v2/SynIB_RMask_U_REFABL_cremad_fold2_l1.0_ir0.5_perturbrandom_fillema_pmin0.20_refanchor_legacy.pth.tar[39m
2026-07-26 06:10:59,271 - Agent - INFO - [37mVal Epoch 72 step 72 with [31mce_loss_combined : 1.127628 [31mce_loss_c : 1.484359 [31mce_loss_g : 1.548696 [31mkl_synergy_rand_1 : 0.331694 [31mkl_synergy_rand_2 : 0.431642 [31mkl_synergy_1 : 0.333175 [31mkl_synergy_2 : 0.414015 [31mtotal : 2.638155 [31mdiag_kl_1 : 0.494890 [31mdiag_kl_2 : 0.620246 [94mAcc_combined: 63.64 [94mAcc_c: 49.37 [94mAcc_g: 46.72 [92mF1_combined: 59.21 [92mF1_c: 44.45 [92mF1_g: 39.73 [39m
2026-07-26 06:10:59,287 - Agent - INFO - [37mTest Epoch 72 step 72 with [31mce_loss_combined : 1.136476 [31mce_loss_c : 1.508804 [31mce_loss_g : 1.534542 [31mkl_synergy_rand_1 : 0.350046 [31mkl_synergy_rand_2 : 0.453375 [31mkl_synergy_1 : 0.351963 [31mkl_synergy_2 : 0.447436 [31mtotal : 2.739296 [31mdiag_kl_1 : 0.501495 [31mdiag_kl_2 : 0.603756 [94mAcc_combined: 64.03 [94mAcc_c: 49.36 [94mAcc_g: 47.54 [92mF1_combined: 59.04 [92mF1_c: 44.86 [92mF1_g: 40.37 [39m
2026-07-26 06:12:29,997 - Agent - INFO - [37mVal Epoch 73 step 73 with [31mce_loss_combined : 1.128439 [31mce_loss_c : 1.477521 [31mce_loss_g : 1.570103 [31mkl_synergy_rand_1 : 0.321243 [31mkl_synergy_rand_2 : 0.415926 [31mkl_synergy_1 : 0.321304 [31mkl_synergy_2 : 0.407175 [31mtotal : 2.594087 [31mdiag_kl_1 : 0.487906 [31mdiag_kl_2 : 0.599174 [94mAcc_combined: 63.75 [94mAcc_c: 49.48 [94mAcc_g: 46.14 [92mF1_combined: 59.45 [92mF1_c: 44.26 [92mF1_g: 40.04 [39m
2026-07-26 06:12:30,017 - Agent - INFO - [37mTest Epoch 73 step 73 with [31mce_loss_combined : 1.138676 [31mce_loss_c : 1.504513 [31mce_loss_g : 1.555973 [31mkl_synergy_rand_1 : 0.354096 [31mkl_synergy_rand_2 : 0.444075 [31mkl_synergy_1 : 0.347434 [31mkl_synergy_2 : 0.427418 [31mtotal : 2.711700 [31mdiag_kl_1 : 0.491317 [31mdiag_kl_2 : 0.601573 [94mAcc_combined: 64.13 [94mAcc_c: 49.04 [94mAcc_g: 45.29 [92mF1_combined: 59.35 [92mF1_c: 44.27 [92mF1_g: 39.76 [39m
2026-07-26 06:13:56,877 - Agent - INFO - [37mVal Epoch 74 step 74 with [31mce_loss_combined : 1.118756 [31mce_loss_c : 1.482998 [31mce_loss_g : 1.551306 [31mkl_synergy_rand_1 : 0.331758 [31mkl_synergy_rand_2 : 0.427875 [31mkl_synergy_1 : 0.330851 [31mkl_synergy_2 : 0.408380 [31mtotal : 2.617620 [31mdiag_kl_1 : 0.486225 [31mdiag_kl_2 : 0.602548 [94mAcc_combined: 63.75 [94mAcc_c: 49.37 [94mAcc_g: 46.72 [92mF1_combined: 59.46 [92mF1_c: 44.37 [92mF1_g: 40.07 [39m
2026-07-26 06:13:56,894 - Agent - INFO - [37mTest Epoch 74 step 74 with [31mce_loss_combined : 1.125646 [31mce_loss_c : 1.515818 [31mce_loss_g : 1.516422 [31mkl_synergy_rand_1 : 0.352099 [31mkl_synergy_rand_2 : 0.448295 [31mkl_synergy_1 : 0.350257 [31mkl_synergy_2 : 0.432177 [31mtotal : 2.708473 [31mdiag_kl_1 : 0.486334 [31mdiag_kl_2 : 0.603779 [94mAcc_combined: 64.78 [94mAcc_c: 48.72 [94mAcc_g: 47.54 [92mF1_combined: 60.17 [92mF1_c: 44.19 [92mF1_g: 41.38 [39m
2026-07-26 06:15:26,439 - Agent - INFO - [37mVal Epoch 75 step 75 with [31mce_loss_combined : 1.132014 [31mce_loss_c : 1.490470 [31mce_loss_g : 1.587208 [31mkl_synergy_rand_1 : 0.347819 [31mkl_synergy_rand_2 : 0.424942 [31mkl_synergy_1 : 0.346002 [31mkl_synergy_2 : 0.409847 [31mtotal : 2.660624 [31mdiag_kl_1 : 0.505122 [31mdiag_kl_2 : 0.618092 [94mAcc_combined: 63.18 [94mAcc_c: 49.25 [94mAcc_g: 46.38 [92mF1_combined: 59.05 [92mF1_c: 44.36 [92mF1_g: 39.94 [39m
2026-07-26 06:15:26,455 - Agent - INFO - [37mTest Epoch 75 step 75 with [31mce_loss_combined : 1.156219 [31mce_loss_c : 1.512515 [31mce_loss_g : 1.575489 [31mkl_synergy_rand_1 : 0.368361 [31mkl_synergy_rand_2 : 0.460342 [31mkl_synergy_1 : 0.362771 [31mkl_synergy_2 : 0.450916 [31mtotal : 2.798610 [31mdiag_kl_1 : 0.518477 [31mdiag_kl_2 : 0.618785 [94mAcc_combined: 62.74 [94mAcc_c: 48.72 [94mAcc_g: 47.32 [92mF1_combined: 58.04 [92mF1_c: 44.00 [92mF1_g: 40.50 [39m
2026-07-26 06:16:53,652 - Agent - INFO - [37mVal Epoch 76 step 76 with [31mce_loss_combined : 1.118623 [31mce_loss_c : 1.485280 [31mce_loss_g : 1.529180 [31mkl_synergy_rand_1 : 0.339784 [31mkl_synergy_rand_2 : 0.405013 [31mkl_synergy_1 : 0.337381 [31mkl_synergy_2 : 0.394936 [31mtotal : 2.595735 [31mdiag_kl_1 : 0.493335 [31mdiag_kl_2 : 0.602196 [94mAcc_combined: 63.98 [94mAcc_c: 49.14 [94mAcc_g: 47.41 [92mF1_combined: 59.79 [92mF1_c: 44.28 [92mF1_g: 40.86 [39m
2026-07-26 06:16:53,673 - Agent - INFO - [37mTest Epoch 76 step 76 with [31mce_loss_combined : 1.132612 [31mce_loss_c : 1.503251 [31mce_loss_g : 1.526453 [31mkl_synergy_rand_1 : 0.362936 [31mkl_synergy_rand_2 : 0.443670 [31mkl_synergy_1 : 0.358022 [31mkl_synergy_2 : 0.423678 [31mtotal : 2.720918 [31mdiag_kl_1 : 0.497400 [31mdiag_kl_2 : 0.584451 [94mAcc_combined: 64.24 [94mAcc_c: 48.93 [94mAcc_g: 47.32 [92mF1_combined: 59.39 [92mF1_c: 44.30 [92mF1_g: 41.02 [39m
2026-07-26 06:18:19,795 - Evaluator - INFO - New best with loss-
2026-07-26 06:18:19,795 - Agent - INFO - [37mVal Epoch 77 step 77 with [31mce_loss_combined : 1.107888 [31mce_loss_c : 1.479042 [31mce_loss_g : 1.533775 [31mkl_synergy_rand_1 : 0.335285 [31mkl_synergy_rand_2 : 0.411327 [31mkl_synergy_1 : 0.331687 [31mkl_synergy_2 : 0.394400 [31mtotal : 2.580587 [31mdiag_kl_1 : 0.495877 [31mdiag_kl_2 : 0.610440 [94mAcc_combined: 64.56 [94mAcc_c: 48.68 [94mAcc_g: 48.45 [92mF1_combined: 60.53 [92mF1_c: 43.86 [92mF1_g: 41.59 [39m
2026-07-26 06:18:19,811 - Agent - INFO - [37mTest Epoch 77 step 77 with [31mce_loss_combined : 1.128433 [31mce_loss_c : 1.498253 [31mce_loss_g : 1.519093 [31mkl_synergy_rand_1 : 0.354866 [31mkl_synergy_rand_2 : 0.438876 [31mkl_synergy_1 : 0.349495 [31mkl_synergy_2 : 0.421652 [31mtotal : 2.693324 [31mdiag_kl_1 : 0.501291 [31mdiag_kl_2 : 0.598328 [94mAcc_combined: 64.35 [94mAcc_c: 49.25 [94mAcc_g: 47.00 [92mF1_combined: 59.54 [92mF1_c: 44.70 [92mF1_g: 40.84 [39m
2026-07-26 06:18:21,489 - Agent - INFO - [37mModel saved successfully at: ./data/data/2025_data/synergy/CremadPlus/v2/SynIB_RMask_U_REFABL_cremad_fold2_l1.0_ir0.5_perturbrandom_fillema_pmin0.20_refanchor_legacy.pth.tar[39m
2026-07-26 06:19:45,984 - Agent - INFO - [37mVal Epoch 78 step 78 with [31mce_loss_combined : 1.129353 [31mce_loss_c : 1.484022 [31mce_loss_g : 1.546248 [31mkl_synergy_rand_1 : 0.339915 [31mkl_synergy_rand_2 : 0.411635 [31mkl_synergy_1 : 0.339995 [31mkl_synergy_2 : 0.396109 [31mtotal : 2.617007 [31mdiag_kl_1 : 0.500396 [31mdiag_kl_2 : 0.592919 [94mAcc_combined: 63.18 [94mAcc_c: 48.68 [94mAcc_g: 46.38 [92mF1_combined: 58.93 [92mF1_c: 43.88 [92mF1_g: 39.36 [39m
2026-07-26 06:19:46,008 - Agent - INFO - [37mTest Epoch 78 step 78 with [31mce_loss_combined : 1.139641 [31mce_loss_c : 1.506711 [31mce_loss_g : 1.539231 [31mkl_synergy_rand_1 : 0.358774 [31mkl_synergy_rand_2 : 0.425170 [31mkl_synergy_1 : 0.351993 [31mkl_synergy_2 : 0.419438 [31mtotal : 2.695016 [31mdiag_kl_1 : 0.503563 [31mdiag_kl_2 : 0.592668 [94mAcc_combined: 63.81 [94mAcc_c: 49.04 [94mAcc_g: 46.57 [92mF1_combined: 58.90 [92mF1_c: 44.50 [92mF1_g: 39.67 [39m
2026-07-26 06:21:17,382 - Agent - INFO - [37mVal Epoch 79 step 79 with [31mce_loss_combined : 1.133902 [31mce_loss_c : 1.487297 [31mce_loss_g : 1.561843 [31mkl_synergy_rand_1 : 0.336926 [31mkl_synergy_rand_2 : 0.406496 [31mkl_synergy_1 : 0.329199 [31mkl_synergy_2 : 0.387768 [31mtotal : 2.594292 [31mdiag_kl_1 : 0.511757 [31mdiag_kl_2 : 0.602882 [94mAcc_combined: 63.52 [94mAcc_c: 48.56 [94mAcc_g: 47.18 [92mF1_combined: 59.20 [92mF1_c: 43.69 [92mF1_g: 40.39 [39m
2026-07-26 06:21:17,398 - Agent - INFO - [37mTest Epoch 79 step 79 with [31mce_loss_combined : 1.159044 [31mce_loss_c : 1.510237 [31mce_loss_g : 1.550663 [31mkl_synergy_rand_1 : 0.363483 [31mkl_synergy_rand_2 : 0.436894 [31mkl_synergy_1 : 0.353283 [31mkl_synergy_2 : 0.429967 [31mtotal : 2.742671 [31mdiag_kl_1 : 0.517884 [31mdiag_kl_2 : 0.601216 [94mAcc_combined: 63.28 [94mAcc_c: 48.50 [94mAcc_g: 47.75 [92mF1_combined: 58.51 [92mF1_c: 44.19 [92mF1_g: 41.21 [39m
2026-07-26 06:22:43,628 - Agent - INFO - [37mVal Epoch 80 step 80 with [31mce_loss_combined : 1.124044 [31mce_loss_c : 1.480337 [31mce_loss_g : 1.533571 [31mkl_synergy_rand_1 : 0.335796 [31mkl_synergy_rand_2 : 0.402400 [31mkl_synergy_1 : 0.325812 [31mkl_synergy_2 : 0.390682 [31mtotal : 2.578735 [31mdiag_kl_1 : 0.495129 [31mdiag_kl_2 : 0.606639 [94mAcc_combined: 63.41 [94mAcc_c: 49.25 [94mAcc_g: 46.14 [92mF1_combined: 59.60 [92mF1_c: 44.49 [92mF1_g: 39.18 [39m
2026-07-26 06:22:43,644 - Agent - INFO - [37mTest Epoch 80 step 80 with [31mce_loss_combined : 1.152954 [31mce_loss_c : 1.506279 [31mce_loss_g : 1.545772 [31mkl_synergy_rand_1 : 0.367374 [31mkl_synergy_rand_2 : 0.437749 [31mkl_synergy_1 : 0.351321 [31mkl_synergy_2 : 0.425053 [31mtotal : 2.734451 [31mdiag_kl_1 : 0.505102 [31mdiag_kl_2 : 0.592958 [94mAcc_combined: 63.28 [94mAcc_c: 48.82 [94mAcc_g: 47.00 [92mF1_combined: 58.60 [92mF1_c: 44.53 [92mF1_g: 40.10 [39m
2026-07-26 06:24:13,862 - Agent - INFO - [37mVal Epoch 81 step 81 with [31mce_loss_combined : 1.122110 [31mce_loss_c : 1.480523 [31mce_loss_g : 1.525365 [31mkl_synergy_rand_1 : 0.330754 [31mkl_synergy_rand_2 : 0.392558 [31mkl_synergy_1 : 0.326267 [31mkl_synergy_2 : 0.376571 [31mtotal : 2.548261 [31mdiag_kl_1 : 0.491796 [31mdiag_kl_2 : 0.625763 [94mAcc_combined: 63.87 [94mAcc_c: 49.14 [94mAcc_g: 47.64 [92mF1_combined: 60.25 [92mF1_c: 44.28 [92mF1_g: 41.37 [39m
2026-07-26 06:24:13,878 - Agent - INFO - [37mTest Epoch 81 step 81 with [31mce_loss_combined : 1.151103 [31mce_loss_c : 1.503460 [31mce_loss_g : 1.561919 [31mkl_synergy_rand_1 : 0.360135 [31mkl_synergy_rand_2 : 0.432478 [31mkl_synergy_1 : 0.349819 [31mkl_synergy_2 : 0.414162 [31mtotal : 2.707697 [31mdiag_kl_1 : 0.511670 [31mdiag_kl_2 : 0.629322 [94mAcc_combined: 64.13 [94mAcc_c: 48.61 [94mAcc_g: 46.47 [92mF1_combined: 60.15 [92mF1_c: 44.07 [92mF1_g: 40.19 [39m
2026-07-26 06:25:44,043 - Agent - INFO - [37mVal Epoch 82 step 82 with [31mce_loss_combined : 1.128567 [31mce_loss_c : 1.483219 [31mce_loss_g : 1.515880 [31mkl_synergy_rand_1 : 0.341361 [31mkl_synergy_rand_2 : 0.400221 [31mkl_synergy_1 : 0.340467 [31mkl_synergy_2 : 0.386043 [31mtotal : 2.596659 [31mdiag_kl_1 : 0.505729 [31mdiag_kl_2 : 0.621747 [94mAcc_combined: 63.41 [94mAcc_c: 48.68 [94mAcc_g: 48.45 [92mF1_combined: 59.30 [92mF1_c: 43.81 [92mF1_g: 41.08 [39m
2026-07-26 06:25:44,059 - Agent - INFO - [37mTest Epoch 82 step 82 with [31mce_loss_combined : 1.150078 [31mce_loss_c : 1.495138 [31mce_loss_g : 1.540884 [31mkl_synergy_rand_1 : 0.366237 [31mkl_synergy_rand_2 : 0.442069 [31mkl_synergy_1 : 0.360119 [31mkl_synergy_2 : 0.416979 [31mtotal : 2.735482 [31mdiag_kl_1 : 0.523164 [31mdiag_kl_2 : 0.604733 [94mAcc_combined: 62.96 [94mAcc_c: 48.82 [94mAcc_g: 47.75 [92mF1_combined: 58.45 [92mF1_c: 44.28 [92mF1_g: 40.87 [39m
2026-07-26 06:27:14,424 - Agent - INFO - [37mVal Epoch 83 step 83 with [31mce_loss_combined : 1.129490 [31mce_loss_c : 1.474230 [31mce_loss_g : 1.519656 [31mkl_synergy_rand_1 : 0.331179 [31mkl_synergy_rand_2 : 0.394487 [31mkl_synergy_1 : 0.328084 [31mkl_synergy_2 : 0.387872 [31mtotal : 2.571111 [31mdiag_kl_1 : 0.503674 [31mdiag_kl_2 : 0.599179 [94mAcc_combined: 63.52 [94mAcc_c: 49.25 [94mAcc_g: 48.79 [92mF1_combined: 59.31 [92mF1_c: 43.97 [92mF1_g: 41.69 [39m
2026-07-26 06:27:14,440 - Agent - INFO - [37mTest Epoch 83 step 83 with [31mce_loss_combined : 1.145822 [31mce_loss_c : 1.499431 [31mce_loss_g : 1.528177 [31mkl_synergy_rand_1 : 0.361817 [31mkl_synergy_rand_2 : 0.435959 [31mkl_synergy_1 : 0.355623 [31mkl_synergy_2 : 0.418095 [31mtotal : 2.717316 [31mdiag_kl_1 : 0.510193 [31mdiag_kl_2 : 0.590849 [94mAcc_combined: 63.49 [94mAcc_c: 48.82 [94mAcc_g: 47.22 [92mF1_combined: 58.69 [92mF1_c: 44.48 [92mF1_g: 40.82 [39m
2026-07-26 06:28:42,214 - Agent - INFO - [37mVal Epoch 84 step 84 with [31mce_loss_combined : 1.121148 [31mce_loss_c : 1.478556 [31mce_loss_g : 1.510874 [31mkl_synergy_rand_1 : 0.331098 [31mkl_synergy_rand_2 : 0.385475 [31mkl_synergy_1 : 0.325377 [31mkl_synergy_2 : 0.371417 [31mtotal : 2.534515 [31mdiag_kl_1 : 0.492115 [31mdiag_kl_2 : 0.608938 [94mAcc_combined: 62.95 [94mAcc_c: 49.02 [94mAcc_g: 47.41 [92mF1_combined: 59.04 [92mF1_c: 44.13 [92mF1_g: 40.81 [39m
2026-07-26 06:28:42,234 - Agent - INFO - [37mTest Epoch 84 step 84 with [31mce_loss_combined : 1.138859 [31mce_loss_c : 1.501596 [31mce_loss_g : 1.507446 [31mkl_synergy_rand_1 : 0.349014 [31mkl_synergy_rand_2 : 0.414915 [31mkl_synergy_1 : 0.340536 [31mkl_synergy_2 : 0.400812 [31mtotal : 2.644136 [31mdiag_kl_1 : 0.496782 [31mdiag_kl_2 : 0.615378 [94mAcc_combined: 63.92 [94mAcc_c: 49.14 [94mAcc_g: 47.00 [92mF1_combined: 59.44 [92mF1_c: 44.68 [92mF1_g: 40.78 [39m
2026-07-26 06:30:09,970 - Agent - INFO - [37mVal Epoch 85 step 85 with [31mce_loss_combined : 1.117292 [31mce_loss_c : 1.484098 [31mce_loss_g : 1.505974 [31mkl_synergy_rand_1 : 0.331631 [31mkl_synergy_rand_2 : 0.388202 [31mkl_synergy_1 : 0.328005 [31mkl_synergy_2 : 0.367539 [31mtotal : 2.532669 [31mdiag_kl_1 : 0.494245 [31mdiag_kl_2 : 0.615523 [94mAcc_combined: 63.18 [94mAcc_c: 48.45 [94mAcc_g: 48.91 [92mF1_combined: 59.05 [92mF1_c: 43.49 [92mF1_g: 42.16 [39m
2026-07-26 06:30:09,989 - Agent - INFO - [37mTest Epoch 85 step 85 with [31mce_loss_combined : 1.137408 [31mce_loss_c : 1.507862 [31mce_loss_g : 1.494427 [31mkl_synergy_rand_1 : 0.347025 [31mkl_synergy_rand_2 : 0.413803 [31mkl_synergy_1 : 0.343932 [31mkl_synergy_2 : 0.395873 [31mtotal : 2.638039 [31mdiag_kl_1 : 0.502695 [31mdiag_kl_2 : 0.622886 [94mAcc_combined: 64.24 [94mAcc_c: 48.82 [94mAcc_g: 46.90 [92mF1_combined: 59.88 [92mF1_c: 44.55 [92mF1_g: 41.19 [39m
2026-07-26 06:31:41,892 - Agent - INFO - [37mVal Epoch 86 step 86 with [31mce_loss_combined : 1.120380 [31mce_loss_c : 1.483330 [31mce_loss_g : 1.518381 [31mkl_synergy_rand_1 : 0.336858 [31mkl_synergy_rand_2 : 0.386596 [31mkl_synergy_1 : 0.329488 [31mkl_synergy_2 : 0.374335 [31mtotal : 2.547656 [31mdiag_kl_1 : 0.499623 [31mdiag_kl_2 : 0.615486 [94mAcc_combined: 63.87 [94mAcc_c: 48.79 [94mAcc_g: 49.37 [92mF1_combined: 59.86 [92mF1_c: 43.57 [92mF1_g: 42.38 [39m
2026-07-26 06:31:41,908 - Agent - INFO - [37mTest Epoch 86 step 86 with [31mce_loss_combined : 1.148027 [31mce_loss_c : 1.507367 [31mce_loss_g : 1.513148 [31mkl_synergy_rand_1 : 0.355319 [31mkl_synergy_rand_2 : 0.427128 [31mkl_synergy_1 : 0.342186 [31mkl_synergy_2 : 0.412763 [31mtotal : 2.685423 [31mdiag_kl_1 : 0.516128 [31mdiag_kl_2 : 0.605338 [94mAcc_combined: 63.70 [94mAcc_c: 48.18 [94mAcc_g: 47.86 [92mF1_combined: 59.20 [92mF1_c: 43.96 [92mF1_g: 41.54 [39m
2026-07-26 06:33:08,100 - Agent - INFO - [37mVal Epoch 87 step 87 with [31mce_loss_combined : 1.133255 [31mce_loss_c : 1.477857 [31mce_loss_g : 1.525374 [31mkl_synergy_rand_1 : 0.335096 [31mkl_synergy_rand_2 : 0.392242 [31mkl_synergy_1 : 0.334741 [31mkl_synergy_2 : 0.379476 [31mtotal : 2.574810 [31mdiag_kl_1 : 0.508229 [31mdiag_kl_2 : 0.601187 [94mAcc_combined: 62.72 [94mAcc_c: 48.79 [94mAcc_g: 48.10 [92mF1_combined: 58.51 [92mF1_c: 43.52 [92mF1_g: 40.86 [39m
2026-07-26 06:33:08,127 - Agent - INFO - [37mTest Epoch 87 step 87 with [31mce_loss_combined : 1.151984 [31mce_loss_c : 1.507236 [31mce_loss_g : 1.512707 [31mkl_synergy_rand_1 : 0.355829 [31mkl_synergy_rand_2 : 0.418978 [31mkl_synergy_1 : 0.343265 [31mkl_synergy_2 : 0.407848 [31mtotal : 2.677904 [31mdiag_kl_1 : 0.518615 [31mdiag_kl_2 : 0.586486 [94mAcc_combined: 63.49 [94mAcc_c: 48.72 [94mAcc_g: 47.43 [92mF1_combined: 58.82 [92mF1_c: 44.46 [92mF1_g: 40.64 [39m
2026-07-26 06:34:33,441 - Agent - INFO - [37mVal Epoch 88 step 88 with [31mce_loss_combined : 1.119550 [31mce_loss_c : 1.483066 [31mce_loss_g : 1.512772 [31mkl_synergy_rand_1 : 0.344860 [31mkl_synergy_rand_2 : 0.382201 [31mkl_synergy_1 : 0.335993 [31mkl_synergy_2 : 0.367646 [31mtotal : 2.550249 [31mdiag_kl_1 : 0.494565 [31mdiag_kl_2 : 0.625699 [94mAcc_combined: 63.18 [94mAcc_c: 48.91 [94mAcc_g: 48.79 [92mF1_combined: 59.08 [92mF1_c: 44.08 [92mF1_g: 41.79 [39m
2026-07-26 06:34:33,457 - Agent - INFO - [37mTest Epoch 88 step 88 with [31mce_loss_combined : 1.143477 [31mce_loss_c : 1.501653 [31mce_loss_g : 1.508409 [31mkl_synergy_rand_1 : 0.355732 [31mkl_synergy_rand_2 : 0.414428 [31mkl_synergy_1 : 0.344520 [31mkl_synergy_2 : 0.400742 [31mtotal : 2.658899 [31mdiag_kl_1 : 0.510686 [31mdiag_kl_2 : 0.617756 [94mAcc_combined: 63.06 [94mAcc_c: 48.61 [94mAcc_g: 48.07 [92mF1_combined: 58.64 [92mF1_c: 44.13 [92mF1_g: 41.77 [39m
2026-07-26 06:36:05,380 - Agent - INFO - [37mVal Epoch 89 step 89 with [31mce_loss_combined : 1.116353 [31mce_loss_c : 1.466157 [31mce_loss_g : 1.516379 [31mkl_synergy_rand_1 : 0.339923 [31mkl_synergy_rand_2 : 0.384849 [31mkl_synergy_1 : 0.330662 [31mkl_synergy_2 : 0.364741 [31mtotal : 2.536526 [31mdiag_kl_1 : 0.492268 [31mdiag_kl_2 : 0.593166 [94mAcc_combined: 63.87 [94mAcc_c: 48.79 [94mAcc_g: 47.99 [92mF1_combined: 59.66 [92mF1_c: 44.00 [92mF1_g: 41.01 [39m
2026-07-26 06:36:05,396 - Agent - INFO - [37mTest Epoch 89 step 89 with [31mce_loss_combined : 1.143052 [31mce_loss_c : 1.501503 [31mce_loss_g : 1.515690 [31mkl_synergy_rand_1 : 0.356725 [31mkl_synergy_rand_2 : 0.410795 [31mkl_synergy_1 : 0.342502 [31mkl_synergy_2 : 0.392307 [31mtotal : 2.645380 [31mdiag_kl_1 : 0.493425 [31mdiag_kl_2 : 0.592482 [94mAcc_combined: 64.03 [94mAcc_c: 48.29 [94mAcc_g: 47.43 [92mF1_combined: 59.17 [92mF1_c: 43.80 [92mF1_g: 40.92 [39m
2026-07-26 06:37:32,260 - Agent - INFO - [37mVal Epoch 90 step 90 with [31mce_loss_combined : 1.117311 [31mce_loss_c : 1.463871 [31mce_loss_g : 1.498981 [31mkl_synergy_rand_1 : 0.333050 [31mkl_synergy_rand_2 : 0.380321 [31mkl_synergy_1 : 0.328674 [31mkl_synergy_2 : 0.370463 [31mtotal : 2.529819 [31mdiag_kl_1 : 0.507472 [31mdiag_kl_2 : 0.614006 [94mAcc_combined: 63.41 [94mAcc_c: 49.02 [94mAcc_g: 49.25 [92mF1_combined: 59.13 [92mF1_c: 44.34 [92mF1_g: 41.70 [39m
2026-07-26 06:37:32,283 - Agent - INFO - [37mTest Epoch 90 step 90 with [31mce_loss_combined : 1.148014 [31mce_loss_c : 1.500183 [31mce_loss_g : 1.521793 [31mkl_synergy_rand_1 : 0.355862 [31mkl_synergy_rand_2 : 0.418619 [31mkl_synergy_1 : 0.348261 [31mkl_synergy_2 : 0.409721 [31mtotal : 2.680477 [31mdiag_kl_1 : 0.520495 [31mdiag_kl_2 : 0.608135 [94mAcc_combined: 62.63 [94mAcc_c: 48.18 [94mAcc_g: 47.54 [92mF1_combined: 58.06 [92mF1_c: 43.84 [92mF1_g: 40.79 [39m
2026-07-26 06:39:02,306 - Agent - INFO - [37mVal Epoch 91 step 91 with [31mce_loss_combined : 1.118689 [31mce_loss_c : 1.479740 [31mce_loss_g : 1.515415 [31mkl_synergy_rand_1 : 0.348647 [31mkl_synergy_rand_2 : 0.386081 [31mkl_synergy_1 : 0.329239 [31mkl_synergy_2 : 0.366512 [31mtotal : 2.549166 [31mdiag_kl_1 : 0.500333 [31mdiag_kl_2 : 0.599404 [94mAcc_combined: 63.06 [94mAcc_c: 48.45 [94mAcc_g: 49.25 [92mF1_combined: 59.10 [92mF1_c: 43.62 [92mF1_g: 42.03 [39m
2026-07-26 06:39:02,322 - Agent - INFO - [37mTest Epoch 91 step 91 with [31mce_loss_combined : 1.138821 [31mce_loss_c : 1.500936 [31mce_loss_g : 1.510590 [31mkl_synergy_rand_1 : 0.363319 [31mkl_synergy_rand_2 : 0.413888 [31mkl_synergy_1 : 0.348955 [31mkl_synergy_2 : 0.395732 [31mtotal : 2.660715 [31mdiag_kl_1 : 0.513994 [31mdiag_kl_2 : 0.589060 [94mAcc_combined: 63.92 [94mAcc_c: 48.82 [94mAcc_g: 47.97 [92mF1_combined: 59.19 [92mF1_c: 44.57 [92mF1_g: 41.42 [39m
2026-07-26 06:40:28,844 - Agent - INFO - [37mVal Epoch 92 step 92 with [31mce_loss_combined : 1.114003 [31mce_loss_c : 1.458996 [31mce_loss_g : 1.516158 [31mkl_synergy_rand_1 : 0.338111 [31mkl_synergy_rand_2 : 0.383808 [31mkl_synergy_1 : 0.329427 [31mkl_synergy_2 : 0.364910 [31mtotal : 2.530260 [31mdiag_kl_1 : 0.501550 [31mdiag_kl_2 : 0.591873 [94mAcc_combined: 63.29 [94mAcc_c: 49.71 [94mAcc_g: 49.48 [92mF1_combined: 58.89 [92mF1_c: 44.93 [92mF1_g: 42.19 [39m
2026-07-26 06:40:28,865 - Agent - INFO - [37mTest Epoch 92 step 92 with [31mce_loss_combined : 1.147190 [31mce_loss_c : 1.492570 [31mce_loss_g : 1.522649 [31mkl_synergy_rand_1 : 0.364592 [31mkl_synergy_rand_2 : 0.411008 [31mkl_synergy_1 : 0.350944 [31mkl_synergy_2 : 0.401798 [31mtotal : 2.675533 [31mdiag_kl_1 : 0.507845 [31mdiag_kl_2 : 0.591259 [94mAcc_combined: 62.74 [94mAcc_c: 48.72 [94mAcc_g: 47.22 [92mF1_combined: 58.13 [92mF1_c: 44.22 [92mF1_g: 40.98 [39m
2026-07-26 06:41:56,039 - Agent - INFO - [37mVal Epoch 93 step 93 with [31mce_loss_combined : 1.119219 [31mce_loss_c : 1.471158 [31mce_loss_g : 1.519177 [31mkl_synergy_rand_1 : 0.344540 [31mkl_synergy_rand_2 : 0.375189 [31mkl_synergy_1 : 0.333406 [31mkl_synergy_2 : 0.361210 [31mtotal : 2.533564 [31mdiag_kl_1 : 0.499307 [31mdiag_kl_2 : 0.607098 [94mAcc_combined: 63.64 [94mAcc_c: 48.91 [94mAcc_g: 49.14 [92mF1_combined: 59.38 [92mF1_c: 44.14 [92mF1_g: 41.86 [39m
2026-07-26 06:41:56,058 - Agent - INFO - [37mTest Epoch 93 step 93 with [31mce_loss_combined : 1.144187 [31mce_loss_c : 1.495673 [31mce_loss_g : 1.505319 [31mkl_synergy_rand_1 : 0.363169 [31mkl_synergy_rand_2 : 0.408473 [31mkl_synergy_1 : 0.350475 [31mkl_synergy_2 : 0.387705 [31mtotal : 2.654008 [31mdiag_kl_1 : 0.513055 [31mdiag_kl_2 : 0.597439 [94mAcc_combined: 63.17 [94mAcc_c: 48.61 [94mAcc_g: 47.86 [92mF1_combined: 58.35 [92mF1_c: 44.45 [92mF1_g: 41.35 [39m
2026-07-26 06:43:21,866 - Agent - INFO - [37mVal Epoch 94 step 94 with [31mce_loss_combined : 1.115117 [31mce_loss_c : 1.462635 [31mce_loss_g : 1.497992 [31mkl_synergy_rand_1 : 0.343890 [31mkl_synergy_rand_2 : 0.381810 [31mkl_synergy_1 : 0.328775 [31mkl_synergy_2 : 0.367621 [31mtotal : 2.537212 [31mdiag_kl_1 : 0.507824 [31mdiag_kl_2 : 0.599481 [94mAcc_combined: 63.75 [94mAcc_c: 49.02 [94mAcc_g: 48.91 [92mF1_combined: 59.49 [92mF1_c: 44.22 [92mF1_g: 41.53 [39m
2026-07-26 06:43:21,882 - Agent - INFO - [37mTest Epoch 94 step 94 with [31mce_loss_combined : 1.148483 [31mce_loss_c : 1.499210 [31mce_loss_g : 1.511889 [31mkl_synergy_rand_1 : 0.364973 [31mkl_synergy_rand_2 : 0.414125 [31mkl_synergy_1 : 0.348909 [31mkl_synergy_2 : 0.399180 [31mtotal : 2.675670 [31mdiag_kl_1 : 0.524429 [31mdiag_kl_2 : 0.590716 [94mAcc_combined: 63.28 [94mAcc_c: 48.82 [94mAcc_g: 47.64 [92mF1_combined: 58.58 [92mF1_c: 44.30 [92mF1_g: 40.74 [39m
2026-07-26 06:44:53,952 - Agent - INFO - [37mVal Epoch 95 step 95 with [31mce_loss_combined : 1.113415 [31mce_loss_c : 1.462039 [31mce_loss_g : 1.507486 [31mkl_synergy_rand_1 : 0.343301 [31mkl_synergy_rand_2 : 0.376663 [31mkl_synergy_1 : 0.331248 [31mkl_synergy_2 : 0.358697 [31mtotal : 2.523324 [31mdiag_kl_1 : 0.498404 [31mdiag_kl_2 : 0.602519 [94mAcc_combined: 63.29 [94mAcc_c: 48.79 [94mAcc_g: 49.71 [92mF1_combined: 59.10 [92mF1_c: 44.06 [92mF1_g: 42.49 [39m
2026-07-26 06:44:53,971 - Agent - INFO - [37mTest Epoch 95 step 95 with [31mce_loss_combined : 1.135363 [31mce_loss_c : 1.489577 [31mce_loss_g : 1.487449 [31mkl_synergy_rand_1 : 0.354314 [31mkl_synergy_rand_2 : 0.401379 [31mkl_synergy_1 : 0.342277 [31mkl_synergy_2 : 0.382522 [31mtotal : 2.615857 [31mdiag_kl_1 : 0.497559 [31mdiag_kl_2 : 0.588276 [94mAcc_combined: 64.03 [94mAcc_c: 49.04 [94mAcc_g: 48.82 [92mF1_combined: 59.26 [92mF1_c: 44.51 [92mF1_g: 42.47 [39m
2026-07-26 06:46:20,551 - Agent - INFO - [37mVal Epoch 96 step 96 with [31mce_loss_combined : 1.120041 [31mce_loss_c : 1.471950 [31mce_loss_g : 1.506824 [31mkl_synergy_rand_1 : 0.352948 [31mkl_synergy_rand_2 : 0.371178 [31mkl_synergy_1 : 0.341085 [31mkl_synergy_2 : 0.359877 [31mtotal : 2.545130 [31mdiag_kl_1 : 0.505705 [31mdiag_kl_2 : 0.605769 [94mAcc_combined: 63.29 [94mAcc_c: 48.79 [94mAcc_g: 49.94 [92mF1_combined: 58.91 [92mF1_c: 44.01 [92mF1_g: 42.32 [39m
2026-07-26 06:46:20,580 - Agent - INFO - [37mTest Epoch 96 step 96 with [31mce_loss_combined : 1.139533 [31mce_loss_c : 1.493695 [31mce_loss_g : 1.493475 [31mkl_synergy_rand_1 : 0.365372 [31mkl_synergy_rand_2 : 0.404339 [31mkl_synergy_1 : 0.353204 [31mkl_synergy_2 : 0.388254 [31mtotal : 2.650702 [31mdiag_kl_1 : 0.515166 [31mdiag_kl_2 : 0.590813 [94mAcc_combined: 63.92 [94mAcc_c: 48.82 [94mAcc_g: 48.72 [92mF1_combined: 59.11 [92mF1_c: 44.23 [92mF1_g: 42.00 [39m
2026-07-26 06:47:51,460 - Agent - INFO - [37mVal Epoch 97 step 97 with [31mce_loss_combined : 1.119066 [31mce_loss_c : 1.464865 [31mce_loss_g : 1.510095 [31mkl_synergy_rand_1 : 0.349170 [31mkl_synergy_rand_2 : 0.371423 [31mkl_synergy_1 : 0.337073 [31mkl_synergy_2 : 0.354304 [31mtotal : 2.531035 [31mdiag_kl_1 : 0.508377 [31mdiag_kl_2 : 0.604617 [94mAcc_combined: 63.41 [94mAcc_c: 48.79 [94mAcc_g: 49.14 [92mF1_combined: 59.05 [92mF1_c: 43.69 [92mF1_g: 41.67 [39m
2026-07-26 06:47:51,483 - Agent - INFO - [37mTest Epoch 97 step 97 with [31mce_loss_combined : 1.151047 [31mce_loss_c : 1.491969 [31mce_loss_g : 1.519416 [31mkl_synergy_rand_1 : 0.365093 [31mkl_synergy_rand_2 : 0.418053 [31mkl_synergy_1 : 0.349098 [31mkl_synergy_2 : 0.389721 [31mtotal : 2.673012 [31mdiag_kl_1 : 0.518830 [31mdiag_kl_2 : 0.597914 [94mAcc_combined: 63.28 [94mAcc_c: 49.04 [94mAcc_g: 47.86 [92mF1_combined: 58.69 [92mF1_c: 44.38 [92mF1_g: 41.27 [39m
2026-07-26 06:49:24,239 - Agent - INFO - [37mVal Epoch 98 step 98 with [31mce_loss_combined : 1.119049 [31mce_loss_c : 1.471907 [31mce_loss_g : 1.501543 [31mkl_synergy_rand_1 : 0.339338 [31mkl_synergy_rand_2 : 0.367977 [31mkl_synergy_1 : 0.338220 [31mkl_synergy_2 : 0.352161 [31mtotal : 2.516744 [31mdiag_kl_1 : 0.511961 [31mdiag_kl_2 : 0.610382 [94mAcc_combined: 62.95 [94mAcc_c: 48.79 [94mAcc_g: 49.71 [92mF1_combined: 58.42 [92mF1_c: 43.47 [92mF1_g: 42.40 [39m
2026-07-26 06:49:24,264 - Agent - INFO - [37mTest Epoch 98 step 98 with [31mce_loss_combined : 1.152004 [31mce_loss_c : 1.502702 [31mce_loss_g : 1.505728 [31mkl_synergy_rand_1 : 0.361451 [31mkl_synergy_rand_2 : 0.407135 [31mkl_synergy_1 : 0.346806 [31mkl_synergy_2 : 0.391490 [31mtotal : 2.658885 [31mdiag_kl_1 : 0.520710 [31mdiag_kl_2 : 0.593324 [94mAcc_combined: 63.28 [94mAcc_c: 48.72 [94mAcc_g: 47.86 [92mF1_combined: 58.74 [92mF1_c: 44.31 [92mF1_g: 41.28 [39m
2026-07-26 06:50:55,521 - Agent - INFO - [37mVal Epoch 99 step 99 with [31mce_loss_combined : 1.120682 [31mce_loss_c : 1.470216 [31mce_loss_g : 1.489744 [31mkl_synergy_rand_1 : 0.346209 [31mkl_synergy_rand_2 : 0.373707 [31mkl_synergy_1 : 0.334688 [31mkl_synergy_2 : 0.352254 [31mtotal : 2.527540 [31mdiag_kl_1 : 0.499089 [31mdiag_kl_2 : 0.610847 [94mAcc_combined: 62.83 [94mAcc_c: 48.79 [94mAcc_g: 49.94 [92mF1_combined: 58.47 [92mF1_c: 43.62 [92mF1_g: 42.35 [39m
2026-07-26 06:50:55,542 - Agent - INFO - [37mTest Epoch 99 step 99 with [31mce_loss_combined : 1.143103 [31mce_loss_c : 1.488055 [31mce_loss_g : 1.500341 [31mkl_synergy_rand_1 : 0.364859 [31mkl_synergy_rand_2 : 0.402188 [31mkl_synergy_1 : 0.342474 [31mkl_synergy_2 : 0.376615 [31mtotal : 2.629239 [31mdiag_kl_1 : 0.507985 [31mdiag_kl_2 : 0.591012 [94mAcc_combined: 63.38 [94mAcc_c: 49.57 [94mAcc_g: 47.43 [92mF1_combined: 58.54 [92mF1_c: 45.11 [92mF1_g: 40.64 [39m
2026-07-26 06:52:26,800 - Agent - INFO - [37mVal Epoch 100 step 100 with [31mce_loss_combined : 1.115191 [31mce_loss_c : 1.464556 [31mce_loss_g : 1.491439 [31mkl_synergy_rand_1 : 0.341057 [31mkl_synergy_rand_2 : 0.369012 [31mkl_synergy_1 : 0.332431 [31mkl_synergy_2 : 0.348895 [31mtotal : 2.506586 [31mdiag_kl_1 : 0.502079 [31mdiag_kl_2 : 0.597973 [94mAcc_combined: 63.29 [94mAcc_c: 48.45 [94mAcc_g: 50.63 [92mF1_combined: 58.95 [92mF1_c: 43.29 [92mF1_g: 43.16 [39m
2026-07-26 06:52:26,816 - Agent - INFO - [37mTest Epoch 100 step 100 with [31mce_loss_combined : 1.143918 [31mce_loss_c : 1.492459 [31mce_loss_g : 1.505735 [31mkl_synergy_rand_1 : 0.355987 [31mkl_synergy_rand_2 : 0.397961 [31mkl_synergy_1 : 0.344529 [31mkl_synergy_2 : 0.377572 [31mtotal : 2.619968 [31mdiag_kl_1 : 0.510285 [31mdiag_kl_2 : 0.589848 [94mAcc_combined: 63.49 [94mAcc_c: 49.04 [94mAcc_g: 48.07 [92mF1_combined: 58.92 [92mF1_c: 44.70 [92mF1_g: 41.69 [39m
2026-07-26 06:54:00,577 - Agent - INFO - [37mVal Epoch 101 step 101 with [31mce_loss_combined : 1.117674 [31mce_loss_c : 1.467110 [31mce_loss_g : 1.495065 [31mkl_synergy_rand_1 : 0.340761 [31mkl_synergy_rand_2 : 0.372758 [31mkl_synergy_1 : 0.336349 [31mkl_synergy_2 : 0.355579 [31mtotal : 2.523121 [31mdiag_kl_1 : 0.505945 [31mdiag_kl_2 : 0.596273 [94mAcc_combined: 62.95 [94mAcc_c: 48.79 [94mAcc_g: 50.29 [92mF1_combined: 58.64 [92mF1_c: 43.90 [92mF1_g: 42.94 [39m
2026-07-26 06:54:00,594 - Agent - INFO - [37mTest Epoch 101 step 101 with [31mce_loss_combined : 1.152465 [31mce_loss_c : 1.495937 [31mce_loss_g : 1.518210 [31mkl_synergy_rand_1 : 0.368466 [31mkl_synergy_rand_2 : 0.399419 [31mkl_synergy_1 : 0.348982 [31mkl_synergy_2 : 0.379912 [31mtotal : 2.649244 [31mdiag_kl_1 : 0.508526 [31mdiag_kl_2 : 0.583772 [94mAcc_combined: 63.38 [94mAcc_c: 49.36 [94mAcc_g: 47.64 [92mF1_combined: 58.88 [92mF1_c: 44.95 [92mF1_g: 41.08 [39m
2026-07-26 06:55:26,237 - Agent - INFO - [37mVal Epoch 102 step 102 with [31mce_loss_combined : 1.119333 [31mce_loss_c : 1.472176 [31mce_loss_g : 1.494744 [31mkl_synergy_rand_1 : 0.351301 [31mkl_synergy_rand_2 : 0.371416 [31mkl_synergy_1 : 0.334992 [31mkl_synergy_2 : 0.348246 [31mtotal : 2.525288 [31mdiag_kl_1 : 0.501578 [31mdiag_kl_2 : 0.601640 [94mAcc_combined: 63.06 [94mAcc_c: 48.91 [94mAcc_g: 50.29 [92mF1_combined: 58.72 [92mF1_c: 44.05 [92mF1_g: 42.90 [39m
2026-07-26 06:55:26,253 - Agent - INFO - [37mTest Epoch 102 step 102 with [31mce_loss_combined : 1.150910 [31mce_loss_c : 1.490042 [31mce_loss_g : 1.513118 [31mkl_synergy_rand_1 : 0.360975 [31mkl_synergy_rand_2 : 0.397916 [31mkl_synergy_1 : 0.349144 [31mkl_synergy_2 : 0.372404 [31mtotal : 2.631350 [31mdiag_kl_1 : 0.519082 [31mdiag_kl_2 : 0.589790 [94mAcc_combined: 63.28 [94mAcc_c: 49.46 [94mAcc_g: 47.97 [92mF1_combined: 58.75 [92mF1_c: 44.78 [92mF1_g: 41.56 [39m
2026-07-26 06:56:55,229 - Agent - INFO - [37mVal Epoch 103 step 103 with [31mce_loss_combined : 1.115691 [31mce_loss_c : 1.470311 [31mce_loss_g : 1.497037 [31mkl_synergy_rand_1 : 0.351041 [31mkl_synergy_rand_2 : 0.367516 [31mkl_synergy_1 : 0.339852 [31mkl_synergy_2 : 0.346434 [31mtotal : 2.520533 [31mdiag_kl_1 : 0.508712 [31mdiag_kl_2 : 0.601134 [94mAcc_combined: 63.41 [94mAcc_c: 49.25 [94mAcc_g: 50.29 [92mF1_combined: 59.23 [92mF1_c: 44.03 [92mF1_g: 42.73 [39m
2026-07-26 06:56:55,249 - Agent - INFO - [37mTest Epoch 103 step 103 with [31mce_loss_combined : 1.153501 [31mce_loss_c : 1.490595 [31mce_loss_g : 1.522173 [31mkl_synergy_rand_1 : 0.364486 [31mkl_synergy_rand_2 : 0.396867 [31mkl_synergy_1 : 0.349690 [31mkl_synergy_2 : 0.380266 [31mtotal : 2.644809 [31mdiag_kl_1 : 0.521144 [31mdiag_kl_2 : 0.596791 [94mAcc_combined: 63.28 [94mAcc_c: 49.46 [94mAcc_g: 47.64 [92mF1_combined: 58.70 [92mF1_c: 44.75 [92mF1_g: 41.25 [39m
2026-07-26 06:58:23,998 - Agent - INFO - [37mVal Epoch 104 step 104 with [31mce_loss_combined : 1.115771 [31mce_loss_c : 1.463719 [31mce_loss_g : 1.497884 [31mkl_synergy_rand_1 : 0.345648 [31mkl_synergy_rand_2 : 0.370143 [31mkl_synergy_1 : 0.334875 [31mkl_synergy_2 : 0.355703 [31mtotal : 2.522141 [31mdiag_kl_1 : 0.502861 [31mdiag_kl_2 : 0.586990 [94mAcc_combined: 63.52 [94mAcc_c: 48.68 [94mAcc_g: 50.75 [92mF1_combined: 59.47 [92mF1_c: 43.55 [92mF1_g: 43.39 [39m
2026-07-26 06:58:24,020 - Agent - INFO - [37mTest Epoch 104 step 104 with [31mce_loss_combined : 1.144803 [31mce_loss_c : 1.492326 [31mce_loss_g : 1.502228 [31mkl_synergy_rand_1 : 0.361628 [31mkl_synergy_rand_2 : 0.400830 [31mkl_synergy_1 : 0.346156 [31mkl_synergy_2 : 0.375993 [31mtotal : 2.629411 [31mdiag_kl_1 : 0.506367 [31mdiag_kl_2 : 0.575794 [94mAcc_combined: 64.13 [94mAcc_c: 48.82 [94mAcc_g: 48.39 [92mF1_combined: 59.59 [92mF1_c: 44.04 [92mF1_g: 41.99 [39m
2026-07-26 06:59:49,483 - Agent - INFO - [37mVal Epoch 105 step 105 with [31mce_loss_combined : 1.116033 [31mce_loss_c : 1.460381 [31mce_loss_g : 1.498248 [31mkl_synergy_rand_1 : 0.343652 [31mkl_synergy_rand_2 : 0.366470 [31mkl_synergy_1 : 0.332148 [31mkl_synergy_2 : 0.349086 [31mtotal : 2.507389 [31mdiag_kl_1 : 0.506617 [31mdiag_kl_2 : 0.596529 [94mAcc_combined: 63.29 [94mAcc_c: 48.45 [94mAcc_g: 50.29 [92mF1_combined: 59.06 [92mF1_c: 43.28 [92mF1_g: 42.91 [39m
2026-07-26 06:59:49,503 - Agent - INFO - [37mTest Epoch 105 step 105 with [31mce_loss_combined : 1.147037 [31mce_loss_c : 1.489303 [31mce_loss_g : 1.501039 [31mkl_synergy_rand_1 : 0.359979 [31mkl_synergy_rand_2 : 0.397750 [31mkl_synergy_1 : 0.345333 [31mkl_synergy_2 : 0.372910 [31mtotal : 2.623010 [31mdiag_kl_1 : 0.510934 [31mdiag_kl_2 : 0.587381 [94mAcc_combined: 63.70 [94mAcc_c: 49.04 [94mAcc_g: 48.07 [92mF1_combined: 59.15 [92mF1_c: 44.41 [92mF1_g: 41.74 [39m
2026-07-26 07:01:12,926 - Agent - INFO - [37mVal Epoch 106 step 106 with [31mce_loss_combined : 1.115255 [31mce_loss_c : 1.465602 [31mce_loss_g : 1.494355 [31mkl_synergy_rand_1 : 0.350215 [31mkl_synergy_rand_2 : 0.372606 [31mkl_synergy_1 : 0.337468 [31mkl_synergy_2 : 0.350389 [31mtotal : 2.525934 [31mdiag_kl_1 : 0.502056 [31mdiag_kl_2 : 0.589661 [94mAcc_combined: 63.41 [94mAcc_c: 48.45 [94mAcc_g: 50.86 [92mF1_combined: 59.22 [92mF1_c: 43.26 [92mF1_g: 43.44 [39m
2026-07-26 07:01:12,952 - Agent - INFO - [37mTest Epoch 106 step 106 with [31mce_loss_combined : 1.147662 [31mce_loss_c : 1.495526 [31mce_loss_g : 1.499686 [31mkl_synergy_rand_1 : 0.361112 [31mkl_synergy_rand_2 : 0.400162 [31mkl_synergy_1 : 0.348251 [31mkl_synergy_2 : 0.384163 [31mtotal : 2.641351 [31mdiag_kl_1 : 0.507810 [31mdiag_kl_2 : 0.579806 [94mAcc_combined: 64.03 [94mAcc_c: 49.14 [94mAcc_g: 48.50 [92mF1_combined: 59.42 [92mF1_c: 44.43 [92mF1_g: 41.99 [39m
2026-07-26 07:01:25,171 - Agent - INFO - We are in the final state.
2026-07-26 07:01:25,614 - root - INFO - Loaded best model from best_model_accuracy_state_dict
2026-07-26 07:01:44,432 - Agent - INFO - [37mVal Epoch 106 step 0 with [31mce_loss_combined : 1.150704 [31mce_loss_c : 1.547526 [31mce_loss_g : 1.727678 [31mkl_synergy_rand_1 : 0.349230 [31mkl_synergy_rand_2 : 0.521085 [31mkl_synergy_1 : 0.356612 [31mkl_synergy_2 : 0.506269 [31mtotal : 2.883901 [31mdiag_kl_1 : 0.535942 [31mdiag_kl_2 : 0.596408 [94mAcc_combined: 64.79 [94mAcc_c: 48.79 [94mAcc_g: 38.09 [92mF1_combined: 60.34 [92mF1_c: 43.97 [92mF1_g: 33.54 [39m
2026-07-26 07:02:05,978 - Agent - INFO - [37mTest Epoch 106 step 0 with [31mce_loss_combined : 1.154582 [31mce_loss_c : 1.546451 [31mce_loss_g : 1.696277 [31mkl_synergy_rand_1 : 0.388438 [31mkl_synergy_rand_2 : 0.544218 [31mkl_synergy_1 : 0.395268 [31mkl_synergy_2 : 0.540617 [31mtotal : 3.023124 [31mdiag_kl_1 : 0.530523 [31mdiag_kl_2 : 0.588985 [94mAcc_combined: 64.35 [94mAcc_c: 48.72 [94mAcc_g: 39.72 [92mF1_combined: 59.00 [92mF1_c: 44.36 [92mF1_g: 33.89 [39m
2026-07-26 07:02:08,073 - Agent - INFO - [37mModel saved successfully at: ./data/data/2025_data/synergy/CremadPlus/v2/SynIB_RMask_U_REFABL_cremad_fold2_l1.0_ir0.5_perturbrandom_fillema_pmin0.20_refanchor_legacy.pth.tar[39m
Job finished
