Starting SynIB reference-ablation job
Python 3.12.12
/esat/smcdata/users/kkontras/Image_Dataset/no_backup/git/SynIB  (git 0aa7402)
GPU 0: NVIDIA A100-SXM4-80GB (UUID: GPU-0c8fa56f-68d8-2be1-386b-340c6ae9af51)
Executing: PYTHONPATH=src /esat/smcdata/users/kkontras/Image_Dataset/no_backup/envs/synergy/bin/python -m synib.entrypoints.train --config run/configs/rebuttal_ref_ablation/cremad_synib_u.json --default_config run/configs/rebuttal_ref_ablation/cremad_default.json --fold 0 --ironic_rate 0.5 --rmask random --l 0.5 --perturb_pmin 0.20 --perturb_fill ema --reference_type unimodal_anchor --ref_diag --start_over --tag REFABL_cremad_lam0.5x
Namespace(config='run/configs/rebuttal_ref_ablation/cremad_synib_u.json', default_config='run/configs/rebuttal_ref_ablation/cremad_default.json', fold='0', alpha=None, tanh_mode_beta=None, regby=None, batch_size=None, l='0.5', multil=None, lib=None, kmepoch=None, num_samples=None, contrcoeff=None, contr_type=None, shuffle_type=None, validate_with=None, num_classes=None, optim_method=None, ending_epoch=None, load_ongoing=None, recon_weight1=None, recon_weight2=None, recon_epochstages=None, recon_ensemblestages=None, lr=None, wd=None, cls=None, ironic_rate='0.5', perturb='random', perturb_fill='ema', perturb_pmax=None, perturb_pmin='0.20', perturb_lsparse=None, rmask='random', pmin=None, pmax=None, lsparse=None, debug_mask_stats=False, pre=False, frozen=False, tdqm_disable=False, start_over=True, no_model_save=False, num_layers=None, grad_accum=None, init_from=None, init_strict=False, perturb_lsparse_sign=None, l_anneal_epochs=None, perturb_steps=None, perturb_lsparse_warmup=None, perturb_lsparse_schedule=None, persist_ell=False, save_masks=False, penalty_swap=False, disable_ce_random=False, disable_kl_learned=False, masking_only=False, modality_dropout=None, modality_dropout_target=None, l_z1_masked=None, l_z2_masked=None, l_pareto=None, reference_type='unimodal_anchor', ref_diag=True, ref_ema_decay=None, tag='REFABL_cremad_lam0.5x')
2026-07-26 04:26:54,183 - Config - INFO - run/configs/rebuttal_ref_ablation/cremad_synib_u.json
2026-07-26 04:26:54,185 - Config - INFO -  THE Configuration of your experiment ..
{'agent': 'Agent',
 'dataset': {'data_roots': './data/CremaD/CREMA-D',
             'data_split': {'fold': 0, 'method': 'non_inclusive'},
             'dataloader_class': 'IronyCremadDataloader',
             'fps': 1,
             'ironic_label_name': 'SARCASM',
             'ironic_modes': ['train', 'val', 'test'],
             'ironic_rate': 1.0,
             'norm': False,
             'norm_face_path': './src/synib/mydatasets/Irony_Cremad/assets/norms/norm_face_path_fold{}.pkl',
             'norm_wav_path': './src/synib/mydatasets/Irony_Cremad/assets/norms/wav_norm_22050_fold{}.pkl',
             'num_frame': 3,
             'return_data': {'audio': False,
                             'face': False,
                             'spectrogram': True,
                             'video': True},
             'sampling_rate': 22050},
 'early_stopping': {'end_of_epoch_check': True,
                    'log_interval': 10,
                    'max_epoch': 1500,
                    'n_steps_stop': 30,
                    'n_steps_stop_after': 0,
                    'save_every_step': 3000,
                    'save_every_valstep': 10,
                    'validate_after': 0,
                    'validate_every': 25,
                    'validate_with': 'accuracy'},
 'exp_name': 'CREMAD Experiment',
 'model': {'args': {'bias_infusion': {'contrcoeff': 0.0, 'l': 1.0},
                    'cls_type': 'mlp',
                    'd_model': 512,
                    'dropout': 0.1,
                    'fc_inner': 64,
                    'in_dim': 64,
                    'multi_loss': {'multi_supervised_w': {'c': 1,
                                                          'combined': 1,
                                                          'g': 1}},
                    'norm_decision': False,
                    'num_classes': 7,
                    'synergy_type': 'unimodal_anchor'},
           'ceu': {'test': './artifacts/ceus/cremad/cremadplus_ceu_test_res_{}.pkl',
                   'val': './artifacts/ceus/cremad/cremadplus_ceu_val_res_{}.pkl'},
           'encoders': [{'args': {'d_model': 512,
                                  'dropout': 0.1,
                                  'fc_inner': 64,
                                  'freeze_encoder': False,
                                  'num_classes': 7},
                         'model': 'Audio_ResNet',
                         'name': 'enc_0_modality1_encoder',
                         'pretrainedEncoder': {'dir': 'unimodal_audio_fold{}_ir1.0_lr0.001_wd0.0001_clsmlp_bs64.pth.tar',
                                               'use': True},
                         'save_encoder': False},
                        {'args': {'d_model': 512,
                                  'dropout': 0.1,
                                  'fc_inner': 64,
                                  'freeze_encoder': False,
                                  'num_classes': 7},
                         'model': 'Video_ResNet',
                         'name': 'enc_1_modality2_encoder',
                         'pretrainedEncoder': {'dir': 'unimodal_video_fold{}_ir1.0_lr0.0001_wd0.0001_clsmlp_bs64.pth.tar',
                                               'use': True},
                         'save_encoder': False},
                        {'args': {'d_model': 512,
                                  'dropout': 0.1,
                                  'fc_inner': 64,
                                  'freeze_encoder': False},
                         'model': 'FusionTrunkLinear',
                         'name': 'enc_2_fusion_trunk',
                         'pretrainedEncoder': {'dir': 'enc_2_fusion_trunk_fold{}.pth.tar',
                                               'use': False},
                         'save_encoder': False},
                        {'args': {'freeze_encoder': False,
                                  'in_dim': 64,
                                  'num_classes': 7},
                         'model': 'LinearHead',
                         'name': 'enc_3_fusion_head',
                         'pretrainedEncoder': {'dir': 'enc_3_fusion_head_fold{}.pth.tar',
                                               'use': False},
                         'save_encoder': False},
                        {'args': {'dropout': 0.1,
                                  'freeze_encoder': False,
                                  'hidden_dim': 64,
                                  'in_dim': 512,
                                  'num_classes': 7},
                         'model': 'MLPHead',
                         'name': 'enc_4_unimodal_head_1',
                         'pretrainedEncoder': {'dir': 'enc_4_unimodal1_fold{}.pth.tar',
                                               'use': False},
                         'save_encoder': False},
                        {'args': {'dropout': 0.1,
                                  'freeze_encoder': False,
                                  'hidden_dim': 64,
                                  'in_dim': 512,
                                  'num_classes': 7},
                         'model': 'MLPHead',
                         'name': 'enc_5_unimodal_head_2',
                         'pretrainedEncoder': {'dir': 'enc_5_unimodal2_fold{}.pth.tar',
                                               'use': False},
                         'save_encoder': False}],
           'load_ongoing': False,
           'model_class': 'FusionIBModel_Mask_U',
           'save_base_dir': './data/data/2025_data/synergy/CremadPlus/v2',
           'save_dir': 'SynIB_RMask_U_{}.pth.tar'},
 'optimizer': {'beta1': 0.9,
               'beta2': 0.999,
               'learning_rate': 1e-05,
               'momentum': 0.9,
               'type': 'Adam',
               'weight_decay': 1e-05},
 'scheduler': {'max_lr': 0.03, 'type': 'cosanneal', 'warm_up_steps': 780},
 'training_params': {'async_loading': True,
                     'batch_size': 128,
                     'cuda': True,
                     'data_loader_workers': 8,
                     'gpu_device': [0],
                     'pin_memory': False,
                     'rec_test': True,
                     'res': True,
                     'seed': 109,
                     'tdqm_disable': False,
                     'test_batch_size': 128,
                     'test_on_bottoms': True,
                     'use_test_set': True,
                     'validation': True,
                     'verbose': True,
                     'wandb_disable': False}}
2026-07-26 04:26:54,189 - Config - INFO -  *************************************** 
2026-07-26 04:26:54,189 - Config - INFO - The experiment name is CREMAD Experiment
2026-07-26 04:26:54,189 - Config - INFO -  *************************************** 
2026-07-26 04:26:54,189 - root - INFO - save_dir: SynIB_RMask_U_REFABL_cremad_lam0.5x_fold0_l0.5_ir0.5_perturbrandom_fillema_pmin0.20_refunimodal_anchor.pth.tar
2026-07-26 04:26:54,571 - Cuda Statistics - INFO - __Python VERSION:  3.12.12 | packaged by Anaconda, Inc. | (main, Oct 21 2025, 20:16:04) [GCC 11.2.0]
2026-07-26 04:26:54,571 - Cuda Statistics - INFO - __pyTorch VERSION:  2.7.1+cu118
2026-07-26 04:26:54,571 - Cuda Statistics - INFO - __CUDA VERSION
2026-07-26 04:26:54,579 - Cuda Statistics - INFO - __CUDNN VERSION:  90100
2026-07-26 04:26:54,606 - Cuda Statistics - INFO - __Number CUDA Devices:  1
2026-07-26 04:26:54,606 - Cuda Statistics - INFO - __Devices
2026-07-26 04:26:54,606 - Cuda Statistics - INFO - index, name, driver_version, memory.total [MiB], memory.used [MiB], memory.free [MiB]
2026-07-26 04:26:54,606 - Cuda Statistics - INFO - 0, NVIDIA A100-SXM4-80GB, 595.71.05, 81920 MiB, 4 MiB, 81150 MiB
2026-07-26 04:26:54,609 - Cuda Statistics - INFO - Active CUDA Device: GPU 0
2026-07-26 04:26:54,609 - Cuda Statistics - INFO - Available devices  1
2026-07-26 04:26:54,609 - Cuda Statistics - INFO - Current cuda device  0
2026-07-26 04:26:55,375 - IronyCremadDataset - INFO - Loaded wav norm from ./src/synib/mydatasets/Irony_Cremad/assets/norms/wav_norm_22050_fold0.pkl
2026-07-26 04:26:55,579 - IronyCremadDataset - INFO - Loaded wav norm from ./src/synib/mydatasets/Irony_Cremad/assets/norms/wav_norm_22050_fold0.pkl
2026-07-26 04:26:55,731 - IronyCremadDataset - INFO - Loaded wav norm from ./src/synib/mydatasets/Irony_Cremad/assets/norms/wav_norm_22050_fold0.pkl
2026-07-26 04:26:55,738 - Agent - INFO - Device: cuda:0
2026-07-26 04:26:55,738 - Agent - INFO - Total training batches: 32, validate every 25 batches, steps per epoch: 2
2026-07-26 04:26:55,809 - Agent - INFO - Loss Weights are {'total': 1, 'combined': 1, 'c': 1, 'g': 1}
2026-07-26 04:26:55,809 - root - INFO - There is no CEU for train
2026-07-26 04:26:55,811 - root - INFO - There is no CEU for val
2026-07-26 04:26:55,811 - root - INFO - There is no CEU for test
{'d_model': 512, 'num_classes': 7, 'fc_inner': 64, 'dropout': 0.1, 'freeze_encoder': False}
2026-07-26 04:26:56,191 - root - INFO - Loading enc best model state dict from ./data/data/2025_data/synergy/CremadPlus/v2/unimodal_audio_fold0_ir0.5_lr0.001_wd0.0001_clsmlp_bs64.pth.tar
2026-07-26 04:26:56,774 - root - INFO - Loading enc best model state dict from ./data/data/2025_data/synergy/CremadPlus/v2/unimodal_video_fold0_ir0.5_lr0.0001_wd0.0001_clsmlp_bs64.pth.tar
2026-07-26 04:26:57,555 - Agent - INFO - Total number of trainable parameters are: 67194431
2026-07-26 04:26:57,565 - Agent - INFO - Total number of trainable parameters are: 22486563
2026-07-26 04:28:30,551 - Evaluator - INFO - New best with loss-accuracy-
2026-07-26 04:28:30,552 - Agent - INFO - [37mVal Epoch 1 step 1 with [31mce_loss_combined : 1.770631 [31mce_loss_c : 1.969495 [31mce_loss_g : 2.672664 [31mkl_synergy_rand_1 : 0.664668 [31mkl_synergy_rand_2 : 0.589986 [31mkl_synergy_1 : 0.663770 [31mkl_synergy_2 : 0.587521 [31mtotal : 4.276577 [31mdiag_kl_1 : 1.329868 [31mdiag_kl_2 : 1.183576 [94mAcc_combined: 46.24 [94mAcc_c: 56.83 [94mAcc_g: 43.74 [92mF1_combined: 38.16 [92mF1_c: 52.81 [92mF1_g: 36.95 [39m
2026-07-26 04:28:30,611 - Agent - INFO - [37mTest Epoch 1 step 1 with [31mce_loss_combined : 1.797879 [31mce_loss_c : 2.562776 [31mce_loss_g : 2.579696 [31mkl_synergy_rand_1 : 0.675435 [31mkl_synergy_rand_2 : 0.568014 [31mkl_synergy_1 : 0.670905 [31mkl_synergy_2 : 0.570534 [31mtotal : 4.282766 [31mdiag_kl_1 : 1.349083 [31mdiag_kl_2 : 1.144707 [94mAcc_combined: 47.94 [94mAcc_c: 48.28 [94mAcc_g: 48.94 [92mF1_combined: 38.90 [92mF1_c: 43.70 [92mF1_g: 40.19 [39m
2026-07-26 04:28:31,430 - Agent - INFO - [37mModel saved successfully at: ./data/data/2025_data/synergy/CremadPlus/v2/SynIB_RMask_U_REFABL_cremad_lam0.5x_fold0_l0.5_ir0.5_perturbrandom_fillema_pmin0.20_refunimodal_anchor.pth.tar[39m
2026-07-26 04:30:06,071 - Evaluator - INFO - New best with loss-accuracy-
2026-07-26 04:30:06,072 - Agent - INFO - [37mVal Epoch 2 step 2 with [31mce_loss_combined : 1.576561 [31mce_loss_c : 1.978902 [31mce_loss_g : 2.505934 [31mkl_synergy_rand_1 : 0.583959 [31mkl_synergy_rand_2 : 0.498258 [31mkl_synergy_1 : 0.585961 [31mkl_synergy_2 : 0.494194 [31mtotal : 3.738933 [31mdiag_kl_1 : 1.167427 [31mdiag_kl_2 : 1.017536 [94mAcc_combined: 58.31 [94mAcc_c: 55.92 [94mAcc_g: 42.37 [92mF1_combined: 48.64 [92mF1_c: 52.10 [92mF1_g: 36.04 [39m
2026-07-26 04:30:06,094 - Agent - INFO - [37mTest Epoch 2 step 2 with [31mce_loss_combined : 1.617570 [31mce_loss_c : 2.581041 [31mce_loss_g : 2.383386 [31mkl_synergy_rand_1 : 0.588470 [31mkl_synergy_rand_2 : 0.471646 [31mkl_synergy_1 : 0.588341 [31mkl_synergy_2 : 0.470203 [31mtotal : 3.736230 [31mdiag_kl_1 : 1.173442 [31mdiag_kl_2 : 0.968504 [94mAcc_combined: 57.84 [94mAcc_c: 48.39 [94mAcc_g: 48.16 [92mF1_combined: 48.16 [92mF1_c: 44.31 [92mF1_g: 40.28 [39m
2026-07-26 04:30:07,680 - Agent - INFO - [37mModel saved successfully at: ./data/data/2025_data/synergy/CremadPlus/v2/SynIB_RMask_U_REFABL_cremad_lam0.5x_fold0_l0.5_ir0.5_perturbrandom_fillema_pmin0.20_refunimodal_anchor.pth.tar[39m
2026-07-26 04:31:40,259 - Evaluator - INFO - New best with loss-accuracy-
2026-07-26 04:31:40,260 - Agent - INFO - [37mVal Epoch 3 step 3 with [31mce_loss_combined : 1.410251 [31mce_loss_c : 1.953366 [31mce_loss_g : 2.517729 [31mkl_synergy_rand_1 : 0.515278 [31mkl_synergy_rand_2 : 0.409366 [31mkl_synergy_1 : 0.521479 [31mkl_synergy_2 : 0.409429 [31mtotal : 3.265803 [31mdiag_kl_1 : 1.029569 [31mdiag_kl_2 : 0.868563 [94mAcc_combined: 61.73 [94mAcc_c: 56.04 [94mAcc_g: 41.69 [92mF1_combined: 52.81 [92mF1_c: 52.41 [92mF1_g: 35.02 [39m
2026-07-26 04:31:40,274 - Agent - INFO - [37mTest Epoch 3 step 3 with [31mce_loss_combined : 1.477539 [31mce_loss_c : 2.559931 [31mce_loss_g : 2.422124 [31mkl_synergy_rand_1 : 0.522589 [31mkl_synergy_rand_2 : 0.388003 [31mkl_synergy_1 : 0.529788 [31mkl_synergy_2 : 0.389940 [31mtotal : 3.307859 [31mdiag_kl_1 : 1.038984 [31mdiag_kl_2 : 0.811770 [94mAcc_combined: 59.18 [94mAcc_c: 48.50 [94mAcc_g: 47.61 [92mF1_combined: 50.07 [92mF1_c: 44.36 [92mF1_g: 39.02 [39m
2026-07-26 04:31:42,511 - Agent - INFO - [37mModel saved successfully at: ./data/data/2025_data/synergy/CremadPlus/v2/SynIB_RMask_U_REFABL_cremad_lam0.5x_fold0_l0.5_ir0.5_perturbrandom_fillema_pmin0.20_refunimodal_anchor.pth.tar[39m
2026-07-26 04:33:21,473 - Evaluator - INFO - New best with loss-accuracy-
2026-07-26 04:33:21,473 - Agent - INFO - [37mVal Epoch 4 step 4 with [31mce_loss_combined : 1.284740 [31mce_loss_c : 1.951277 [31mce_loss_g : 2.453828 [31mkl_synergy_rand_1 : 0.474196 [31mkl_synergy_rand_2 : 0.341864 [31mkl_synergy_1 : 0.470314 [31mkl_synergy_2 : 0.346589 [31mtotal : 2.917702 [31mdiag_kl_1 : 0.953121 [31mdiag_kl_2 : 0.742800 [94mAcc_combined: 61.96 [94mAcc_c: 55.13 [94mAcc_g: 39.52 [92mF1_combined: 53.30 [92mF1_c: 51.34 [92mF1_g: 33.93 [39m
2026-07-26 04:33:21,488 - Agent - INFO - [37mTest Epoch 4 step 4 with [31mce_loss_combined : 1.389341 [31mce_loss_c : 2.579772 [31mce_loss_g : 2.351038 [31mkl_synergy_rand_1 : 0.470747 [31mkl_synergy_rand_2 : 0.326227 [31mkl_synergy_1 : 0.465313 [31mkl_synergy_2 : 0.332734 [31mtotal : 2.984362 [31mdiag_kl_1 : 0.937480 [31mdiag_kl_2 : 0.682169 [94mAcc_combined: 59.62 [94mAcc_c: 48.16 [94mAcc_g: 48.05 [92mF1_combined: 51.30 [92mF1_c: 44.25 [92mF1_g: 39.81 [39m
2026-07-26 04:33:23,287 - Agent - INFO - [37mModel saved successfully at: ./data/data/2025_data/synergy/CremadPlus/v2/SynIB_RMask_U_REFABL_cremad_lam0.5x_fold0_l0.5_ir0.5_perturbrandom_fillema_pmin0.20_refunimodal_anchor.pth.tar[39m
2026-07-26 04:35:05,070 - Evaluator - INFO - New best with loss-accuracy-
2026-07-26 04:35:05,071 - Agent - INFO - [37mVal Epoch 5 step 5 with [31mce_loss_combined : 1.204428 [31mce_loss_c : 1.963885 [31mce_loss_g : 2.424705 [31mkl_synergy_rand_1 : 0.432810 [31mkl_synergy_rand_2 : 0.296701 [31mkl_synergy_1 : 0.434216 [31mkl_synergy_2 : 0.300663 [31mtotal : 2.668817 [31mdiag_kl_1 : 0.873195 [31mdiag_kl_2 : 0.670122 [94mAcc_combined: 62.76 [94mAcc_c: 54.33 [94mAcc_g: 37.36 [92mF1_combined: 54.21 [92mF1_c: 50.72 [92mF1_g: 32.20 [39m
2026-07-26 04:35:05,086 - Agent - INFO - [37mTest Epoch 5 step 5 with [31mce_loss_combined : 1.330846 [31mce_loss_c : 2.571177 [31mce_loss_g : 2.208127 [31mkl_synergy_rand_1 : 0.414733 [31mkl_synergy_rand_2 : 0.275853 [31mkl_synergy_1 : 0.418704 [31mkl_synergy_2 : 0.285478 [31mtotal : 2.725614 [31mdiag_kl_1 : 0.823807 [31mdiag_kl_2 : 0.602964 [94mAcc_combined: 59.29 [94mAcc_c: 48.05 [94mAcc_g: 47.16 [92mF1_combined: 51.10 [92mF1_c: 44.32 [92mF1_g: 39.85 [39m
2026-07-26 04:35:06,824 - Agent - INFO - [37mModel saved successfully at: ./data/data/2025_data/synergy/CremadPlus/v2/SynIB_RMask_U_REFABL_cremad_lam0.5x_fold0_l0.5_ir0.5_perturbrandom_fillema_pmin0.20_refunimodal_anchor.pth.tar[39m
2026-07-26 04:36:40,342 - Evaluator - INFO - New best with loss-accuracy-
2026-07-26 04:36:40,343 - Agent - INFO - [37mVal Epoch 6 step 6 with [31mce_loss_combined : 1.144885 [31mce_loss_c : 1.932204 [31mce_loss_g : 2.323461 [31mkl_synergy_rand_1 : 0.412801 [31mkl_synergy_rand_2 : 0.260788 [31mkl_synergy_1 : 0.409825 [31mkl_synergy_2 : 0.267858 [31mtotal : 2.496157 [31mdiag_kl_1 : 0.839947 [31mdiag_kl_2 : 0.614397 [94mAcc_combined: 63.21 [94mAcc_c: 54.21 [94mAcc_g: 35.65 [92mF1_combined: 54.95 [92mF1_c: 50.77 [92mF1_g: 31.25 [39m
2026-07-26 04:36:40,357 - Agent - INFO - [37mTest Epoch 6 step 6 with [31mce_loss_combined : 1.298858 [31mce_loss_c : 2.513942 [31mce_loss_g : 2.137933 [31mkl_synergy_rand_1 : 0.403569 [31mkl_synergy_rand_2 : 0.239870 [31mkl_synergy_1 : 0.404585 [31mkl_synergy_2 : 0.243572 [31mtotal : 2.590453 [31mdiag_kl_1 : 0.800586 [31mdiag_kl_2 : 0.540634 [94mAcc_combined: 59.07 [94mAcc_c: 48.05 [94mAcc_g: 44.94 [92mF1_combined: 50.86 [92mF1_c: 44.56 [92mF1_g: 38.51 [39m
2026-07-26 04:36:42,113 - Agent - INFO - [37mModel saved successfully at: ./data/data/2025_data/synergy/CremadPlus/v2/SynIB_RMask_U_REFABL_cremad_lam0.5x_fold0_l0.5_ir0.5_perturbrandom_fillema_pmin0.20_refunimodal_anchor.pth.tar[39m
2026-07-26 04:38:18,740 - Evaluator - INFO - New best with loss-
2026-07-26 04:38:18,742 - Agent - INFO - [37mVal Epoch 7 step 7 with [31mce_loss_combined : 1.109599 [31mce_loss_c : 1.948361 [31mce_loss_g : 2.281521 [31mkl_synergy_rand_1 : 0.391490 [31mkl_synergy_rand_2 : 0.233793 [31mkl_synergy_1 : 0.390363 [31mkl_synergy_2 : 0.242985 [31mtotal : 2.368229 [31mdiag_kl_1 : 0.803095 [31mdiag_kl_2 : 0.590626 [94mAcc_combined: 62.64 [94mAcc_c: 53.53 [94mAcc_g: 32.12 [92mF1_combined: 55.34 [92mF1_c: 50.30 [92mF1_g: 27.90 [39m
2026-07-26 04:38:18,801 - Agent - INFO - [37mTest Epoch 7 step 7 with [31mce_loss_combined : 1.266726 [31mce_loss_c : 2.535560 [31mce_loss_g : 2.076380 [31mkl_synergy_rand_1 : 0.377705 [31mkl_synergy_rand_2 : 0.210630 [31mkl_synergy_1 : 0.381179 [31mkl_synergy_2 : 0.221259 [31mtotal : 2.457499 [31mdiag_kl_1 : 0.748801 [31mdiag_kl_2 : 0.513997 [94mAcc_combined: 58.73 [94mAcc_c: 47.83 [94mAcc_g: 42.49 [92mF1_combined: 51.21 [92mF1_c: 44.19 [92mF1_g: 36.80 [39m
2026-07-26 04:38:21,381 - Agent - INFO - [37mModel saved successfully at: ./data/data/2025_data/synergy/CremadPlus/v2/SynIB_RMask_U_REFABL_cremad_lam0.5x_fold0_l0.5_ir0.5_perturbrandom_fillema_pmin0.20_refunimodal_anchor.pth.tar[39m
2026-07-26 04:39:56,358 - Evaluator - INFO - New best with loss-accuracy-
2026-07-26 04:39:56,361 - Agent - INFO - [37mVal Epoch 8 step 8 with [31mce_loss_combined : 1.092972 [31mce_loss_c : 1.923934 [31mce_loss_g : 2.233865 [31mkl_synergy_rand_1 : 0.367128 [31mkl_synergy_rand_2 : 0.224073 [31mkl_synergy_1 : 0.366476 [31mkl_synergy_2 : 0.235556 [31mtotal : 2.286205 [31mdiag_kl_1 : 0.768887 [31mdiag_kl_2 : 0.583727 [94mAcc_combined: 63.55 [94mAcc_c: 53.19 [94mAcc_g: 31.89 [92mF1_combined: 57.57 [92mF1_c: 50.64 [92mF1_g: 27.32 [39m
2026-07-26 04:39:56,421 - Agent - INFO - [37mTest Epoch 8 step 8 with [31mce_loss_combined : 1.267472 [31mce_loss_c : 2.473432 [31mce_loss_g : 2.041636 [31mkl_synergy_rand_1 : 0.364101 [31mkl_synergy_rand_2 : 0.208939 [31mkl_synergy_1 : 0.357912 [31mkl_synergy_2 : 0.214080 [31mtotal : 2.412504 [31mdiag_kl_1 : 0.736210 [31mdiag_kl_2 : 0.513306 [94mAcc_combined: 58.29 [94mAcc_c: 47.39 [94mAcc_g: 40.04 [92mF1_combined: 51.26 [92mF1_c: 44.10 [92mF1_g: 33.82 [39m
2026-07-26 04:39:58,465 - Agent - INFO - [37mModel saved successfully at: ./data/data/2025_data/synergy/CremadPlus/v2/SynIB_RMask_U_REFABL_cremad_lam0.5x_fold0_l0.5_ir0.5_perturbrandom_fillema_pmin0.20_refunimodal_anchor.pth.tar[39m
2026-07-26 04:41:34,952 - Evaluator - INFO - New best with loss-accuracy-
2026-07-26 04:41:34,953 - Agent - INFO - [37mVal Epoch 9 step 9 with [31mce_loss_combined : 1.076772 [31mce_loss_c : 1.913518 [31mce_loss_g : 2.129605 [31mkl_synergy_rand_1 : 0.351516 [31mkl_synergy_rand_2 : 0.223505 [31mkl_synergy_1 : 0.344952 [31mkl_synergy_2 : 0.234670 [31mtotal : 2.231415 [31mdiag_kl_1 : 0.748455 [31mdiag_kl_2 : 0.599102 [94mAcc_combined: 64.58 [94mAcc_c: 52.73 [94mAcc_g: 30.98 [92mF1_combined: 59.27 [92mF1_c: 50.12 [92mF1_g: 26.88 [39m
2026-07-26 04:41:34,968 - Agent - INFO - [37mTest Epoch 9 step 9 with [31mce_loss_combined : 1.249469 [31mce_loss_c : 2.470918 [31mce_loss_g : 1.944828 [31mkl_synergy_rand_1 : 0.348846 [31mkl_synergy_rand_2 : 0.209324 [31mkl_synergy_1 : 0.338911 [31mkl_synergy_2 : 0.212779 [31mtotal : 2.359329 [31mdiag_kl_1 : 0.703066 [31mdiag_kl_2 : 0.531377 [94mAcc_combined: 58.40 [94mAcc_c: 47.39 [94mAcc_g: 40.27 [92mF1_combined: 51.77 [92mF1_c: 44.02 [92mF1_g: 34.52 [39m
2026-07-26 04:41:36,730 - Agent - INFO - [37mModel saved successfully at: ./data/data/2025_data/synergy/CremadPlus/v2/SynIB_RMask_U_REFABL_cremad_lam0.5x_fold0_l0.5_ir0.5_perturbrandom_fillema_pmin0.20_refunimodal_anchor.pth.tar[39m
2026-07-26 04:43:19,130 - Evaluator - INFO - New best with loss-accuracy-
2026-07-26 04:43:19,130 - Agent - INFO - [37mVal Epoch 10 step 10 with [31mce_loss_combined : 1.067981 [31mce_loss_c : 1.892332 [31mce_loss_g : 2.077924 [31mkl_synergy_rand_1 : 0.335598 [31mkl_synergy_rand_2 : 0.217588 [31mkl_synergy_1 : 0.329056 [31mkl_synergy_2 : 0.228776 [31mtotal : 2.178999 [31mdiag_kl_1 : 0.734617 [31mdiag_kl_2 : 0.612098 [94mAcc_combined: 64.69 [94mAcc_c: 51.82 [94mAcc_g: 31.09 [92mF1_combined: 59.44 [92mF1_c: 49.63 [92mF1_g: 26.51 [39m
2026-07-26 04:43:19,145 - Agent - INFO - [37mTest Epoch 10 step 10 with [31mce_loss_combined : 1.255593 [31mce_loss_c : 2.414681 [31mce_loss_g : 1.940233 [31mkl_synergy_rand_1 : 0.333779 [31mkl_synergy_rand_2 : 0.198036 [31mkl_synergy_1 : 0.325198 [31mkl_synergy_2 : 0.216720 [31mtotal : 2.329326 [31mdiag_kl_1 : 0.687937 [31mdiag_kl_2 : 0.516493 [94mAcc_combined: 58.06 [94mAcc_c: 46.61 [94mAcc_g: 38.71 [92mF1_combined: 52.01 [92mF1_c: 43.71 [92mF1_g: 32.68 [39m
2026-07-26 04:43:20,970 - Agent - INFO - [37mModel saved successfully at: ./data/data/2025_data/synergy/CremadPlus/v2/SynIB_RMask_U_REFABL_cremad_lam0.5x_fold0_l0.5_ir0.5_perturbrandom_fillema_pmin0.20_refunimodal_anchor.pth.tar[39m
2026-07-26 04:44:55,090 - Evaluator - INFO - New best with loss-
2026-07-26 04:44:55,091 - Agent - INFO - [37mVal Epoch 11 step 11 with [31mce_loss_combined : 1.066592 [31mce_loss_c : 1.878876 [31mce_loss_g : 2.063760 [31mkl_synergy_rand_1 : 0.316982 [31mkl_synergy_rand_2 : 0.224438 [31mkl_synergy_1 : 0.306724 [31mkl_synergy_2 : 0.233137 [31mtotal : 2.147873 [31mdiag_kl_1 : 0.710636 [31mdiag_kl_2 : 0.644843 [94mAcc_combined: 64.46 [94mAcc_c: 51.94 [94mAcc_g: 30.75 [92mF1_combined: 59.96 [92mF1_c: 49.67 [92mF1_g: 25.88 [39m
2026-07-26 04:44:55,106 - Agent - INFO - [37mTest Epoch 11 step 11 with [31mce_loss_combined : 1.248619 [31mce_loss_c : 2.377424 [31mce_loss_g : 1.947543 [31mkl_synergy_rand_1 : 0.310313 [31mkl_synergy_rand_2 : 0.205615 [31mkl_synergy_1 : 0.300833 [31mkl_synergy_2 : 0.218736 [31mtotal : 2.284116 [31mdiag_kl_1 : 0.653301 [31mdiag_kl_2 : 0.567927 [94mAcc_combined: 59.29 [94mAcc_c: 46.50 [94mAcc_g: 37.71 [92mF1_combined: 53.28 [92mF1_c: 43.66 [92mF1_g: 32.29 [39m
2026-07-26 04:44:57,452 - Agent - INFO - [37mModel saved successfully at: ./data/data/2025_data/synergy/CremadPlus/v2/SynIB_RMask_U_REFABL_cremad_lam0.5x_fold0_l0.5_ir0.5_perturbrandom_fillema_pmin0.20_refunimodal_anchor.pth.tar[39m
2026-07-26 04:46:34,810 - Agent - INFO - [37mVal Epoch 12 step 12 with [31mce_loss_combined : 1.076480 [31mce_loss_c : 1.880457 [31mce_loss_g : 2.105828 [31mkl_synergy_rand_1 : 0.297432 [31mkl_synergy_rand_2 : 0.210527 [31mkl_synergy_1 : 0.290808 [31mkl_synergy_2 : 0.224524 [31mtotal : 2.099771 [31mdiag_kl_1 : 0.684081 [31mdiag_kl_2 : 0.669204 [94mAcc_combined: 63.90 [94mAcc_c: 51.71 [94mAcc_g: 28.02 [92mF1_combined: 59.24 [92mF1_c: 49.37 [92mF1_g: 23.60 [39m
2026-07-26 04:46:34,825 - Agent - INFO - [37mTest Epoch 12 step 12 with [31mce_loss_combined : 1.250604 [31mce_loss_c : 2.410040 [31mce_loss_g : 1.988799 [31mkl_synergy_rand_1 : 0.293812 [31mkl_synergy_rand_2 : 0.198958 [31mkl_synergy_1 : 0.286115 [31mkl_synergy_2 : 0.211628 [31mtotal : 2.241117 [31mdiag_kl_1 : 0.624424 [31mdiag_kl_2 : 0.589610 [94mAcc_combined: 58.29 [94mAcc_c: 46.16 [94mAcc_g: 34.71 [92mF1_combined: 52.18 [92mF1_c: 43.12 [92mF1_g: 29.60 [39m
2026-07-26 04:48:11,672 - Agent - INFO - [37mVal Epoch 13 step 13 with [31mce_loss_combined : 1.078119 [31mce_loss_c : 1.851785 [31mce_loss_g : 2.082762 [31mkl_synergy_rand_1 : 0.282915 [31mkl_synergy_rand_2 : 0.212763 [31mkl_synergy_1 : 0.276210 [31mkl_synergy_2 : 0.226648 [31mtotal : 2.076656 [31mdiag_kl_1 : 0.663428 [31mdiag_kl_2 : 0.691650 [94mAcc_combined: 63.33 [94mAcc_c: 51.25 [94mAcc_g: 26.42 [92mF1_combined: 58.97 [92mF1_c: 49.07 [92mF1_g: 22.24 [39m
2026-07-26 04:48:11,688 - Agent - INFO - [37mTest Epoch 13 step 13 with [31mce_loss_combined : 1.243310 [31mce_loss_c : 2.319349 [31mce_loss_g : 2.011832 [31mkl_synergy_rand_1 : 0.288654 [31mkl_synergy_rand_2 : 0.197832 [31mkl_synergy_1 : 0.281317 [31mkl_synergy_2 : 0.214361 [31mtotal : 2.225475 [31mdiag_kl_1 : 0.621427 [31mdiag_kl_2 : 0.618814 [94mAcc_combined: 58.29 [94mAcc_c: 46.16 [94mAcc_g: 31.03 [92mF1_combined: 52.78 [92mF1_c: 43.30 [92mF1_g: 26.87 [39m
2026-07-26 04:49:47,983 - Agent - INFO - [37mVal Epoch 14 step 14 with [31mce_loss_combined : 1.086699 [31mce_loss_c : 1.834905 [31mce_loss_g : 2.093333 [31mkl_synergy_rand_1 : 0.267232 [31mkl_synergy_rand_2 : 0.212502 [31mkl_synergy_1 : 0.259416 [31mkl_synergy_2 : 0.228660 [31mtotal : 2.054509 [31mdiag_kl_1 : 0.643035 [31mdiag_kl_2 : 0.721001 [94mAcc_combined: 63.78 [94mAcc_c: 51.03 [94mAcc_g: 25.40 [92mF1_combined: 59.38 [92mF1_c: 48.99 [92mF1_g: 20.96 [39m
2026-07-26 04:49:48,009 - Agent - INFO - [37mTest Epoch 14 step 14 with [31mce_loss_combined : 1.249917 [31mce_loss_c : 2.320597 [31mce_loss_g : 2.028402 [31mkl_synergy_rand_1 : 0.264940 [31mkl_synergy_rand_2 : 0.202342 [31mkl_synergy_1 : 0.273239 [31mkl_synergy_2 : 0.218754 [31mtotal : 2.209192 [31mdiag_kl_1 : 0.583639 [31mdiag_kl_2 : 0.658660 [94mAcc_combined: 57.51 [94mAcc_c: 46.50 [94mAcc_g: 29.92 [92mF1_combined: 51.75 [92mF1_c: 43.55 [92mF1_g: 26.16 [39m
2026-07-26 04:51:28,833 - Agent - INFO - [37mVal Epoch 15 step 15 with [31mce_loss_combined : 1.080829 [31mce_loss_c : 1.828889 [31mce_loss_g : 2.109722 [31mkl_synergy_rand_1 : 0.250546 [31mkl_synergy_rand_2 : 0.212824 [31mkl_synergy_1 : 0.244644 [31mkl_synergy_2 : 0.231257 [31mtotal : 2.020101 [31mdiag_kl_1 : 0.607127 [31mdiag_kl_2 : 0.737157 [94mAcc_combined: 64.01 [94mAcc_c: 51.25 [94mAcc_g: 25.28 [92mF1_combined: 59.46 [92mF1_c: 49.28 [92mF1_g: 20.87 [39m
2026-07-26 04:51:28,849 - Agent - INFO - [37mTest Epoch 15 step 15 with [31mce_loss_combined : 1.254772 [31mce_loss_c : 2.309300 [31mce_loss_g : 2.089722 [31mkl_synergy_rand_1 : 0.254304 [31mkl_synergy_rand_2 : 0.209967 [31mkl_synergy_1 : 0.248569 [31mkl_synergy_2 : 0.226556 [31mtotal : 2.194168 [31mdiag_kl_1 : 0.560433 [31mdiag_kl_2 : 0.693556 [94mAcc_combined: 56.95 [94mAcc_c: 46.83 [94mAcc_g: 27.36 [92mF1_combined: 51.19 [92mF1_c: 43.98 [92mF1_g: 22.82 [39m
2026-07-26 04:53:07,321 - Agent - INFO - [37mVal Epoch 16 step 16 with [31mce_loss_combined : 1.098692 [31mce_loss_c : 1.809882 [31mce_loss_g : 2.166199 [31mkl_synergy_rand_1 : 0.243084 [31mkl_synergy_rand_2 : 0.213882 [31mkl_synergy_1 : 0.236654 [31mkl_synergy_2 : 0.229067 [31mtotal : 2.021379 [31mdiag_kl_1 : 0.595519 [31mdiag_kl_2 : 0.775343 [94mAcc_combined: 64.01 [94mAcc_c: 51.37 [94mAcc_g: 24.03 [92mF1_combined: 59.62 [92mF1_c: 49.20 [92mF1_g: 19.96 [39m
2026-07-26 04:53:07,337 - Agent - INFO - [37mTest Epoch 16 step 16 with [31mce_loss_combined : 1.274259 [31mce_loss_c : 2.297877 [31mce_loss_g : 2.162461 [31mkl_synergy_rand_1 : 0.244958 [31mkl_synergy_rand_2 : 0.207593 [31mkl_synergy_1 : 0.240089 [31mkl_synergy_2 : 0.225830 [31mtotal : 2.192729 [31mdiag_kl_1 : 0.544955 [31mdiag_kl_2 : 0.752629 [94mAcc_combined: 56.51 [94mAcc_c: 46.61 [94mAcc_g: 23.47 [92mF1_combined: 51.02 [92mF1_c: 43.63 [92mF1_g: 18.64 [39m
2026-07-26 04:54:53,046 - Agent - INFO - [37mVal Epoch 17 step 17 with [31mce_loss_combined : 1.109537 [31mce_loss_c : 1.798594 [31mce_loss_g : 2.186455 [31mkl_synergy_rand_1 : 0.229707 [31mkl_synergy_rand_2 : 0.216581 [31mkl_synergy_1 : 0.224147 [31mkl_synergy_2 : 0.234022 [31mtotal : 2.013994 [31mdiag_kl_1 : 0.573480 [31mdiag_kl_2 : 0.822152 [94mAcc_combined: 64.24 [94mAcc_c: 50.57 [94mAcc_g: 21.53 [92mF1_combined: 60.00 [92mF1_c: 48.80 [92mF1_g: 17.63 [39m
2026-07-26 04:54:53,062 - Agent - INFO - [37mTest Epoch 17 step 17 with [31mce_loss_combined : 1.267344 [31mce_loss_c : 2.236897 [31mce_loss_g : 2.189875 [31mkl_synergy_rand_1 : 0.235910 [31mkl_synergy_rand_2 : 0.215800 [31mkl_synergy_1 : 0.223624 [31mkl_synergy_2 : 0.232211 [31mtotal : 2.174890 [31mdiag_kl_1 : 0.531746 [31mdiag_kl_2 : 0.792528 [94mAcc_combined: 57.73 [94mAcc_c: 46.50 [94mAcc_g: 21.25 [92mF1_combined: 52.46 [92mF1_c: 43.88 [92mF1_g: 16.96 [39m
2026-07-26 04:56:30,928 - Agent - INFO - [37mVal Epoch 18 step 18 with [31mce_loss_combined : 1.113655 [31mce_loss_c : 1.789848 [31mce_loss_g : 2.172676 [31mkl_synergy_rand_1 : 0.220516 [31mkl_synergy_rand_2 : 0.220363 [31mkl_synergy_1 : 0.217015 [31mkl_synergy_2 : 0.239386 [31mtotal : 2.010935 [31mdiag_kl_1 : 0.563890 [31mdiag_kl_2 : 0.845348 [94mAcc_combined: 64.01 [94mAcc_c: 49.89 [94mAcc_g: 20.05 [92mF1_combined: 60.24 [92mF1_c: 48.32 [92mF1_g: 16.78 [39m
2026-07-26 04:56:30,957 - Agent - INFO - [37mTest Epoch 18 step 18 with [31mce_loss_combined : 1.276136 [31mce_loss_c : 2.255423 [31mce_loss_g : 2.192228 [31mkl_synergy_rand_1 : 0.230494 [31mkl_synergy_rand_2 : 0.221437 [31mkl_synergy_1 : 0.226799 [31mkl_synergy_2 : 0.241886 [31mtotal : 2.196752 [31mdiag_kl_1 : 0.528981 [31mdiag_kl_2 : 0.820295 [94mAcc_combined: 57.40 [94mAcc_c: 46.27 [94mAcc_g: 19.80 [92mF1_combined: 52.27 [92mF1_c: 43.76 [92mF1_g: 15.89 [39m
2026-07-26 04:58:12,666 - Agent - INFO - [37mVal Epoch 19 step 19 with [31mce_loss_combined : 1.098624 [31mce_loss_c : 1.759992 [31mce_loss_g : 2.144624 [31mkl_synergy_rand_1 : 0.219234 [31mkl_synergy_rand_2 : 0.220531 [31mkl_synergy_1 : 0.214391 [31mkl_synergy_2 : 0.237811 [31mtotal : 1.990592 [31mdiag_kl_1 : 0.558385 [31mdiag_kl_2 : 0.851664 [94mAcc_combined: 64.46 [94mAcc_c: 50.11 [94mAcc_g: 20.39 [92mF1_combined: 60.21 [92mF1_c: 48.42 [92mF1_g: 16.83 [39m
2026-07-26 04:58:12,682 - Agent - INFO - [37mTest Epoch 19 step 19 with [31mce_loss_combined : 1.269556 [31mce_loss_c : 2.222377 [31mce_loss_g : 2.161430 [31mkl_synergy_rand_1 : 0.227603 [31mkl_synergy_rand_2 : 0.230487 [31mkl_synergy_1 : 0.226801 [31mkl_synergy_2 : 0.241772 [31mtotal : 2.196219 [31mdiag_kl_1 : 0.518941 [31mdiag_kl_2 : 0.824536 [94mAcc_combined: 57.62 [94mAcc_c: 45.94 [94mAcc_g: 20.36 [92mF1_combined: 52.05 [92mF1_c: 43.36 [92mF1_g: 16.77 [39m
2026-07-26 04:59:56,215 - Evaluator - INFO - New best with accuracy-
2026-07-26 04:59:56,216 - Agent - INFO - [37mVal Epoch 20 step 20 with [31mce_loss_combined : 1.101689 [31mce_loss_c : 1.743813 [31mce_loss_g : 2.126531 [31mkl_synergy_rand_1 : 0.212782 [31mkl_synergy_rand_2 : 0.222298 [31mkl_synergy_1 : 0.206234 [31mkl_synergy_2 : 0.239934 [31mtotal : 1.982937 [31mdiag_kl_1 : 0.545397 [31mdiag_kl_2 : 0.880117 [94mAcc_combined: 65.49 [94mAcc_c: 49.66 [94mAcc_g: 19.70 [92mF1_combined: 61.20 [92mF1_c: 48.07 [92mF1_g: 16.16 [39m
2026-07-26 04:59:56,231 - Agent - INFO - [37mTest Epoch 20 step 20 with [31mce_loss_combined : 1.257893 [31mce_loss_c : 2.172315 [31mce_loss_g : 2.123019 [31mkl_synergy_rand_1 : 0.225529 [31mkl_synergy_rand_2 : 0.229486 [31mkl_synergy_1 : 0.219611 [31mkl_synergy_2 : 0.246491 [31mtotal : 2.179010 [31mdiag_kl_1 : 0.517454 [31mdiag_kl_2 : 0.844604 [94mAcc_combined: 58.06 [94mAcc_c: 45.61 [94mAcc_g: 20.80 [92mF1_combined: 52.19 [92mF1_c: 43.10 [92mF1_g: 17.45 [39m
2026-07-26 04:59:58,946 - Agent - INFO - [37mModel saved successfully at: ./data/data/2025_data/synergy/CremadPlus/v2/SynIB_RMask_U_REFABL_cremad_lam0.5x_fold0_l0.5_ir0.5_perturbrandom_fillema_pmin0.20_refunimodal_anchor.pth.tar[39m
2026-07-26 05:01:41,476 - Agent - INFO - [37mVal Epoch 21 step 21 with [31mce_loss_combined : 1.119876 [31mce_loss_c : 1.735571 [31mce_loss_g : 2.120907 [31mkl_synergy_rand_1 : 0.205147 [31mkl_synergy_rand_2 : 0.224480 [31mkl_synergy_1 : 0.203117 [31mkl_synergy_2 : 0.242741 [31mtotal : 1.995361 [31mdiag_kl_1 : 0.545028 [31mdiag_kl_2 : 0.907674 [94mAcc_combined: 63.10 [94mAcc_c: 48.75 [94mAcc_g: 19.70 [92mF1_combined: 58.77 [92mF1_c: 47.59 [92mF1_g: 15.95 [39m
2026-07-26 05:01:41,491 - Agent - INFO - [37mTest Epoch 21 step 21 with [31mce_loss_combined : 1.280262 [31mce_loss_c : 2.183280 [31mce_loss_g : 2.094380 [31mkl_synergy_rand_1 : 0.217587 [31mkl_synergy_rand_2 : 0.228533 [31mkl_synergy_1 : 0.220892 [31mkl_synergy_2 : 0.247728 [31mtotal : 2.195002 [31mdiag_kl_1 : 0.514942 [31mdiag_kl_2 : 0.871782 [94mAcc_combined: 57.17 [94mAcc_c: 44.94 [94mAcc_g: 21.58 [92mF1_combined: 51.75 [92mF1_c: 42.78 [92mF1_g: 18.12 [39m
2026-07-26 05:03:18,573 - Agent - INFO - [37mVal Epoch 22 step 22 with [31mce_loss_combined : 1.124436 [31mce_loss_c : 1.720758 [31mce_loss_g : 2.114792 [31mkl_synergy_rand_1 : 0.202735 [31mkl_synergy_rand_2 : 0.223055 [31mkl_synergy_1 : 0.201135 [31mkl_synergy_2 : 0.246091 [31mtotal : 1.997453 [31mdiag_kl_1 : 0.534518 [31mdiag_kl_2 : 0.913013 [94mAcc_combined: 62.87 [94mAcc_c: 48.86 [94mAcc_g: 20.62 [92mF1_combined: 58.71 [92mF1_c: 47.37 [92mF1_g: 17.43 [39m
2026-07-26 05:03:18,588 - Agent - INFO - [37mTest Epoch 22 step 22 with [31mce_loss_combined : 1.281868 [31mce_loss_c : 2.157562 [31mce_loss_g : 2.088647 [31mkl_synergy_rand_1 : 0.221357 [31mkl_synergy_rand_2 : 0.222993 [31mkl_synergy_1 : 0.207253 [31mkl_synergy_2 : 0.254271 [31mtotal : 2.187742 [31mdiag_kl_1 : 0.514956 [31mdiag_kl_2 : 0.896103 [94mAcc_combined: 57.29 [94mAcc_c: 45.61 [94mAcc_g: 21.36 [92mF1_combined: 51.53 [92mF1_c: 43.39 [92mF1_g: 17.85 [39m
2026-07-26 05:05:05,191 - Agent - INFO - [37mVal Epoch 23 step 23 with [31mce_loss_combined : 1.114523 [31mce_loss_c : 1.707496 [31mce_loss_g : 2.059321 [31mkl_synergy_rand_1 : 0.197436 [31mkl_synergy_rand_2 : 0.228717 [31mkl_synergy_1 : 0.193319 [31mkl_synergy_2 : 0.246353 [31mtotal : 1.980348 [31mdiag_kl_1 : 0.529306 [31mdiag_kl_2 : 0.928529 [94mAcc_combined: 63.90 [94mAcc_c: 48.52 [94mAcc_g: 23.80 [92mF1_combined: 59.45 [92mF1_c: 47.32 [92mF1_g: 19.38 [39m
2026-07-26 05:05:05,207 - Agent - INFO - [37mTest Epoch 23 step 23 with [31mce_loss_combined : 1.275382 [31mce_loss_c : 2.142798 [31mce_loss_g : 1.996094 [31mkl_synergy_rand_1 : 0.214024 [31mkl_synergy_rand_2 : 0.228790 [31mkl_synergy_1 : 0.206568 [31mkl_synergy_2 : 0.251797 [31mtotal : 2.176561 [31mdiag_kl_1 : 0.509508 [31mdiag_kl_2 : 0.886780 [94mAcc_combined: 57.29 [94mAcc_c: 44.72 [94mAcc_g: 24.69 [92mF1_combined: 51.48 [92mF1_c: 42.65 [92mF1_g: 20.67 [39m
2026-07-26 05:06:47,107 - Agent - INFO - [37mVal Epoch 24 step 24 with [31mce_loss_combined : 1.108996 [31mce_loss_c : 1.684366 [31mce_loss_g : 2.013178 [31mkl_synergy_rand_1 : 0.196706 [31mkl_synergy_rand_2 : 0.230897 [31mkl_synergy_1 : 0.194503 [31mkl_synergy_2 : 0.248776 [31mtotal : 1.979879 [31mdiag_kl_1 : 0.537503 [31mdiag_kl_2 : 0.920828 [94mAcc_combined: 64.24 [94mAcc_c: 48.18 [94mAcc_g: 24.72 [92mF1_combined: 59.87 [92mF1_c: 47.14 [92mF1_g: 20.32 [39m
2026-07-26 05:06:47,122 - Agent - INFO - [37mTest Epoch 24 step 24 with [31mce_loss_combined : 1.269880 [31mce_loss_c : 2.115743 [31mce_loss_g : 1.953021 [31mkl_synergy_rand_1 : 0.214992 [31mkl_synergy_rand_2 : 0.224398 [31mkl_synergy_1 : 0.206345 [31mkl_synergy_2 : 0.245232 [31mtotal : 2.160847 [31mdiag_kl_1 : 0.520758 [31mdiag_kl_2 : 0.876197 [94mAcc_combined: 57.84 [94mAcc_c: 44.72 [94mAcc_g: 27.25 [92mF1_combined: 51.59 [92mF1_c: 42.88 [92mF1_g: 22.87 [39m
2026-07-26 05:08:24,388 - Agent - INFO - [37mVal Epoch 25 step 25 with [31mce_loss_combined : 1.117748 [31mce_loss_c : 1.694732 [31mce_loss_g : 2.020108 [31mkl_synergy_rand_1 : 0.192207 [31mkl_synergy_rand_2 : 0.228254 [31mkl_synergy_1 : 0.187911 [31mkl_synergy_2 : 0.248510 [31mtotal : 1.974630 [31mdiag_kl_1 : 0.528342 [31mdiag_kl_2 : 0.940401 [94mAcc_combined: 63.90 [94mAcc_c: 48.52 [94mAcc_g: 24.94 [92mF1_combined: 59.09 [92mF1_c: 47.08 [92mF1_g: 20.47 [39m
2026-07-26 05:08:24,404 - Agent - INFO - [37mTest Epoch 25 step 25 with [31mce_loss_combined : 1.277931 [31mce_loss_c : 2.143155 [31mce_loss_g : 1.952771 [31mkl_synergy_rand_1 : 0.208413 [31mkl_synergy_rand_2 : 0.220402 [31mkl_synergy_1 : 0.211965 [31mkl_synergy_2 : 0.239361 [31mtotal : 2.158072 [31mdiag_kl_1 : 0.505649 [31mdiag_kl_2 : 0.896966 [94mAcc_combined: 58.29 [94mAcc_c: 44.83 [94mAcc_g: 27.25 [92mF1_combined: 52.06 [92mF1_c: 42.74 [92mF1_g: 22.74 [39m
2026-07-26 05:10:05,910 - Agent - INFO - [37mVal Epoch 26 step 26 with [31mce_loss_combined : 1.108036 [31mce_loss_c : 1.687924 [31mce_loss_g : 2.003822 [31mkl_synergy_rand_1 : 0.189152 [31mkl_synergy_rand_2 : 0.230436 [31mkl_synergy_1 : 0.187570 [31mkl_synergy_2 : 0.251339 [31mtotal : 1.966534 [31mdiag_kl_1 : 0.527408 [31mdiag_kl_2 : 0.942636 [94mAcc_combined: 64.46 [94mAcc_c: 47.72 [94mAcc_g: 24.94 [92mF1_combined: 60.00 [92mF1_c: 46.75 [92mF1_g: 20.57 [39m
2026-07-26 05:10:05,925 - Agent - INFO - [37mTest Epoch 26 step 26 with [31mce_loss_combined : 1.270540 [31mce_loss_c : 2.122641 [31mce_loss_g : 1.930295 [31mkl_synergy_rand_1 : 0.209791 [31mkl_synergy_rand_2 : 0.219804 [31mkl_synergy_1 : 0.201380 [31mkl_synergy_2 : 0.234109 [31mtotal : 2.135624 [31mdiag_kl_1 : 0.514106 [31mdiag_kl_2 : 0.897112 [94mAcc_combined: 58.84 [94mAcc_c: 44.72 [94mAcc_g: 28.14 [92mF1_combined: 52.57 [92mF1_c: 43.04 [92mF1_g: 23.41 [39m
2026-07-26 05:11:46,682 - Agent - INFO - [37mVal Epoch 27 step 27 with [31mce_loss_combined : 1.103754 [31mce_loss_c : 1.671121 [31mce_loss_g : 2.005300 [31mkl_synergy_rand_1 : 0.191191 [31mkl_synergy_rand_2 : 0.226753 [31mkl_synergy_1 : 0.187949 [31mkl_synergy_2 : 0.247229 [31mtotal : 1.956875 [31mdiag_kl_1 : 0.530151 [31mdiag_kl_2 : 0.933597 [94mAcc_combined: 64.24 [94mAcc_c: 47.95 [94mAcc_g: 25.06 [92mF1_combined: 59.70 [92mF1_c: 47.07 [92mF1_g: 20.61 [39m
2026-07-26 05:11:46,698 - Agent - INFO - [37mTest Epoch 27 step 27 with [31mce_loss_combined : 1.262349 [31mce_loss_c : 2.087754 [31mce_loss_g : 1.923315 [31mkl_synergy_rand_1 : 0.208146 [31mkl_synergy_rand_2 : 0.217449 [31mkl_synergy_1 : 0.211230 [31mkl_synergy_2 : 0.232816 [31mtotal : 2.131990 [31mdiag_kl_1 : 0.516173 [31mdiag_kl_2 : 0.892319 [94mAcc_combined: 59.07 [94mAcc_c: 44.72 [94mAcc_g: 28.25 [92mF1_combined: 52.78 [92mF1_c: 43.04 [92mF1_g: 23.53 [39m
2026-07-26 05:13:24,347 - Agent - INFO - [37mVal Epoch 28 step 28 with [31mce_loss_combined : 1.106823 [31mce_loss_c : 1.680012 [31mce_loss_g : 1.996897 [31mkl_synergy_rand_1 : 0.190785 [31mkl_synergy_rand_2 : 0.234485 [31mkl_synergy_1 : 0.191523 [31mkl_synergy_2 : 0.255168 [31mtotal : 1.978784 [31mdiag_kl_1 : 0.530273 [31mdiag_kl_2 : 0.941309 [94mAcc_combined: 64.46 [94mAcc_c: 47.95 [94mAcc_g: 25.28 [92mF1_combined: 59.78 [92mF1_c: 46.90 [92mF1_g: 20.80 [39m
2026-07-26 05:13:24,362 - Agent - INFO - [37mTest Epoch 28 step 28 with [31mce_loss_combined : 1.270481 [31mce_loss_c : 2.119273 [31mce_loss_g : 1.915058 [31mkl_synergy_rand_1 : 0.209357 [31mkl_synergy_rand_2 : 0.221505 [31mkl_synergy_1 : 0.200129 [31mkl_synergy_2 : 0.230752 [31mtotal : 2.132224 [31mdiag_kl_1 : 0.511699 [31mdiag_kl_2 : 0.886452 [94mAcc_combined: 58.95 [94mAcc_c: 44.49 [94mAcc_g: 28.03 [92mF1_combined: 52.63 [92mF1_c: 42.66 [92mF1_g: 23.07 [39m
2026-07-26 05:15:01,751 - Agent - INFO - [37mVal Epoch 29 step 29 with [31mce_loss_combined : 1.100918 [31mce_loss_c : 1.683005 [31mce_loss_g : 1.986824 [31mkl_synergy_rand_1 : 0.188831 [31mkl_synergy_rand_2 : 0.237510 [31mkl_synergy_1 : 0.188997 [31mkl_synergy_2 : 0.252438 [31mtotal : 1.968694 [31mdiag_kl_1 : 0.536074 [31mdiag_kl_2 : 0.939112 [94mAcc_combined: 64.46 [94mAcc_c: 47.27 [94mAcc_g: 26.31 [92mF1_combined: 59.80 [92mF1_c: 46.42 [92mF1_g: 21.30 [39m
2026-07-26 05:15:01,766 - Agent - INFO - [37mTest Epoch 29 step 29 with [31mce_loss_combined : 1.262149 [31mce_loss_c : 2.120423 [31mce_loss_g : 1.896777 [31mkl_synergy_rand_1 : 0.205054 [31mkl_synergy_rand_2 : 0.223314 [31mkl_synergy_1 : 0.199769 [31mkl_synergy_2 : 0.231196 [31mtotal : 2.121483 [31mdiag_kl_1 : 0.515279 [31mdiag_kl_2 : 0.879191 [94mAcc_combined: 58.40 [94mAcc_c: 44.83 [94mAcc_g: 28.81 [92mF1_combined: 52.09 [92mF1_c: 43.33 [92mF1_g: 23.80 [39m
2026-07-26 05:16:38,043 - Agent - INFO - [37mVal Epoch 30 step 30 with [31mce_loss_combined : 1.097761 [31mce_loss_c : 1.686158 [31mce_loss_g : 1.989331 [31mkl_synergy_rand_1 : 0.184010 [31mkl_synergy_rand_2 : 0.236587 [31mkl_synergy_1 : 0.185960 [31mkl_synergy_2 : 0.254330 [31mtotal : 1.958648 [31mdiag_kl_1 : 0.521641 [31mdiag_kl_2 : 0.943526 [94mAcc_combined: 64.35 [94mAcc_c: 47.15 [94mAcc_g: 25.85 [92mF1_combined: 59.77 [92mF1_c: 46.39 [92mF1_g: 20.92 [39m
2026-07-26 05:16:38,094 - Agent - INFO - [37mTest Epoch 30 step 30 with [31mce_loss_combined : 1.249946 [31mce_loss_c : 2.086842 [31mce_loss_g : 1.899561 [31mkl_synergy_rand_1 : 0.205667 [31mkl_synergy_rand_2 : 0.213210 [31mkl_synergy_1 : 0.197833 [31mkl_synergy_2 : 0.233260 [31mtotal : 2.099916 [31mdiag_kl_1 : 0.513055 [31mdiag_kl_2 : 0.872134 [94mAcc_combined: 59.18 [94mAcc_c: 44.61 [94mAcc_g: 28.36 [92mF1_combined: 52.78 [92mF1_c: 42.99 [92mF1_g: 23.47 [39m
2026-07-26 05:18:22,905 - Agent - INFO - [37mVal Epoch 31 step 31 with [31mce_loss_combined : 1.100737 [31mce_loss_c : 1.693423 [31mce_loss_g : 1.992633 [31mkl_synergy_rand_1 : 0.186572 [31mkl_synergy_rand_2 : 0.239291 [31mkl_synergy_1 : 0.185063 [31mkl_synergy_2 : 0.257764 [31mtotal : 1.969426 [31mdiag_kl_1 : 0.512429 [31mdiag_kl_2 : 0.956733 [94mAcc_combined: 64.35 [94mAcc_c: 47.61 [94mAcc_g: 25.28 [92mF1_combined: 59.52 [92mF1_c: 46.41 [92mF1_g: 20.55 [39m
2026-07-26 05:18:22,920 - Agent - INFO - [37mTest Epoch 31 step 31 with [31mce_loss_combined : 1.255558 [31mce_loss_c : 2.112092 [31mce_loss_g : 1.902409 [31mkl_synergy_rand_1 : 0.209064 [31mkl_synergy_rand_2 : 0.215338 [31mkl_synergy_1 : 0.200120 [31mkl_synergy_2 : 0.229033 [31mtotal : 2.109113 [31mdiag_kl_1 : 0.511538 [31mdiag_kl_2 : 0.873285 [94mAcc_combined: 59.51 [94mAcc_c: 44.38 [94mAcc_g: 28.36 [92mF1_combined: 53.18 [92mF1_c: 42.41 [92mF1_g: 23.51 [39m
2026-07-26 05:20:02,693 - Agent - INFO - [37mVal Epoch 32 step 32 with [31mce_loss_combined : 1.094172 [31mce_loss_c : 1.688314 [31mce_loss_g : 1.978816 [31mkl_synergy_rand_1 : 0.191089 [31mkl_synergy_rand_2 : 0.231457 [31mkl_synergy_1 : 0.190156 [31mkl_synergy_2 : 0.254833 [31mtotal : 1.961708 [31mdiag_kl_1 : 0.525362 [31mdiag_kl_2 : 0.941601 [94mAcc_combined: 64.58 [94mAcc_c: 48.06 [94mAcc_g: 26.99 [92mF1_combined: 59.75 [92mF1_c: 46.93 [92mF1_g: 21.89 [39m
2026-07-26 05:20:02,708 - Agent - INFO - [37mTest Epoch 32 step 32 with [31mce_loss_combined : 1.252576 [31mce_loss_c : 2.102500 [31mce_loss_g : 1.889755 [31mkl_synergy_rand_1 : 0.210030 [31mkl_synergy_rand_2 : 0.214118 [31mkl_synergy_1 : 0.198733 [31mkl_synergy_2 : 0.236588 [31mtotal : 2.112044 [31mdiag_kl_1 : 0.512389 [31mdiag_kl_2 : 0.872974 [94mAcc_combined: 59.62 [94mAcc_c: 44.49 [94mAcc_g: 28.70 [92mF1_combined: 53.00 [92mF1_c: 42.59 [92mF1_g: 23.51 [39m
2026-07-26 05:21:39,970 - Agent - INFO - [37mVal Epoch 33 step 33 with [31mce_loss_combined : 1.107745 [31mce_loss_c : 1.670521 [31mce_loss_g : 1.996544 [31mkl_synergy_rand_1 : 0.186130 [31mkl_synergy_rand_2 : 0.230082 [31mkl_synergy_1 : 0.179302 [31mkl_synergy_2 : 0.245347 [31mtotal : 1.948607 [31mdiag_kl_1 : 0.520088 [31mdiag_kl_2 : 0.973587 [94mAcc_combined: 63.90 [94mAcc_c: 46.58 [94mAcc_g: 25.40 [92mF1_combined: 59.36 [92mF1_c: 46.04 [92mF1_g: 21.39 [39m
2026-07-26 05:21:40,022 - Agent - INFO - [37mTest Epoch 33 step 33 with [31mce_loss_combined : 1.256460 [31mce_loss_c : 2.073293 [31mce_loss_g : 1.885703 [31mkl_synergy_rand_1 : 0.205353 [31mkl_synergy_rand_2 : 0.214986 [31mkl_synergy_1 : 0.194594 [31mkl_synergy_2 : 0.227381 [31mtotal : 2.098774 [31mdiag_kl_1 : 0.508996 [31mdiag_kl_2 : 0.900365 [94mAcc_combined: 59.40 [94mAcc_c: 44.05 [94mAcc_g: 29.14 [92mF1_combined: 53.44 [92mF1_c: 42.84 [92mF1_g: 24.40 [39m
2026-07-26 05:23:29,566 - Agent - INFO - [37mVal Epoch 34 step 34 with [31mce_loss_combined : 1.108553 [31mce_loss_c : 1.655165 [31mce_loss_g : 1.939467 [31mkl_synergy_rand_1 : 0.189745 [31mkl_synergy_rand_2 : 0.227074 [31mkl_synergy_1 : 0.186202 [31mkl_synergy_2 : 0.244518 [31mtotal : 1.956093 [31mdiag_kl_1 : 0.539772 [31mdiag_kl_2 : 0.947741 [94mAcc_combined: 64.58 [94mAcc_c: 46.92 [94mAcc_g: 26.99 [92mF1_combined: 59.76 [92mF1_c: 46.15 [92mF1_g: 21.94 [39m
2026-07-26 05:23:29,596 - Agent - INFO - [37mTest Epoch 34 step 34 with [31mce_loss_combined : 1.258262 [31mce_loss_c : 2.052416 [31mce_loss_g : 1.821384 [31mkl_synergy_rand_1 : 0.208017 [31mkl_synergy_rand_2 : 0.208181 [31mkl_synergy_1 : 0.205232 [31mkl_synergy_2 : 0.223327 [31mtotal : 2.103019 [31mdiag_kl_1 : 0.526869 [31mdiag_kl_2 : 0.863577 [94mAcc_combined: 59.96 [94mAcc_c: 44.49 [94mAcc_g: 31.92 [92mF1_combined: 53.10 [92mF1_c: 42.93 [92mF1_g: 26.40 [39m
2026-07-26 05:25:12,920 - Evaluator - INFO - New best with accuracy-
2026-07-26 05:25:12,921 - Agent - INFO - [37mVal Epoch 35 step 35 with [31mce_loss_combined : 1.094854 [31mce_loss_c : 1.634312 [31mce_loss_g : 1.873994 [31mkl_synergy_rand_1 : 0.191634 [31mkl_synergy_rand_2 : 0.219318 [31mkl_synergy_1 : 0.187372 [31mkl_synergy_2 : 0.240840 [31mtotal : 1.934019 [31mdiag_kl_1 : 0.532659 [31mdiag_kl_2 : 0.944612 [94mAcc_combined: 66.06 [94mAcc_c: 46.58 [94mAcc_g: 30.18 [92mF1_combined: 61.22 [92mF1_c: 46.19 [92mF1_g: 24.55 [39m
2026-07-26 05:25:12,937 - Agent - INFO - [37mTest Epoch 35 step 35 with [31mce_loss_combined : 1.256324 [31mce_loss_c : 2.007148 [31mce_loss_g : 1.786585 [31mkl_synergy_rand_1 : 0.204614 [31mkl_synergy_rand_2 : 0.196094 [31mkl_synergy_1 : 0.197726 [31mkl_synergy_2 : 0.206496 [31mtotal : 2.061253 [31mdiag_kl_1 : 0.518515 [31mdiag_kl_2 : 0.859115 [94mAcc_combined: 59.62 [94mAcc_c: 44.61 [94mAcc_g: 33.15 [92mF1_combined: 53.01 [92mF1_c: 43.30 [92mF1_g: 27.55 [39m
2026-07-26 05:25:15,553 - Agent - INFO - [37mModel saved successfully at: ./data/data/2025_data/synergy/CremadPlus/v2/SynIB_RMask_U_REFABL_cremad_lam0.5x_fold0_l0.5_ir0.5_perturbrandom_fillema_pmin0.20_refunimodal_anchor.pth.tar[39m
2026-07-26 05:27:00,130 - Agent - INFO - [37mVal Epoch 36 step 36 with [31mce_loss_combined : 1.100083 [31mce_loss_c : 1.637644 [31mce_loss_g : 1.854246 [31mkl_synergy_rand_1 : 0.181150 [31mkl_synergy_rand_2 : 0.220790 [31mkl_synergy_1 : 0.180925 [31mkl_synergy_2 : 0.235177 [31mtotal : 1.918125 [31mdiag_kl_1 : 0.532290 [31mdiag_kl_2 : 0.970181 [94mAcc_combined: 64.35 [94mAcc_c: 46.58 [94mAcc_g: 30.75 [92mF1_combined: 59.87 [92mF1_c: 46.20 [92mF1_g: 25.05 [39m
2026-07-26 05:27:00,146 - Agent - INFO - [37mTest Epoch 36 step 36 with [31mce_loss_combined : 1.253505 [31mce_loss_c : 2.021726 [31mce_loss_g : 1.759130 [31mkl_synergy_rand_1 : 0.204291 [31mkl_synergy_rand_2 : 0.197730 [31mkl_synergy_1 : 0.202240 [31mkl_synergy_2 : 0.211374 [31mtotal : 2.069139 [31mdiag_kl_1 : 0.526289 [31mdiag_kl_2 : 0.876611 [94mAcc_combined: 59.07 [94mAcc_c: 44.16 [94mAcc_g: 33.93 [92mF1_combined: 52.86 [92mF1_c: 42.71 [92mF1_g: 28.41 [39m
2026-07-26 05:28:45,558 - Agent - INFO - [37mVal Epoch 37 step 37 with [31mce_loss_combined : 1.106832 [31mce_loss_c : 1.628473 [31mce_loss_g : 1.832813 [31mkl_synergy_rand_1 : 0.181319 [31mkl_synergy_rand_2 : 0.210976 [31mkl_synergy_1 : 0.179802 [31mkl_synergy_2 : 0.228205 [31mtotal : 1.907134 [31mdiag_kl_1 : 0.528805 [31mdiag_kl_2 : 0.968796 [94mAcc_combined: 64.46 [94mAcc_c: 46.13 [94mAcc_g: 30.30 [92mF1_combined: 59.77 [92mF1_c: 45.76 [92mF1_g: 24.55 [39m
2026-07-26 05:28:45,574 - Agent - INFO - [37mTest Epoch 37 step 37 with [31mce_loss_combined : 1.238650 [31mce_loss_c : 1.980535 [31mce_loss_g : 1.734316 [31mkl_synergy_rand_1 : 0.200827 [31mkl_synergy_rand_2 : 0.185459 [31mkl_synergy_1 : 0.190715 [31mkl_synergy_2 : 0.192481 [31mtotal : 2.008132 [31mdiag_kl_1 : 0.524641 [31mdiag_kl_2 : 0.875673 [94mAcc_combined: 60.51 [94mAcc_c: 44.38 [94mAcc_g: 33.93 [92mF1_combined: 53.83 [92mF1_c: 43.00 [92mF1_g: 28.04 [39m
2026-07-26 05:30:26,525 - Agent - INFO - [37mVal Epoch 38 step 38 with [31mce_loss_combined : 1.096618 [31mce_loss_c : 1.621992 [31mce_loss_g : 1.768158 [31mkl_synergy_rand_1 : 0.174392 [31mkl_synergy_rand_2 : 0.208530 [31mkl_synergy_1 : 0.171728 [31mkl_synergy_2 : 0.219866 [31mtotal : 1.871134 [31mdiag_kl_1 : 0.529905 [31mdiag_kl_2 : 0.966788 [94mAcc_combined: 64.46 [94mAcc_c: 46.24 [94mAcc_g: 32.92 [92mF1_combined: 59.82 [92mF1_c: 46.00 [92mF1_g: 25.40 [39m
2026-07-26 05:30:26,541 - Agent - INFO - [37mTest Epoch 38 step 38 with [31mce_loss_combined : 1.239017 [31mce_loss_c : 1.951174 [31mce_loss_g : 1.688736 [31mkl_synergy_rand_1 : 0.193882 [31mkl_synergy_rand_2 : 0.187394 [31mkl_synergy_1 : 0.189186 [31mkl_synergy_2 : 0.197145 [31mtotal : 2.006624 [31mdiag_kl_1 : 0.534607 [31mdiag_kl_2 : 0.854759 [94mAcc_combined: 60.73 [94mAcc_c: 43.94 [94mAcc_g: 39.27 [92mF1_combined: 54.12 [92mF1_c: 42.57 [92mF1_g: 32.85 [39m
2026-07-26 05:32:00,784 - Agent - INFO - [37mVal Epoch 39 step 39 with [31mce_loss_combined : 1.103125 [31mce_loss_c : 1.622928 [31mce_loss_g : 1.780830 [31mkl_synergy_rand_1 : 0.174055 [31mkl_synergy_rand_2 : 0.199720 [31mkl_synergy_1 : 0.172192 [31mkl_synergy_2 : 0.210385 [31mtotal : 1.859477 [31mdiag_kl_1 : 0.537930 [31mdiag_kl_2 : 0.987642 [94mAcc_combined: 64.12 [94mAcc_c: 46.01 [94mAcc_g: 32.92 [92mF1_combined: 59.60 [92mF1_c: 45.94 [92mF1_g: 26.32 [39m
2026-07-26 05:32:00,800 - Agent - INFO - [37mTest Epoch 39 step 39 with [31mce_loss_combined : 1.248925 [31mce_loss_c : 1.959070 [31mce_loss_g : 1.696804 [31mkl_synergy_rand_1 : 0.197002 [31mkl_synergy_rand_2 : 0.177706 [31mkl_synergy_1 : 0.203241 [31mkl_synergy_2 : 0.189122 [31mtotal : 2.015995 [31mdiag_kl_1 : 0.531116 [31mdiag_kl_2 : 0.856629 [94mAcc_combined: 60.18 [94mAcc_c: 42.60 [94mAcc_g: 38.04 [92mF1_combined: 53.90 [92mF1_c: 41.71 [92mF1_g: 31.84 [39m
2026-07-26 05:33:48,865 - Agent - INFO - [37mVal Epoch 40 step 40 with [31mce_loss_combined : 1.110966 [31mce_loss_c : 1.600101 [31mce_loss_g : 1.773985 [31mkl_synergy_rand_1 : 0.179019 [31mkl_synergy_rand_2 : 0.191737 [31mkl_synergy_1 : 0.170695 [31mkl_synergy_2 : 0.203526 [31mtotal : 1.855944 [31mdiag_kl_1 : 0.558486 [31mdiag_kl_2 : 0.966988 [94mAcc_combined: 64.24 [94mAcc_c: 46.01 [94mAcc_g: 34.05 [92mF1_combined: 59.74 [92mF1_c: 45.92 [92mF1_g: 27.08 [39m
2026-07-26 05:33:48,880 - Agent - INFO - [37mTest Epoch 40 step 40 with [31mce_loss_combined : 1.264649 [31mce_loss_c : 1.933225 [31mce_loss_g : 1.707602 [31mkl_synergy_rand_1 : 0.198014 [31mkl_synergy_rand_2 : 0.177313 [31mkl_synergy_1 : 0.197793 [31mkl_synergy_2 : 0.185788 [31mtotal : 2.023557 [31mdiag_kl_1 : 0.546188 [31mdiag_kl_2 : 0.850955 [94mAcc_combined: 59.73 [94mAcc_c: 43.27 [94mAcc_g: 37.82 [92mF1_combined: 53.60 [92mF1_c: 42.24 [92mF1_g: 31.60 [39m
2026-07-26 05:35:36,130 - Agent - INFO - [37mVal Epoch 41 step 41 with [31mce_loss_combined : 1.098651 [31mce_loss_c : 1.612798 [31mce_loss_g : 1.732068 [31mkl_synergy_rand_1 : 0.172771 [31mkl_synergy_rand_2 : 0.195607 [31mkl_synergy_1 : 0.167169 [31mkl_synergy_2 : 0.205035 [31mtotal : 1.839233 [31mdiag_kl_1 : 0.536680 [31mdiag_kl_2 : 0.981475 [94mAcc_combined: 64.69 [94mAcc_c: 45.44 [94mAcc_g: 35.42 [92mF1_combined: 60.05 [92mF1_c: 45.45 [92mF1_g: 28.06 [39m
2026-07-26 05:35:36,149 - Agent - INFO - [37mTest Epoch 41 step 41 with [31mce_loss_combined : 1.245160 [31mce_loss_c : 1.931991 [31mce_loss_g : 1.677927 [31mkl_synergy_rand_1 : 0.194723 [31mkl_synergy_rand_2 : 0.176132 [31mkl_synergy_1 : 0.185017 [31mkl_synergy_2 : 0.181127 [31mtotal : 1.982159 [31mdiag_kl_1 : 0.536010 [31mdiag_kl_2 : 0.860995 [94mAcc_combined: 59.18 [94mAcc_c: 42.27 [94mAcc_g: 37.93 [92mF1_combined: 52.79 [92mF1_c: 41.58 [92mF1_g: 31.88 [39m
2026-07-26 05:37:31,702 - Agent - INFO - [37mVal Epoch 42 step 42 with [31mce_loss_combined : 1.101313 [31mce_loss_c : 1.600885 [31mce_loss_g : 1.730519 [31mkl_synergy_rand_1 : 0.172439 [31mkl_synergy_rand_2 : 0.189922 [31mkl_synergy_1 : 0.166300 [31mkl_synergy_2 : 0.196891 [31mtotal : 1.826865 [31mdiag_kl_1 : 0.535113 [31mdiag_kl_2 : 0.986614 [94mAcc_combined: 64.58 [94mAcc_c: 45.67 [94mAcc_g: 34.85 [92mF1_combined: 59.85 [92mF1_c: 45.55 [92mF1_g: 28.21 [39m
2026-07-26 05:37:31,728 - Agent - INFO - [37mTest Epoch 42 step 42 with [31mce_loss_combined : 1.248855 [31mce_loss_c : 1.894626 [31mce_loss_g : 1.679402 [31mkl_synergy_rand_1 : 0.197732 [31mkl_synergy_rand_2 : 0.175916 [31mkl_synergy_1 : 0.198850 [31mkl_synergy_2 : 0.172830 [31mtotal : 1.994184 [31mdiag_kl_1 : 0.542039 [31mdiag_kl_2 : 0.872032 [94mAcc_combined: 59.18 [94mAcc_c: 43.05 [94mAcc_g: 38.82 [92mF1_combined: 52.63 [92mF1_c: 42.26 [92mF1_g: 32.41 [39m
2026-07-26 05:39:31,241 - Agent - INFO - [37mVal Epoch 43 step 43 with [31mce_loss_combined : 1.091346 [31mce_loss_c : 1.606105 [31mce_loss_g : 1.684366 [31mkl_synergy_rand_1 : 0.167290 [31mkl_synergy_rand_2 : 0.188513 [31mkl_synergy_1 : 0.161656 [31mkl_synergy_2 : 0.194977 [31mtotal : 1.803782 [31mdiag_kl_1 : 0.546871 [31mdiag_kl_2 : 0.969708 [94mAcc_combined: 65.03 [94mAcc_c: 44.99 [94mAcc_g: 37.36 [92mF1_combined: 60.83 [92mF1_c: 45.25 [92mF1_g: 30.29 [39m
2026-07-26 05:39:31,257 - Agent - INFO - [37mTest Epoch 43 step 43 with [31mce_loss_combined : 1.239928 [31mce_loss_c : 1.889122 [31mce_loss_g : 1.654957 [31mkl_synergy_rand_1 : 0.193029 [31mkl_synergy_rand_2 : 0.169429 [31mkl_synergy_1 : 0.185104 [31mkl_synergy_2 : 0.171679 [31mtotal : 1.959170 [31mdiag_kl_1 : 0.554831 [31mdiag_kl_2 : 0.856004 [94mAcc_combined: 59.51 [94mAcc_c: 42.16 [94mAcc_g: 39.93 [92mF1_combined: 53.29 [92mF1_c: 41.56 [92mF1_g: 34.40 [39m
2026-07-26 05:41:08,444 - Agent - INFO - [37mVal Epoch 44 step 44 with [31mce_loss_combined : 1.080899 [31mce_loss_c : 1.593457 [31mce_loss_g : 1.647801 [31mkl_synergy_rand_1 : 0.175928 [31mkl_synergy_rand_2 : 0.182449 [31mkl_synergy_1 : 0.168732 [31mkl_synergy_2 : 0.187160 [31mtotal : 1.795168 [31mdiag_kl_1 : 0.543818 [31mdiag_kl_2 : 0.953940 [94mAcc_combined: 65.60 [94mAcc_c: 45.33 [94mAcc_g: 39.18 [92mF1_combined: 60.62 [92mF1_c: 45.40 [92mF1_g: 31.17 [39m
2026-07-26 05:41:08,492 - Agent - INFO - [37mTest Epoch 44 step 44 with [31mce_loss_combined : 1.233026 [31mce_loss_c : 1.869586 [31mce_loss_g : 1.627561 [31mkl_synergy_rand_1 : 0.200139 [31mkl_synergy_rand_2 : 0.165274 [31mkl_synergy_1 : 0.202564 [31mkl_synergy_2 : 0.167180 [31mtotal : 1.968182 [31mdiag_kl_1 : 0.555221 [31mdiag_kl_2 : 0.834215 [94mAcc_combined: 59.62 [94mAcc_c: 42.16 [94mAcc_g: 41.71 [92mF1_combined: 52.73 [92mF1_c: 41.43 [92mF1_g: 35.25 [39m
2026-07-26 05:42:57,515 - Agent - INFO - [37mVal Epoch 45 step 45 with [31mce_loss_combined : 1.081488 [31mce_loss_c : 1.596582 [31mce_loss_g : 1.639755 [31mkl_synergy_rand_1 : 0.162875 [31mkl_synergy_rand_2 : 0.182717 [31mkl_synergy_1 : 0.157271 [31mkl_synergy_2 : 0.187201 [31mtotal : 1.771551 [31mdiag_kl_1 : 0.561087 [31mdiag_kl_2 : 0.958879 [94mAcc_combined: 65.49 [94mAcc_c: 44.87 [94mAcc_g: 39.07 [92mF1_combined: 61.23 [92mF1_c: 44.97 [92mF1_g: 30.80 [39m
2026-07-26 05:42:57,536 - Agent - INFO - [37mTest Epoch 45 step 45 with [31mce_loss_combined : 1.229094 [31mce_loss_c : 1.873722 [31mce_loss_g : 1.615905 [31mkl_synergy_rand_1 : 0.187885 [31mkl_synergy_rand_2 : 0.163491 [31mkl_synergy_1 : 0.174695 [31mkl_synergy_2 : 0.165322 [31mtotal : 1.920487 [31mdiag_kl_1 : 0.559750 [31mdiag_kl_2 : 0.844975 [94mAcc_combined: 58.84 [94mAcc_c: 41.60 [94mAcc_g: 42.27 [92mF1_combined: 52.80 [92mF1_c: 40.95 [92mF1_g: 35.80 [39m
2026-07-26 05:44:52,487 - Agent - INFO - [37mVal Epoch 46 step 46 with [31mce_loss_combined : 1.093618 [31mce_loss_c : 1.576341 [31mce_loss_g : 1.644330 [31mkl_synergy_rand_1 : 0.173091 [31mkl_synergy_rand_2 : 0.176114 [31mkl_synergy_1 : 0.163140 [31mkl_synergy_2 : 0.183118 [31mtotal : 1.789080 [31mdiag_kl_1 : 0.562325 [31mdiag_kl_2 : 0.963763 [94mAcc_combined: 64.81 [94mAcc_c: 44.87 [94mAcc_g: 38.95 [92mF1_combined: 59.90 [92mF1_c: 45.07 [92mF1_g: 31.27 [39m
2026-07-26 05:44:52,505 - Agent - INFO - [37mTest Epoch 46 step 46 with [31mce_loss_combined : 1.242008 [31mce_loss_c : 1.850626 [31mce_loss_g : 1.631554 [31mkl_synergy_rand_1 : 0.197469 [31mkl_synergy_rand_2 : 0.160327 [31mkl_synergy_1 : 0.187210 [31mkl_synergy_2 : 0.162229 [31mtotal : 1.949242 [31mdiag_kl_1 : 0.556685 [31mdiag_kl_2 : 0.858932 [94mAcc_combined: 58.95 [94mAcc_c: 41.16 [94mAcc_g: 40.82 [92mF1_combined: 52.58 [92mF1_c: 40.50 [92mF1_g: 34.43 [39m
2026-07-26 05:46:46,527 - Agent - INFO - [37mVal Epoch 47 step 47 with [31mce_loss_combined : 1.085785 [31mce_loss_c : 1.589471 [31mce_loss_g : 1.615194 [31mkl_synergy_rand_1 : 0.159701 [31mkl_synergy_rand_2 : 0.175988 [31mkl_synergy_1 : 0.155332 [31mkl_synergy_2 : 0.183604 [31mtotal : 1.760411 [31mdiag_kl_1 : 0.558317 [31mdiag_kl_2 : 0.950208 [94mAcc_combined: 65.15 [94mAcc_c: 44.53 [94mAcc_g: 38.95 [92mF1_combined: 60.92 [92mF1_c: 44.75 [92mF1_g: 30.90 [39m
2026-07-26 05:46:46,578 - Agent - INFO - [37mTest Epoch 47 step 47 with [31mce_loss_combined : 1.226328 [31mce_loss_c : 1.846122 [31mce_loss_g : 1.603061 [31mkl_synergy_rand_1 : 0.183776 [31mkl_synergy_rand_2 : 0.157643 [31mkl_synergy_1 : 0.180403 [31mkl_synergy_2 : 0.163219 [31mtotal : 1.911369 [31mdiag_kl_1 : 0.557774 [31mdiag_kl_2 : 0.836068 [94mAcc_combined: 58.95 [94mAcc_c: 41.49 [94mAcc_g: 42.49 [92mF1_combined: 52.95 [92mF1_c: 40.89 [92mF1_g: 36.52 [39m
2026-07-26 05:48:41,013 - Agent - INFO - [37mVal Epoch 48 step 48 with [31mce_loss_combined : 1.069084 [31mce_loss_c : 1.579695 [31mce_loss_g : 1.579402 [31mkl_synergy_rand_1 : 0.162071 [31mkl_synergy_rand_2 : 0.178442 [31mkl_synergy_1 : 0.152240 [31mkl_synergy_2 : 0.179066 [31mtotal : 1.740902 [31mdiag_kl_1 : 0.558268 [31mdiag_kl_2 : 0.940687 [94mAcc_combined: 65.95 [94mAcc_c: 44.87 [94mAcc_g: 40.43 [92mF1_combined: 61.71 [92mF1_c: 45.13 [92mF1_g: 31.99 [39m
2026-07-26 05:48:41,031 - Agent - INFO - [37mTest Epoch 48 step 48 with [31mce_loss_combined : 1.207950 [31mce_loss_c : 1.839869 [31mce_loss_g : 1.576219 [31mkl_synergy_rand_1 : 0.182788 [31mkl_synergy_rand_2 : 0.159092 [31mkl_synergy_1 : 0.184228 [31mkl_synergy_2 : 0.155908 [31mtotal : 1.889965 [31mdiag_kl_1 : 0.568464 [31mdiag_kl_2 : 0.809460 [94mAcc_combined: 59.62 [94mAcc_c: 41.71 [94mAcc_g: 44.94 [92mF1_combined: 53.25 [92mF1_c: 41.11 [92mF1_g: 38.46 [39m
2026-07-26 05:50:32,263 - Evaluator - INFO - New best with loss-
2026-07-26 05:50:32,264 - Agent - INFO - [37mVal Epoch 49 step 49 with [31mce_loss_combined : 1.066435 [31mce_loss_c : 1.575761 [31mce_loss_g : 1.579085 [31mkl_synergy_rand_1 : 0.166225 [31mkl_synergy_rand_2 : 0.170367 [31mkl_synergy_1 : 0.160401 [31mkl_synergy_2 : 0.170688 [31mtotal : 1.734116 [31mdiag_kl_1 : 0.551150 [31mdiag_kl_2 : 0.934811 [94mAcc_combined: 65.60 [94mAcc_c: 44.31 [94mAcc_g: 41.34 [92mF1_combined: 60.85 [92mF1_c: 44.23 [92mF1_g: 32.74 [39m
2026-07-26 05:50:32,324 - Agent - INFO - [37mTest Epoch 49 step 49 with [31mce_loss_combined : 1.209967 [31mce_loss_c : 1.832441 [31mce_loss_g : 1.582111 [31mkl_synergy_rand_1 : 0.190604 [31mkl_synergy_rand_2 : 0.162881 [31mkl_synergy_1 : 0.186416 [31mkl_synergy_2 : 0.153299 [31mtotal : 1.903168 [31mdiag_kl_1 : 0.570713 [31mdiag_kl_2 : 0.823711 [94mAcc_combined: 59.62 [94mAcc_c: 40.93 [94mAcc_g: 44.38 [92mF1_combined: 53.12 [92mF1_c: 40.22 [92mF1_g: 37.67 [39m
2026-07-26 05:50:35,445 - Agent - INFO - [37mModel saved successfully at: ./data/data/2025_data/synergy/CremadPlus/v2/SynIB_RMask_U_REFABL_cremad_lam0.5x_fold0_l0.5_ir0.5_perturbrandom_fillema_pmin0.20_refunimodal_anchor.pth.tar[39m
2026-07-26 05:52:20,570 - Agent - INFO - [37mVal Epoch 50 step 50 with [31mce_loss_combined : 1.081692 [31mce_loss_c : 1.594673 [31mce_loss_g : 1.580386 [31mkl_synergy_rand_1 : 0.159564 [31mkl_synergy_rand_2 : 0.168852 [31mkl_synergy_1 : 0.150078 [31mkl_synergy_2 : 0.169728 [31mtotal : 1.729914 [31mdiag_kl_1 : 0.586953 [31mdiag_kl_2 : 0.926526 [94mAcc_combined: 64.46 [94mAcc_c: 44.19 [94mAcc_g: 41.69 [92mF1_combined: 60.19 [92mF1_c: 44.60 [92mF1_g: 32.72 [39m
2026-07-26 05:52:20,610 - Agent - INFO - [37mTest Epoch 50 step 50 with [31mce_loss_combined : 1.224090 [31mce_loss_c : 1.846048 [31mce_loss_g : 1.584163 [31mkl_synergy_rand_1 : 0.183298 [31mkl_synergy_rand_2 : 0.152681 [31mkl_synergy_1 : 0.171948 [31mkl_synergy_2 : 0.157866 [31mtotal : 1.889883 [31mdiag_kl_1 : 0.581745 [31mdiag_kl_2 : 0.805351 [94mAcc_combined: 58.73 [94mAcc_c: 41.27 [94mAcc_g: 44.72 [92mF1_combined: 52.91 [92mF1_c: 40.87 [92mF1_g: 37.13 [39m
2026-07-26 05:54:21,581 - Agent - INFO - [37mVal Epoch 51 step 51 with [31mce_loss_combined : 1.070239 [31mce_loss_c : 1.575728 [31mce_loss_g : 1.571472 [31mkl_synergy_rand_1 : 0.164423 [31mkl_synergy_rand_2 : 0.164115 [31mkl_synergy_1 : 0.155954 [31mkl_synergy_2 : 0.167242 [31mtotal : 1.721972 [31mdiag_kl_1 : 0.556774 [31mdiag_kl_2 : 0.925149 [94mAcc_combined: 65.83 [94mAcc_c: 44.31 [94mAcc_g: 41.80 [92mF1_combined: 61.29 [92mF1_c: 44.22 [92mF1_g: 33.15 [39m
2026-07-26 05:54:21,607 - Agent - INFO - [37mTest Epoch 51 step 51 with [31mce_loss_combined : 1.205893 [31mce_loss_c : 1.830217 [31mce_loss_g : 1.573611 [31mkl_synergy_rand_1 : 0.186234 [31mkl_synergy_rand_2 : 0.153187 [31mkl_synergy_1 : 0.173882 [31mkl_synergy_2 : 0.151752 [31mtotal : 1.870949 [31mdiag_kl_1 : 0.562210 [31mdiag_kl_2 : 0.815340 [94mAcc_combined: 60.07 [94mAcc_c: 41.05 [94mAcc_g: 44.94 [92mF1_combined: 53.65 [92mF1_c: 40.32 [92mF1_g: 37.71 [39m
2026-07-26 05:56:15,351 - Agent - INFO - [37mVal Epoch 52 step 52 with [31mce_loss_combined : 1.071551 [31mce_loss_c : 1.590406 [31mce_loss_g : 1.560166 [31mkl_synergy_rand_1 : 0.158745 [31mkl_synergy_rand_2 : 0.167255 [31mkl_synergy_1 : 0.148000 [31mkl_synergy_2 : 0.165868 [31mtotal : 1.711419 [31mdiag_kl_1 : 0.563930 [31mdiag_kl_2 : 0.936428 [94mAcc_combined: 65.26 [94mAcc_c: 44.76 [94mAcc_g: 41.69 [92mF1_combined: 60.67 [92mF1_c: 44.82 [92mF1_g: 32.92 [39m
2026-07-26 05:56:15,414 - Agent - INFO - [37mTest Epoch 52 step 52 with [31mce_loss_combined : 1.200304 [31mce_loss_c : 1.821250 [31mce_loss_g : 1.565505 [31mkl_synergy_rand_1 : 0.181429 [31mkl_synergy_rand_2 : 0.154819 [31mkl_synergy_1 : 0.176289 [31mkl_synergy_2 : 0.152188 [31mtotal : 1.865029 [31mdiag_kl_1 : 0.570849 [31mdiag_kl_2 : 0.805728 [94mAcc_combined: 59.84 [94mAcc_c: 41.16 [94mAcc_g: 45.61 [92mF1_combined: 53.57 [92mF1_c: 40.40 [92mF1_g: 38.49 [39m
2026-07-26 05:58:10,540 - Agent - INFO - [37mVal Epoch 53 step 53 with [31mce_loss_combined : 1.068098 [31mce_loss_c : 1.582007 [31mce_loss_g : 1.559140 [31mkl_synergy_rand_1 : 0.157305 [31mkl_synergy_rand_2 : 0.163382 [31mkl_synergy_1 : 0.150474 [31mkl_synergy_2 : 0.164455 [31mtotal : 1.703715 [31mdiag_kl_1 : 0.563529 [31mdiag_kl_2 : 0.921348 [94mAcc_combined: 65.38 [94mAcc_c: 44.76 [94mAcc_g: 42.03 [92mF1_combined: 61.14 [92mF1_c: 44.87 [92mF1_g: 33.60 [39m
2026-07-26 05:58:10,603 - Agent - INFO - [37mTest Epoch 53 step 53 with [31mce_loss_combined : 1.202223 [31mce_loss_c : 1.811537 [31mce_loss_g : 1.566726 [31mkl_synergy_rand_1 : 0.184146 [31mkl_synergy_rand_2 : 0.147192 [31mkl_synergy_1 : 0.175215 [31mkl_synergy_2 : 0.148956 [31mtotal : 1.857732 [31mdiag_kl_1 : 0.574371 [31mdiag_kl_2 : 0.797771 [94mAcc_combined: 59.73 [94mAcc_c: 40.82 [94mAcc_g: 44.94 [92mF1_combined: 53.57 [92mF1_c: 40.13 [92mF1_g: 37.62 [39m
2026-07-26 06:00:07,243 - Evaluator - INFO - New best with loss-
2026-07-26 06:00:07,245 - Agent - INFO - [37mVal Epoch 54 step 54 with [31mce_loss_combined : 1.065198 [31mce_loss_c : 1.588473 [31mce_loss_g : 1.549738 [31mkl_synergy_rand_1 : 0.156632 [31mkl_synergy_rand_2 : 0.163723 [31mkl_synergy_1 : 0.149550 [31mkl_synergy_2 : 0.165051 [31mtotal : 1.700153 [31mdiag_kl_1 : 0.568048 [31mdiag_kl_2 : 0.927330 [94mAcc_combined: 66.06 [94mAcc_c: 44.76 [94mAcc_g: 42.48 [92mF1_combined: 61.94 [92mF1_c: 44.81 [92mF1_g: 33.96 [39m
2026-07-26 06:00:07,301 - Agent - INFO - [37mTest Epoch 54 step 54 with [31mce_loss_combined : 1.199814 [31mce_loss_c : 1.814463 [31mce_loss_g : 1.564738 [31mkl_synergy_rand_1 : 0.184738 [31mkl_synergy_rand_2 : 0.148633 [31mkl_synergy_1 : 0.165700 [31mkl_synergy_2 : 0.144538 [31mtotal : 1.843423 [31mdiag_kl_1 : 0.583392 [31mdiag_kl_2 : 0.788237 [94mAcc_combined: 60.07 [94mAcc_c: 41.05 [94mAcc_g: 45.38 [92mF1_combined: 53.95 [92mF1_c: 40.45 [92mF1_g: 37.98 [39m
2026-07-26 06:00:10,890 - Agent - INFO - [37mModel saved successfully at: ./data/data/2025_data/synergy/CremadPlus/v2/SynIB_RMask_U_REFABL_cremad_lam0.5x_fold0_l0.5_ir0.5_perturbrandom_fillema_pmin0.20_refunimodal_anchor.pth.tar[39m
2026-07-26 06:02:02,269 - Evaluator - INFO - New best with loss-
2026-07-26 06:02:02,270 - Agent - INFO - [37mVal Epoch 55 step 55 with [31mce_loss_combined : 1.062297 [31mce_loss_c : 1.582464 [31mce_loss_g : 1.542008 [31mkl_synergy_rand_1 : 0.160075 [31mkl_synergy_rand_2 : 0.160406 [31mkl_synergy_1 : 0.149810 [31mkl_synergy_2 : 0.160077 [31mtotal : 1.692665 [31mdiag_kl_1 : 0.555979 [31mdiag_kl_2 : 0.925534 [94mAcc_combined: 65.95 [94mAcc_c: 44.87 [94mAcc_g: 43.28 [92mF1_combined: 61.42 [92mF1_c: 44.68 [92mF1_g: 34.94 [39m
2026-07-26 06:02:02,284 - Agent - INFO - [37mTest Epoch 55 step 55 with [31mce_loss_combined : 1.198298 [31mce_loss_c : 1.808949 [31mce_loss_g : 1.555090 [31mkl_synergy_rand_1 : 0.180963 [31mkl_synergy_rand_2 : 0.150153 [31mkl_synergy_1 : 0.175243 [31mkl_synergy_2 : 0.146284 [31mtotal : 1.850941 [31mdiag_kl_1 : 0.559645 [31mdiag_kl_2 : 0.795720 [94mAcc_combined: 60.51 [94mAcc_c: 41.38 [94mAcc_g: 45.94 [92mF1_combined: 54.18 [92mF1_c: 40.40 [92mF1_g: 38.94 [39m
2026-07-26 06:02:06,506 - Agent - INFO - [37mModel saved successfully at: ./data/data/2025_data/synergy/CremadPlus/v2/SynIB_RMask_U_REFABL_cremad_lam0.5x_fold0_l0.5_ir0.5_perturbrandom_fillema_pmin0.20_refunimodal_anchor.pth.tar[39m
2026-07-26 06:03:56,368 - Evaluator - INFO - New best with loss-accuracy-
2026-07-26 06:03:56,368 - Agent - INFO - [37mVal Epoch 56 step 56 with [31mce_loss_combined : 1.055572 [31mce_loss_c : 1.584650 [31mce_loss_g : 1.533867 [31mkl_synergy_rand_1 : 0.154778 [31mkl_synergy_rand_2 : 0.162809 [31mkl_synergy_1 : 0.147473 [31mkl_synergy_2 : 0.160207 [31mtotal : 1.680838 [31mdiag_kl_1 : 0.561737 [31mdiag_kl_2 : 0.930967 [94mAcc_combined: 66.86 [94mAcc_c: 44.53 [94mAcc_g: 43.05 [92mF1_combined: 62.92 [92mF1_c: 44.66 [92mF1_g: 34.18 [39m
2026-07-26 06:03:56,383 - Agent - INFO - [37mTest Epoch 56 step 56 with [31mce_loss_combined : 1.194400 [31mce_loss_c : 1.805348 [31mce_loss_g : 1.553544 [31mkl_synergy_rand_1 : 0.176512 [31mkl_synergy_rand_2 : 0.151096 [31mkl_synergy_1 : 0.169382 [31mkl_synergy_2 : 0.145891 [31mtotal : 1.837280 [31mdiag_kl_1 : 0.566667 [31mdiag_kl_2 : 0.788614 [94mAcc_combined: 59.84 [94mAcc_c: 40.82 [94mAcc_g: 46.72 [92mF1_combined: 53.91 [92mF1_c: 40.34 [92mF1_g: 39.28 [39m
2026-07-26 06:03:58,458 - Agent - INFO - [37mModel saved successfully at: ./data/data/2025_data/synergy/CremadPlus/v2/SynIB_RMask_U_REFABL_cremad_lam0.5x_fold0_l0.5_ir0.5_perturbrandom_fillema_pmin0.20_refunimodal_anchor.pth.tar[39m
2026-07-26 06:05:55,547 - Agent - INFO - [37mVal Epoch 57 step 57 with [31mce_loss_combined : 1.059533 [31mce_loss_c : 1.571206 [31mce_loss_g : 1.531494 [31mkl_synergy_rand_1 : 0.162165 [31mkl_synergy_rand_2 : 0.155620 [31mkl_synergy_1 : 0.150671 [31mkl_synergy_2 : 0.158191 [31mtotal : 1.686180 [31mdiag_kl_1 : 0.573033 [31mdiag_kl_2 : 0.896100 [94mAcc_combined: 65.49 [94mAcc_c: 44.87 [94mAcc_g: 43.85 [92mF1_combined: 60.82 [92mF1_c: 44.79 [92mF1_g: 35.32 [39m
2026-07-26 06:05:55,610 - Agent - INFO - [37mTest Epoch 57 step 57 with [31mce_loss_combined : 1.200732 [31mce_loss_c : 1.802502 [31mce_loss_g : 1.555793 [31mkl_synergy_rand_1 : 0.185806 [31mkl_synergy_rand_2 : 0.144527 [31mkl_synergy_1 : 0.171940 [31mkl_synergy_2 : 0.144469 [31mtotal : 1.847474 [31mdiag_kl_1 : 0.581425 [31mdiag_kl_2 : 0.779516 [94mAcc_combined: 59.73 [94mAcc_c: 40.93 [94mAcc_g: 45.94 [92mF1_combined: 53.39 [92mF1_c: 40.24 [92mF1_g: 38.32 [39m
2026-07-26 06:07:55,035 - Agent - INFO - [37mVal Epoch 58 step 58 with [31mce_loss_combined : 1.056666 [31mce_loss_c : 1.580141 [31mce_loss_g : 1.529706 [31mkl_synergy_rand_1 : 0.158601 [31mkl_synergy_rand_2 : 0.159786 [31mkl_synergy_1 : 0.151231 [31mkl_synergy_2 : 0.156541 [31mtotal : 1.682825 [31mdiag_kl_1 : 0.561690 [31mdiag_kl_2 : 0.913715 [94mAcc_combined: 66.17 [94mAcc_c: 44.42 [94mAcc_g: 43.85 [92mF1_combined: 61.88 [92mF1_c: 44.48 [92mF1_g: 35.44 [39m
2026-07-26 06:07:55,088 - Agent - INFO - [37mTest Epoch 58 step 58 with [31mce_loss_combined : 1.197068 [31mce_loss_c : 1.815387 [31mce_loss_g : 1.551528 [31mkl_synergy_rand_1 : 0.178749 [31mkl_synergy_rand_2 : 0.143497 [31mkl_synergy_1 : 0.168521 [31mkl_synergy_2 : 0.141825 [31mtotal : 1.829659 [31mdiag_kl_1 : 0.566921 [31mdiag_kl_2 : 0.784775 [94mAcc_combined: 59.73 [94mAcc_c: 41.05 [94mAcc_g: 47.05 [92mF1_combined: 53.34 [92mF1_c: 40.45 [92mF1_g: 39.62 [39m
2026-07-26 06:09:54,893 - Evaluator - INFO - New best with loss-
2026-07-26 06:09:54,896 - Agent - INFO - [37mVal Epoch 59 step 59 with [31mce_loss_combined : 1.053075 [31mce_loss_c : 1.578034 [31mce_loss_g : 1.525179 [31mkl_synergy_rand_1 : 0.158837 [31mkl_synergy_rand_2 : 0.157842 [31mkl_synergy_1 : 0.147650 [31mkl_synergy_2 : 0.154803 [31mtotal : 1.672207 [31mdiag_kl_1 : 0.557583 [31mdiag_kl_2 : 0.919798 [94mAcc_combined: 66.51 [94mAcc_c: 44.99 [94mAcc_g: 44.76 [92mF1_combined: 62.10 [92mF1_c: 44.83 [92mF1_g: 36.61 [39m
2026-07-26 06:09:54,928 - Agent - INFO - [37mTest Epoch 59 step 59 with [31mce_loss_combined : 1.188425 [31mce_loss_c : 1.798189 [31mce_loss_g : 1.548454 [31mkl_synergy_rand_1 : 0.177611 [31mkl_synergy_rand_2 : 0.142841 [31mkl_synergy_1 : 0.170549 [31mkl_synergy_2 : 0.137078 [31mtotal : 1.816504 [31mdiag_kl_1 : 0.560743 [31mdiag_kl_2 : 0.783701 [94mAcc_combined: 60.51 [94mAcc_c: 41.38 [94mAcc_g: 46.94 [92mF1_combined: 54.15 [92mF1_c: 40.57 [92mF1_g: 39.58 [39m
2026-07-26 06:09:57,676 - Agent - INFO - [37mModel saved successfully at: ./data/data/2025_data/synergy/CremadPlus/v2/SynIB_RMask_U_REFABL_cremad_lam0.5x_fold0_l0.5_ir0.5_perturbrandom_fillema_pmin0.20_refunimodal_anchor.pth.tar[39m
2026-07-26 06:11:52,794 - Agent - INFO - [37mVal Epoch 60 step 60 with [31mce_loss_combined : 1.054812 [31mce_loss_c : 1.570028 [31mce_loss_g : 1.529481 [31mkl_synergy_rand_1 : 0.159953 [31mkl_synergy_rand_2 : 0.157960 [31mkl_synergy_1 : 0.153192 [31mkl_synergy_2 : 0.153300 [31mtotal : 1.679217 [31mdiag_kl_1 : 0.561799 [31mdiag_kl_2 : 0.910336 [94mAcc_combined: 65.95 [94mAcc_c: 44.31 [94mAcc_g: 44.65 [92mF1_combined: 61.68 [92mF1_c: 44.37 [92mF1_g: 36.23 [39m
2026-07-26 06:11:52,850 - Agent - INFO - [37mTest Epoch 60 step 60 with [31mce_loss_combined : 1.195936 [31mce_loss_c : 1.791605 [31mce_loss_g : 1.552819 [31mkl_synergy_rand_1 : 0.182852 [31mkl_synergy_rand_2 : 0.144951 [31mkl_synergy_1 : 0.172972 [31mkl_synergy_2 : 0.136746 [31mtotal : 1.833457 [31mdiag_kl_1 : 0.571278 [31mdiag_kl_2 : 0.780428 [94mAcc_combined: 60.51 [94mAcc_c: 40.38 [94mAcc_g: 46.38 [92mF1_combined: 54.24 [92mF1_c: 39.69 [92mF1_g: 38.88 [39m
2026-07-26 06:13:52,733 - Agent - INFO - [37mVal Epoch 61 step 61 with [31mce_loss_combined : 1.058130 [31mce_loss_c : 1.575625 [31mce_loss_g : 1.526559 [31mkl_synergy_rand_1 : 0.159413 [31mkl_synergy_rand_2 : 0.157714 [31mkl_synergy_1 : 0.148883 [31mkl_synergy_2 : 0.156760 [31mtotal : 1.680900 [31mdiag_kl_1 : 0.568029 [31mdiag_kl_2 : 0.907940 [94mAcc_combined: 65.95 [94mAcc_c: 44.42 [94mAcc_g: 44.42 [92mF1_combined: 61.68 [92mF1_c: 44.55 [92mF1_g: 35.84 [39m
2026-07-26 06:13:52,751 - Agent - INFO - [37mTest Epoch 61 step 61 with [31mce_loss_combined : 1.198203 [31mce_loss_c : 1.803095 [31mce_loss_g : 1.550335 [31mkl_synergy_rand_1 : 0.179512 [31mkl_synergy_rand_2 : 0.144373 [31mkl_synergy_1 : 0.166521 [31mkl_synergy_2 : 0.137343 [31mtotal : 1.825950 [31mdiag_kl_1 : 0.570615 [31mdiag_kl_2 : 0.793501 [94mAcc_combined: 59.73 [94mAcc_c: 40.49 [94mAcc_g: 46.50 [92mF1_combined: 53.41 [92mF1_c: 39.90 [92mF1_g: 39.02 [39m
2026-07-26 06:15:50,687 - Agent - INFO - [37mVal Epoch 62 step 62 with [31mce_loss_combined : 1.055259 [31mce_loss_c : 1.576519 [31mce_loss_g : 1.527367 [31mkl_synergy_rand_1 : 0.156718 [31mkl_synergy_rand_2 : 0.157634 [31mkl_synergy_1 : 0.148692 [31mkl_synergy_2 : 0.154019 [31mtotal : 1.672322 [31mdiag_kl_1 : 0.557776 [31mdiag_kl_2 : 0.912429 [94mAcc_combined: 66.40 [94mAcc_c: 44.42 [94mAcc_g: 44.42 [92mF1_combined: 62.21 [92mF1_c: 44.55 [92mF1_g: 36.10 [39m
2026-07-26 06:15:50,714 - Agent - INFO - [37mTest Epoch 62 step 62 with [31mce_loss_combined : 1.196745 [31mce_loss_c : 1.801941 [31mce_loss_g : 1.551511 [31mkl_synergy_rand_1 : 0.178395 [31mkl_synergy_rand_2 : 0.144969 [31mkl_synergy_1 : 0.175912 [31mkl_synergy_2 : 0.139740 [31mtotal : 1.835760 [31mdiag_kl_1 : 0.567976 [31mdiag_kl_2 : 0.794633 [94mAcc_combined: 59.96 [94mAcc_c: 40.60 [94mAcc_g: 46.38 [92mF1_combined: 53.90 [92mF1_c: 39.99 [92mF1_g: 38.79 [39m
2026-07-26 06:17:42,787 - Agent - INFO - [37mVal Epoch 63 step 63 with [31mce_loss_combined : 1.057533 [31mce_loss_c : 1.585199 [31mce_loss_g : 1.525066 [31mkl_synergy_rand_1 : 0.155950 [31mkl_synergy_rand_2 : 0.154000 [31mkl_synergy_1 : 0.147043 [31mkl_synergy_2 : 0.158777 [31mtotal : 1.673302 [31mdiag_kl_1 : 0.572198 [31mdiag_kl_2 : 0.910765 [94mAcc_combined: 66.17 [94mAcc_c: 44.76 [94mAcc_g: 44.87 [92mF1_combined: 61.98 [92mF1_c: 44.88 [92mF1_g: 36.55 [39m
2026-07-26 06:17:42,810 - Agent - INFO - [37mTest Epoch 63 step 63 with [31mce_loss_combined : 1.199912 [31mce_loss_c : 1.816102 [31mce_loss_g : 1.548175 [31mkl_synergy_rand_1 : 0.181338 [31mkl_synergy_rand_2 : 0.147400 [31mkl_synergy_1 : 0.166680 [31mkl_synergy_2 : 0.139904 [31mtotal : 1.835235 [31mdiag_kl_1 : 0.580893 [31mdiag_kl_2 : 0.781949 [94mAcc_combined: 60.18 [94mAcc_c: 40.93 [94mAcc_g: 46.72 [92mF1_combined: 54.12 [92mF1_c: 40.39 [92mF1_g: 39.25 [39m
2026-07-26 06:19:39,876 - Agent - INFO - [37mVal Epoch 64 step 64 with [31mce_loss_combined : 1.059882 [31mce_loss_c : 1.579872 [31mce_loss_g : 1.526118 [31mkl_synergy_rand_1 : 0.155660 [31mkl_synergy_rand_2 : 0.155413 [31mkl_synergy_1 : 0.147750 [31mkl_synergy_2 : 0.152768 [31mtotal : 1.671473 [31mdiag_kl_1 : 0.560031 [31mdiag_kl_2 : 0.913193 [94mAcc_combined: 66.06 [94mAcc_c: 44.31 [94mAcc_g: 44.08 [92mF1_combined: 61.65 [92mF1_c: 44.35 [92mF1_g: 35.99 [39m
2026-07-26 06:19:39,931 - Agent - INFO - [37mTest Epoch 64 step 64 with [31mce_loss_combined : 1.194651 [31mce_loss_c : 1.810267 [31mce_loss_g : 1.546352 [31mkl_synergy_rand_1 : 0.178155 [31mkl_synergy_rand_2 : 0.148608 [31mkl_synergy_1 : 0.170878 [31mkl_synergy_2 : 0.142966 [31mtotal : 1.835258 [31mdiag_kl_1 : 0.563494 [31mdiag_kl_2 : 0.787731 [94mAcc_combined: 59.62 [94mAcc_c: 40.82 [94mAcc_g: 46.83 [92mF1_combined: 53.33 [92mF1_c: 40.20 [92mF1_g: 39.61 [39m
2026-07-26 06:21:23,476 - Agent - INFO - [37mVal Epoch 65 step 65 with [31mce_loss_combined : 1.081058 [31mce_loss_c : 1.569142 [31mce_loss_g : 1.543443 [31mkl_synergy_rand_1 : 0.153560 [31mkl_synergy_rand_2 : 0.157905 [31mkl_synergy_1 : 0.143650 [31mkl_synergy_2 : 0.157079 [31mtotal : 1.693253 [31mdiag_kl_1 : 0.592342 [31mdiag_kl_2 : 0.930386 [94mAcc_combined: 65.15 [94mAcc_c: 45.33 [94mAcc_g: 43.74 [92mF1_combined: 62.18 [92mF1_c: 44.91 [92mF1_g: 36.17 [39m
2026-07-26 06:21:23,492 - Agent - INFO - [37mTest Epoch 65 step 65 with [31mce_loss_combined : 1.223678 [31mce_loss_c : 1.786166 [31mce_loss_g : 1.570861 [31mkl_synergy_rand_1 : 0.176048 [31mkl_synergy_rand_2 : 0.153800 [31mkl_synergy_1 : 0.163265 [31mkl_synergy_2 : 0.136259 [31mtotal : 1.853050 [31mdiag_kl_1 : 0.579900 [31mdiag_kl_2 : 0.801577 [94mAcc_combined: 59.18 [94mAcc_c: 41.49 [94mAcc_g: 45.05 [92mF1_combined: 54.23 [92mF1_c: 40.50 [92mF1_g: 37.36 [39m
2026-07-26 06:23:13,858 - Agent - INFO - [37mVal Epoch 66 step 66 with [31mce_loss_combined : 1.057472 [31mce_loss_c : 1.557904 [31mce_loss_g : 1.509353 [31mkl_synergy_rand_1 : 0.153477 [31mkl_synergy_rand_2 : 0.154422 [31mkl_synergy_1 : 0.146505 [31mkl_synergy_2 : 0.150811 [31mtotal : 1.662688 [31mdiag_kl_1 : 0.571749 [31mdiag_kl_2 : 0.904238 [94mAcc_combined: 66.40 [94mAcc_c: 44.53 [94mAcc_g: 45.44 [92mF1_combined: 61.97 [92mF1_c: 43.89 [92mF1_g: 37.75 [39m
2026-07-26 06:23:13,884 - Agent - INFO - [37mTest Epoch 66 step 66 with [31mce_loss_combined : 1.195652 [31mce_loss_c : 1.756575 [31mce_loss_g : 1.547056 [31mkl_synergy_rand_1 : 0.176040 [31mkl_synergy_rand_2 : 0.138659 [31mkl_synergy_1 : 0.161954 [31mkl_synergy_2 : 0.135362 [31mtotal : 1.807667 [31mdiag_kl_1 : 0.580252 [31mdiag_kl_2 : 0.771245 [94mAcc_combined: 59.73 [94mAcc_c: 41.38 [94mAcc_g: 47.39 [92mF1_combined: 53.63 [92mF1_c: 40.26 [92mF1_g: 39.10 [39m
2026-07-26 06:25:03,285 - Agent - INFO - [37mVal Epoch 67 step 67 with [31mce_loss_combined : 1.063448 [31mce_loss_c : 1.560377 [31mce_loss_g : 1.511232 [31mkl_synergy_rand_1 : 0.170348 [31mkl_synergy_rand_2 : 0.145854 [31mkl_synergy_1 : 0.157998 [31mkl_synergy_2 : 0.136110 [31mtotal : 1.673758 [31mdiag_kl_1 : 0.565167 [31mdiag_kl_2 : 0.884182 [94mAcc_combined: 65.95 [94mAcc_c: 44.42 [94mAcc_g: 45.79 [92mF1_combined: 60.32 [92mF1_c: 43.68 [92mF1_g: 37.00 [39m
2026-07-26 06:25:03,310 - Agent - INFO - [37mTest Epoch 67 step 67 with [31mce_loss_combined : 1.189255 [31mce_loss_c : 1.748834 [31mce_loss_g : 1.545233 [31mkl_synergy_rand_1 : 0.187913 [31mkl_synergy_rand_2 : 0.136782 [31mkl_synergy_1 : 0.167802 [31mkl_synergy_2 : 0.131206 [31mtotal : 1.812957 [31mdiag_kl_1 : 0.583430 [31mdiag_kl_2 : 0.772308 [94mAcc_combined: 61.40 [94mAcc_c: 41.05 [94mAcc_g: 46.16 [92mF1_combined: 54.39 [92mF1_c: 39.84 [92mF1_g: 38.20 [39m
2026-07-26 06:27:01,642 - Evaluator - INFO - New best with loss-
2026-07-26 06:27:01,643 - Agent - INFO - [37mVal Epoch 68 step 68 with [31mce_loss_combined : 1.047992 [31mce_loss_c : 1.564322 [31mce_loss_g : 1.489807 [31mkl_synergy_rand_1 : 0.150543 [31mkl_synergy_rand_2 : 0.152914 [31mkl_synergy_1 : 0.142875 [31mkl_synergy_2 : 0.139143 [31mtotal : 1.633466 [31mdiag_kl_1 : 0.566720 [31mdiag_kl_2 : 0.898698 [94mAcc_combined: 66.74 [94mAcc_c: 43.96 [94mAcc_g: 46.13 [92mF1_combined: 62.44 [92mF1_c: 42.96 [92mF1_g: 37.98 [39m
2026-07-26 06:27:01,667 - Agent - INFO - [37mTest Epoch 68 step 68 with [31mce_loss_combined : 1.179274 [31mce_loss_c : 1.760100 [31mce_loss_g : 1.526383 [31mkl_synergy_rand_1 : 0.167705 [31mkl_synergy_rand_2 : 0.150037 [31mkl_synergy_1 : 0.161256 [31mkl_synergy_2 : 0.131864 [31mtotal : 1.790136 [31mdiag_kl_1 : 0.565423 [31mdiag_kl_2 : 0.776929 [94mAcc_combined: 60.62 [94mAcc_c: 40.04 [94mAcc_g: 48.83 [92mF1_combined: 54.54 [92mF1_c: 38.93 [92mF1_g: 41.07 [39m
2026-07-26 06:27:05,139 - Agent - INFO - [37mModel saved successfully at: ./data/data/2025_data/synergy/CremadPlus/v2/SynIB_RMask_U_REFABL_cremad_lam0.5x_fold0_l0.5_ir0.5_perturbrandom_fillema_pmin0.20_refunimodal_anchor.pth.tar[39m
2026-07-26 06:28:51,810 - Agent - INFO - [37mVal Epoch 69 step 69 with [31mce_loss_combined : 1.065202 [31mce_loss_c : 1.560923 [31mce_loss_g : 1.517588 [31mkl_synergy_rand_1 : 0.157480 [31mkl_synergy_rand_2 : 0.148054 [31mkl_synergy_1 : 0.145075 [31mkl_synergy_2 : 0.137823 [31mtotal : 1.653633 [31mdiag_kl_1 : 0.579713 [31mdiag_kl_2 : 0.891794 [94mAcc_combined: 65.38 [94mAcc_c: 44.31 [94mAcc_g: 46.01 [92mF1_combined: 61.43 [92mF1_c: 43.16 [92mF1_g: 37.54 [39m
2026-07-26 06:28:51,829 - Agent - INFO - [37mTest Epoch 69 step 69 with [31mce_loss_combined : 1.195746 [31mce_loss_c : 1.737768 [31mce_loss_g : 1.539119 [31mkl_synergy_rand_1 : 0.167868 [31mkl_synergy_rand_2 : 0.136459 [31mkl_synergy_1 : 0.156460 [31mkl_synergy_2 : 0.130017 [31mtotal : 1.786550 [31mdiag_kl_1 : 0.570594 [31mdiag_kl_2 : 0.763976 [94mAcc_combined: 60.62 [94mAcc_c: 41.16 [94mAcc_g: 46.61 [92mF1_combined: 54.36 [92mF1_c: 39.76 [92mF1_g: 38.91 [39m
2026-07-26 06:30:44,622 - Agent - INFO - [37mVal Epoch 70 step 70 with [31mce_loss_combined : 1.049628 [31mce_loss_c : 1.551711 [31mce_loss_g : 1.494354 [31mkl_synergy_rand_1 : 0.151838 [31mkl_synergy_rand_2 : 0.146082 [31mkl_synergy_1 : 0.140720 [31mkl_synergy_2 : 0.131169 [31mtotal : 1.619437 [31mdiag_kl_1 : 0.579484 [31mdiag_kl_2 : 0.881936 [94mAcc_combined: 65.83 [94mAcc_c: 44.19 [94mAcc_g: 45.79 [92mF1_combined: 61.58 [92mF1_c: 43.29 [92mF1_g: 38.04 [39m
2026-07-26 06:30:44,649 - Agent - INFO - [37mTest Epoch 70 step 70 with [31mce_loss_combined : 1.183635 [31mce_loss_c : 1.718172 [31mce_loss_g : 1.536402 [31mkl_synergy_rand_1 : 0.171745 [31mkl_synergy_rand_2 : 0.137797 [31mkl_synergy_1 : 0.159380 [31mkl_synergy_2 : 0.122577 [31mtotal : 1.775134 [31mdiag_kl_1 : 0.596497 [31mdiag_kl_2 : 0.766406 [94mAcc_combined: 60.18 [94mAcc_c: 41.16 [94mAcc_g: 46.72 [92mF1_combined: 53.98 [92mF1_c: 39.84 [92mF1_g: 38.77 [39m
2026-07-26 06:32:44,262 - Agent - INFO - [37mVal Epoch 71 step 71 with [31mce_loss_combined : 1.067999 [31mce_loss_c : 1.571602 [31mce_loss_g : 1.496563 [31mkl_synergy_rand_1 : 0.157607 [31mkl_synergy_rand_2 : 0.149446 [31mkl_synergy_1 : 0.148452 [31mkl_synergy_2 : 0.139880 [31mtotal : 1.663385 [31mdiag_kl_1 : 0.611302 [31mdiag_kl_2 : 0.894488 [94mAcc_combined: 65.49 [94mAcc_c: 44.19 [94mAcc_g: 45.79 [92mF1_combined: 62.33 [92mF1_c: 42.78 [92mF1_g: 36.50 [39m
2026-07-26 06:32:44,279 - Agent - INFO - [37mTest Epoch 71 step 71 with [31mce_loss_combined : 1.209298 [31mce_loss_c : 1.719316 [31mce_loss_g : 1.539934 [31mkl_synergy_rand_1 : 0.168316 [31mkl_synergy_rand_2 : 0.143645 [31mkl_synergy_1 : 0.155131 [31mkl_synergy_2 : 0.129478 [31mtotal : 1.805868 [31mdiag_kl_1 : 0.588720 [31mdiag_kl_2 : 0.757167 [94mAcc_combined: 60.29 [94mAcc_c: 41.38 [94mAcc_g: 47.94 [92mF1_combined: 54.70 [92mF1_c: 39.91 [92mF1_g: 38.97 [39m
2026-07-26 06:34:40,675 - Evaluator - INFO - New best with loss-
2026-07-26 06:34:40,676 - Agent - INFO - [37mVal Epoch 72 step 72 with [31mce_loss_combined : 1.039814 [31mce_loss_c : 1.532872 [31mce_loss_g : 1.473593 [31mkl_synergy_rand_1 : 0.152432 [31mkl_synergy_rand_2 : 0.140934 [31mkl_synergy_1 : 0.140643 [31mkl_synergy_2 : 0.126099 [31mtotal : 1.599922 [31mdiag_kl_1 : 0.553515 [31mdiag_kl_2 : 0.871896 [94mAcc_combined: 66.74 [94mAcc_c: 43.96 [94mAcc_g: 47.49 [92mF1_combined: 61.17 [92mF1_c: 42.40 [92mF1_g: 39.49 [39m
2026-07-26 06:34:40,698 - Agent - INFO - [37mTest Epoch 72 step 72 with [31mce_loss_combined : 1.185024 [31mce_loss_c : 1.690238 [31mce_loss_g : 1.523685 [31mkl_synergy_rand_1 : 0.163760 [31mkl_synergy_rand_2 : 0.142477 [31mkl_synergy_1 : 0.158033 [31mkl_synergy_2 : 0.115508 [31mtotal : 1.764804 [31mdiag_kl_1 : 0.565534 [31mdiag_kl_2 : 0.758939 [94mAcc_combined: 61.51 [94mAcc_c: 41.82 [94mAcc_g: 48.05 [92mF1_combined: 54.59 [92mF1_c: 40.11 [92mF1_g: 40.31 [39m
2026-07-26 06:34:43,904 - Agent - INFO - [37mModel saved successfully at: ./data/data/2025_data/synergy/CremadPlus/v2/SynIB_RMask_U_REFABL_cremad_lam0.5x_fold0_l0.5_ir0.5_perturbrandom_fillema_pmin0.20_refunimodal_anchor.pth.tar[39m
2026-07-26 06:36:41,461 - Agent - INFO - [37mVal Epoch 73 step 73 with [31mce_loss_combined : 1.060039 [31mce_loss_c : 1.546294 [31mce_loss_g : 1.495966 [31mkl_synergy_rand_1 : 0.143118 [31mkl_synergy_rand_2 : 0.142847 [31mkl_synergy_1 : 0.132999 [31mkl_synergy_2 : 0.131198 [31mtotal : 1.610200 [31mdiag_kl_1 : 0.569671 [31mdiag_kl_2 : 0.888065 [94mAcc_combined: 65.83 [94mAcc_c: 43.62 [94mAcc_g: 46.24 [92mF1_combined: 61.90 [92mF1_c: 41.80 [92mF1_g: 38.09 [39m
2026-07-26 06:36:41,476 - Agent - INFO - [37mTest Epoch 73 step 73 with [31mce_loss_combined : 1.208349 [31mce_loss_c : 1.700798 [31mce_loss_g : 1.530196 [31mkl_synergy_rand_1 : 0.155932 [31mkl_synergy_rand_2 : 0.144591 [31mkl_synergy_1 : 0.144105 [31mkl_synergy_2 : 0.118573 [31mtotal : 1.771550 [31mdiag_kl_1 : 0.570838 [31mdiag_kl_2 : 0.770437 [94mAcc_combined: 61.07 [94mAcc_c: 40.71 [94mAcc_g: 47.94 [92mF1_combined: 54.99 [92mF1_c: 38.78 [92mF1_g: 39.26 [39m
2026-07-26 06:38:29,879 - Agent - INFO - [37mVal Epoch 74 step 74 with [31mce_loss_combined : 1.059765 [31mce_loss_c : 1.526745 [31mce_loss_g : 1.481467 [31mkl_synergy_rand_1 : 0.151771 [31mkl_synergy_rand_2 : 0.136784 [31mkl_synergy_1 : 0.142870 [31mkl_synergy_2 : 0.121667 [31mtotal : 1.612858 [31mdiag_kl_1 : 0.588537 [31mdiag_kl_2 : 0.851074 [94mAcc_combined: 66.40 [94mAcc_c: 43.85 [94mAcc_g: 46.81 [92mF1_combined: 61.38 [92mF1_c: 42.27 [92mF1_g: 37.70 [39m
2026-07-26 06:38:29,897 - Agent - INFO - [37mTest Epoch 74 step 74 with [31mce_loss_combined : 1.223779 [31mce_loss_c : 1.679222 [31mce_loss_g : 1.536421 [31mkl_synergy_rand_1 : 0.161512 [31mkl_synergy_rand_2 : 0.128980 [31mkl_synergy_1 : 0.152003 [31mkl_synergy_2 : 0.114016 [31mtotal : 1.780291 [31mdiag_kl_1 : 0.588468 [31mdiag_kl_2 : 0.742897 [94mAcc_combined: 59.96 [94mAcc_c: 41.05 [94mAcc_g: 47.72 [92mF1_combined: 53.58 [92mF1_c: 39.45 [92mF1_g: 38.36 [39m
2026-07-26 06:40:27,101 - Agent - INFO - [37mVal Epoch 75 step 75 with [31mce_loss_combined : 1.059180 [31mce_loss_c : 1.532624 [31mce_loss_g : 1.465720 [31mkl_synergy_rand_1 : 0.146639 [31mkl_synergy_rand_2 : 0.133918 [31mkl_synergy_1 : 0.136642 [31mkl_synergy_2 : 0.125908 [31mtotal : 1.602286 [31mdiag_kl_1 : 0.595991 [31mdiag_kl_2 : 0.847286 [94mAcc_combined: 66.29 [94mAcc_c: 43.62 [94mAcc_g: 48.18 [92mF1_combined: 61.22 [92mF1_c: 40.98 [92mF1_g: 39.66 [39m
2026-07-26 06:40:27,131 - Agent - INFO - [37mTest Epoch 75 step 75 with [31mce_loss_combined : 1.216919 [31mce_loss_c : 1.682640 [31mce_loss_g : 1.526932 [31mkl_synergy_rand_1 : 0.151220 [31mkl_synergy_rand_2 : 0.128031 [31mkl_synergy_1 : 0.145273 [31mkl_synergy_2 : 0.118170 [31mtotal : 1.759613 [31mdiag_kl_1 : 0.600414 [31mdiag_kl_2 : 0.732512 [94mAcc_combined: 60.62 [94mAcc_c: 41.38 [94mAcc_g: 48.39 [92mF1_combined: 54.28 [92mF1_c: 38.78 [92mF1_g: 39.65 [39m
2026-07-26 06:42:26,147 - Agent - INFO - [37mVal Epoch 76 step 76 with [31mce_loss_combined : 1.056286 [31mce_loss_c : 1.529248 [31mce_loss_g : 1.466817 [31mkl_synergy_rand_1 : 0.135926 [31mkl_synergy_rand_2 : 0.138172 [31mkl_synergy_1 : 0.128337 [31mkl_synergy_2 : 0.126880 [31mtotal : 1.585601 [31mdiag_kl_1 : 0.574766 [31mdiag_kl_2 : 0.852459 [94mAcc_combined: 66.40 [94mAcc_c: 42.71 [94mAcc_g: 48.41 [92mF1_combined: 62.00 [92mF1_c: 40.21 [92mF1_g: 40.24 [39m
2026-07-26 06:42:26,200 - Agent - INFO - [37mTest Epoch 76 step 76 with [31mce_loss_combined : 1.202948 [31mce_loss_c : 1.675869 [31mce_loss_g : 1.528790 [31mkl_synergy_rand_1 : 0.150089 [31mkl_synergy_rand_2 : 0.133198 [31mkl_synergy_1 : 0.141809 [31mkl_synergy_2 : 0.115086 [31mtotal : 1.743129 [31mdiag_kl_1 : 0.588888 [31mdiag_kl_2 : 0.750208 [94mAcc_combined: 60.51 [94mAcc_c: 41.38 [94mAcc_g: 48.28 [92mF1_combined: 54.43 [92mF1_c: 39.26 [92mF1_g: 39.38 [39m
2026-07-26 06:44:18,626 - Agent - INFO - [37mVal Epoch 77 step 77 with [31mce_loss_combined : 1.078863 [31mce_loss_c : 1.544337 [31mce_loss_g : 1.458131 [31mkl_synergy_rand_1 : 0.136964 [31mkl_synergy_rand_2 : 0.145763 [31mkl_synergy_1 : 0.129265 [31mkl_synergy_2 : 0.134028 [31mtotal : 1.624883 [31mdiag_kl_1 : 0.609998 [31mdiag_kl_2 : 0.891710 [94mAcc_combined: 65.72 [94mAcc_c: 42.14 [94mAcc_g: 47.61 [92mF1_combined: 62.43 [92mF1_c: 39.43 [92mF1_g: 39.25 [39m
2026-07-26 06:44:18,652 - Agent - INFO - [37mTest Epoch 77 step 77 with [31mce_loss_combined : 1.226365 [31mce_loss_c : 1.668884 [31mce_loss_g : 1.513572 [31mkl_synergy_rand_1 : 0.144254 [31mkl_synergy_rand_2 : 0.142668 [31mkl_synergy_1 : 0.142660 [31mkl_synergy_2 : 0.122399 [31mtotal : 1.778345 [31mdiag_kl_1 : 0.603092 [31mdiag_kl_2 : 0.760934 [94mAcc_combined: 59.29 [94mAcc_c: 41.16 [94mAcc_g: 48.61 [92mF1_combined: 53.73 [92mF1_c: 38.96 [92mF1_g: 40.53 [39m
2026-07-26 06:46:07,068 - Agent - INFO - [37mVal Epoch 78 step 78 with [31mce_loss_combined : 1.054957 [31mce_loss_c : 1.510820 [31mce_loss_g : 1.443405 [31mkl_synergy_rand_1 : 0.138414 [31mkl_synergy_rand_2 : 0.135163 [31mkl_synergy_1 : 0.130452 [31mkl_synergy_2 : 0.124847 [31mtotal : 1.583833 [31mdiag_kl_1 : 0.587847 [31mdiag_kl_2 : 0.858364 [94mAcc_combined: 66.86 [94mAcc_c: 43.96 [94mAcc_g: 49.32 [92mF1_combined: 62.32 [92mF1_c: 41.10 [92mF1_g: 40.71 [39m
2026-07-26 06:46:07,083 - Agent - INFO - [37mTest Epoch 78 step 78 with [31mce_loss_combined : 1.205688 [31mce_loss_c : 1.645060 [31mce_loss_g : 1.511877 [31mkl_synergy_rand_1 : 0.143933 [31mkl_synergy_rand_2 : 0.138540 [31mkl_synergy_1 : 0.133866 [31mkl_synergy_2 : 0.110464 [31mtotal : 1.732491 [31mdiag_kl_1 : 0.590774 [31mdiag_kl_2 : 0.750278 [94mAcc_combined: 59.62 [94mAcc_c: 42.49 [94mAcc_g: 49.39 [92mF1_combined: 53.48 [92mF1_c: 39.82 [92mF1_g: 41.07 [39m
2026-07-26 06:48:06,608 - Agent - INFO - [37mVal Epoch 79 step 79 with [31mce_loss_combined : 1.074286 [31mce_loss_c : 1.530727 [31mce_loss_g : 1.465845 [31mkl_synergy_rand_1 : 0.136934 [31mkl_synergy_rand_2 : 0.134845 [31mkl_synergy_1 : 0.128830 [31mkl_synergy_2 : 0.121899 [31mtotal : 1.596793 [31mdiag_kl_1 : 0.602766 [31mdiag_kl_2 : 0.871899 [94mAcc_combined: 65.72 [94mAcc_c: 42.48 [94mAcc_g: 48.41 [92mF1_combined: 61.74 [92mF1_c: 39.29 [92mF1_g: 39.03 [39m
2026-07-26 06:48:06,623 - Agent - INFO - [37mTest Epoch 79 step 79 with [31mce_loss_combined : 1.242224 [31mce_loss_c : 1.655681 [31mce_loss_g : 1.527354 [31mkl_synergy_rand_1 : 0.141696 [31mkl_synergy_rand_2 : 0.129618 [31mkl_synergy_1 : 0.129313 [31mkl_synergy_2 : 0.114945 [31mtotal : 1.757796 [31mdiag_kl_1 : 0.587179 [31mdiag_kl_2 : 0.744842 [94mAcc_combined: 59.29 [94mAcc_c: 42.16 [94mAcc_g: 49.39 [92mF1_combined: 53.66 [92mF1_c: 39.41 [92mF1_g: 40.36 [39m
2026-07-26 06:50:03,107 - Evaluator - INFO - New best with accuracy-
2026-07-26 06:50:03,110 - Agent - INFO - [37mVal Epoch 80 step 80 with [31mce_loss_combined : 1.049444 [31mce_loss_c : 1.514432 [31mce_loss_g : 1.451435 [31mkl_synergy_rand_1 : 0.143403 [31mkl_synergy_rand_2 : 0.129860 [31mkl_synergy_1 : 0.133787 [31mkl_synergy_2 : 0.118703 [31mtotal : 1.575197 [31mdiag_kl_1 : 0.589916 [31mdiag_kl_2 : 0.839617 [94mAcc_combined: 67.08 [94mAcc_c: 43.28 [94mAcc_g: 49.89 [92mF1_combined: 61.65 [92mF1_c: 40.06 [92mF1_g: 40.63 [39m
2026-07-26 06:50:03,744 - Agent - INFO - [37mTest Epoch 80 step 80 with [31mce_loss_combined : 1.213740 [31mce_loss_c : 1.638911 [31mce_loss_g : 1.531645 [31mkl_synergy_rand_1 : 0.143912 [31mkl_synergy_rand_2 : 0.132869 [31mkl_synergy_1 : 0.140638 [31mkl_synergy_2 : 0.108546 [31mtotal : 1.739705 [31mdiag_kl_1 : 0.591685 [31mdiag_kl_2 : 0.724716 [94mAcc_combined: 60.85 [94mAcc_c: 42.60 [94mAcc_g: 48.28 [92mF1_combined: 54.62 [92mF1_c: 39.58 [92mF1_g: 38.80 [39m
2026-07-26 06:50:06,943 - Agent - INFO - [37mModel saved successfully at: ./data/data/2025_data/synergy/CremadPlus/v2/SynIB_RMask_U_REFABL_cremad_lam0.5x_fold0_l0.5_ir0.5_perturbrandom_fillema_pmin0.20_refunimodal_anchor.pth.tar[39m
2026-07-26 06:52:04,230 - Agent - INFO - [37mVal Epoch 81 step 81 with [31mce_loss_combined : 1.055504 [31mce_loss_c : 1.497253 [31mce_loss_g : 1.448727 [31mkl_synergy_rand_1 : 0.133638 [31mkl_synergy_rand_2 : 0.128434 [31mkl_synergy_1 : 0.124431 [31mkl_synergy_2 : 0.116747 [31mtotal : 1.558752 [31mdiag_kl_1 : 0.565383 [31mdiag_kl_2 : 0.823078 [94mAcc_combined: 66.97 [94mAcc_c: 44.31 [94mAcc_g: 49.54 [92mF1_combined: 60.93 [92mF1_c: 41.21 [92mF1_g: 40.38 [39m
2026-07-26 06:52:04,252 - Agent - INFO - [37mTest Epoch 81 step 81 with [31mce_loss_combined : 1.203713 [31mce_loss_c : 1.608252 [31mce_loss_g : 1.516664 [31mkl_synergy_rand_1 : 0.140536 [31mkl_synergy_rand_2 : 0.122787 [31mkl_synergy_1 : 0.135499 [31mkl_synergy_2 : 0.106099 [31mtotal : 1.708633 [31mdiag_kl_1 : 0.578626 [31mdiag_kl_2 : 0.728959 [94mAcc_combined: 60.73 [94mAcc_c: 43.05 [94mAcc_g: 48.16 [92mF1_combined: 54.10 [92mF1_c: 40.11 [92mF1_g: 39.02 [39m
2026-07-26 06:53:57,602 - Agent - INFO - [37mVal Epoch 82 step 82 with [31mce_loss_combined : 1.064335 [31mce_loss_c : 1.488996 [31mce_loss_g : 1.459545 [31mkl_synergy_rand_1 : 0.132592 [31mkl_synergy_rand_2 : 0.125354 [31mkl_synergy_1 : 0.125708 [31mkl_synergy_2 : 0.116354 [31mtotal : 1.564343 [31mdiag_kl_1 : 0.574170 [31mdiag_kl_2 : 0.829151 [94mAcc_combined: 66.63 [94mAcc_c: 44.99 [94mAcc_g: 49.32 [92mF1_combined: 60.49 [92mF1_c: 41.69 [92mF1_g: 39.89 [39m
2026-07-26 06:53:57,618 - Agent - INFO - [37mTest Epoch 82 step 82 with [31mce_loss_combined : 1.218807 [31mce_loss_c : 1.600986 [31mce_loss_g : 1.525498 [31mkl_synergy_rand_1 : 0.136875 [31mkl_synergy_rand_2 : 0.133978 [31mkl_synergy_1 : 0.128980 [31mkl_synergy_2 : 0.111810 [31mtotal : 1.730451 [31mdiag_kl_1 : 0.581044 [31mdiag_kl_2 : 0.725870 [94mAcc_combined: 60.73 [94mAcc_c: 43.94 [94mAcc_g: 48.61 [92mF1_combined: 54.17 [92mF1_c: 40.75 [92mF1_g: 39.77 [39m
2026-07-26 06:55:51,687 - Agent - INFO - [37mVal Epoch 83 step 83 with [31mce_loss_combined : 1.084219 [31mce_loss_c : 1.506295 [31mce_loss_g : 1.450974 [31mkl_synergy_rand_1 : 0.135783 [31mkl_synergy_rand_2 : 0.132642 [31mkl_synergy_1 : 0.127917 [31mkl_synergy_2 : 0.123897 [31mtotal : 1.604458 [31mdiag_kl_1 : 0.632317 [31mdiag_kl_2 : 0.830249 [94mAcc_combined: 64.81 [94mAcc_c: 43.05 [94mAcc_g: 49.32 [92mF1_combined: 61.22 [92mF1_c: 39.49 [92mF1_g: 40.30 [39m
2026-07-26 06:55:51,714 - Agent - INFO - [37mTest Epoch 83 step 83 with [31mce_loss_combined : 1.226032 [31mce_loss_c : 1.616201 [31mce_loss_g : 1.518061 [31mkl_synergy_rand_1 : 0.137356 [31mkl_synergy_rand_2 : 0.126134 [31mkl_synergy_1 : 0.134907 [31mkl_synergy_2 : 0.115172 [31mtotal : 1.739601 [31mdiag_kl_1 : 0.636831 [31mdiag_kl_2 : 0.718908 [94mAcc_combined: 60.07 [94mAcc_c: 43.38 [94mAcc_g: 47.94 [92mF1_combined: 55.15 [92mF1_c: 40.36 [92mF1_g: 38.81 [39m
2026-07-26 06:57:54,398 - Agent - INFO - [37mVal Epoch 84 step 84 with [31mce_loss_combined : 1.053752 [31mce_loss_c : 1.484481 [31mce_loss_g : 1.449060 [31mkl_synergy_rand_1 : 0.126784 [31mkl_synergy_rand_2 : 0.126252 [31mkl_synergy_1 : 0.123210 [31mkl_synergy_2 : 0.115326 [31mtotal : 1.545324 [31mdiag_kl_1 : 0.561115 [31mdiag_kl_2 : 0.822083 [94mAcc_combined: 66.29 [94mAcc_c: 46.36 [94mAcc_g: 49.77 [92mF1_combined: 60.08 [92mF1_c: 42.30 [92mF1_g: 41.39 [39m
2026-07-26 06:57:54,424 - Agent - INFO - [37mTest Epoch 84 step 84 with [31mce_loss_combined : 1.201191 [31mce_loss_c : 1.593243 [31mce_loss_g : 1.513088 [31mkl_synergy_rand_1 : 0.133280 [31mkl_synergy_rand_2 : 0.130612 [31mkl_synergy_1 : 0.124652 [31mkl_synergy_2 : 0.106572 [31mtotal : 1.696306 [31mdiag_kl_1 : 0.576697 [31mdiag_kl_2 : 0.732314 [94mAcc_combined: 61.18 [94mAcc_c: 44.94 [94mAcc_g: 48.83 [92mF1_combined: 54.64 [92mF1_c: 41.07 [92mF1_g: 40.33 [39m
2026-07-26 06:59:53,255 - Agent - INFO - [37mVal Epoch 85 step 85 with [31mce_loss_combined : 1.074717 [31mce_loss_c : 1.494669 [31mce_loss_g : 1.462626 [31mkl_synergy_rand_1 : 0.131882 [31mkl_synergy_rand_2 : 0.126652 [31mkl_synergy_1 : 0.122773 [31mkl_synergy_2 : 0.117753 [31mtotal : 1.573776 [31mdiag_kl_1 : 0.595270 [31mdiag_kl_2 : 0.824419 [94mAcc_combined: 66.29 [94mAcc_c: 43.96 [94mAcc_g: 48.75 [92mF1_combined: 61.17 [92mF1_c: 40.18 [92mF1_g: 39.66 [39m
2026-07-26 06:59:53,271 - Agent - INFO - [37mTest Epoch 85 step 85 with [31mce_loss_combined : 1.235606 [31mce_loss_c : 1.591245 [31mce_loss_g : 1.523104 [31mkl_synergy_rand_1 : 0.131497 [31mkl_synergy_rand_2 : 0.124304 [31mkl_synergy_1 : 0.125070 [31mkl_synergy_2 : 0.114524 [31mtotal : 1.731002 [31mdiag_kl_1 : 0.590554 [31mdiag_kl_2 : 0.708985 [94mAcc_combined: 59.62 [94mAcc_c: 43.94 [94mAcc_g: 48.39 [92mF1_combined: 53.70 [92mF1_c: 40.58 [92mF1_g: 39.36 [39m
2026-07-26 07:01:45,723 - Agent - INFO - [37mVal Epoch 86 step 86 with [31mce_loss_combined : 1.078470 [31mce_loss_c : 1.484922 [31mce_loss_g : 1.461867 [31mkl_synergy_rand_1 : 0.128970 [31mkl_synergy_rand_2 : 0.123639 [31mkl_synergy_1 : 0.121390 [31mkl_synergy_2 : 0.118612 [31mtotal : 1.571081 [31mdiag_kl_1 : 0.606997 [31mdiag_kl_2 : 0.822094 [94mAcc_combined: 65.49 [94mAcc_c: 44.87 [94mAcc_g: 48.41 [92mF1_combined: 60.84 [92mF1_c: 40.63 [92mF1_g: 39.10 [39m
2026-07-26 07:01:45,738 - Agent - INFO - [37mTest Epoch 86 step 86 with [31mce_loss_combined : 1.223602 [31mce_loss_c : 1.598042 [31mce_loss_g : 1.524941 [31mkl_synergy_rand_1 : 0.131599 [31mkl_synergy_rand_2 : 0.117924 [31mkl_synergy_1 : 0.123625 [31mkl_synergy_2 : 0.108337 [31mtotal : 1.705086 [31mdiag_kl_1 : 0.603256 [31mdiag_kl_2 : 0.706803 [94mAcc_combined: 60.29 [94mAcc_c: 44.27 [94mAcc_g: 47.72 [92mF1_combined: 54.53 [92mF1_c: 40.87 [92mF1_g: 38.72 [39m
2026-07-26 07:03:27,120 - Agent - INFO - [37mVal Epoch 87 step 87 with [31mce_loss_combined : 1.075499 [31mce_loss_c : 1.479798 [31mce_loss_g : 1.456227 [31mkl_synergy_rand_1 : 0.132647 [31mkl_synergy_rand_2 : 0.124294 [31mkl_synergy_1 : 0.124705 [31mkl_synergy_2 : 0.115251 [31mtotal : 1.572395 [31mdiag_kl_1 : 0.590314 [31mdiag_kl_2 : 0.807474 [94mAcc_combined: 65.95 [94mAcc_c: 45.90 [94mAcc_g: 49.89 [92mF1_combined: 60.34 [92mF1_c: 41.61 [92mF1_g: 40.88 [39m
2026-07-26 07:03:27,179 - Agent - INFO - [37mTest Epoch 87 step 87 with [31mce_loss_combined : 1.213696 [31mce_loss_c : 1.575330 [31mce_loss_g : 1.519106 [31mkl_synergy_rand_1 : 0.132799 [31mkl_synergy_rand_2 : 0.121704 [31mkl_synergy_1 : 0.126289 [31mkl_synergy_2 : 0.112468 [31mtotal : 1.706956 [31mdiag_kl_1 : 0.594387 [31mdiag_kl_2 : 0.708737 [94mAcc_combined: 60.85 [94mAcc_c: 44.94 [94mAcc_g: 47.61 [92mF1_combined: 54.97 [92mF1_c: 41.09 [92mF1_g: 38.08 [39m
2026-07-26 07:05:11,077 - Agent - INFO - [37mVal Epoch 88 step 88 with [31mce_loss_combined : 1.066617 [31mce_loss_c : 1.474666 [31mce_loss_g : 1.442178 [31mkl_synergy_rand_1 : 0.129625 [31mkl_synergy_rand_2 : 0.123771 [31mkl_synergy_1 : 0.125230 [31mkl_synergy_2 : 0.116499 [31mtotal : 1.561742 [31mdiag_kl_1 : 0.597504 [31mdiag_kl_2 : 0.805474 [94mAcc_combined: 66.63 [94mAcc_c: 45.44 [94mAcc_g: 50.46 [92mF1_combined: 61.17 [92mF1_c: 41.70 [92mF1_g: 40.73 [39m
2026-07-26 07:05:11,138 - Agent - INFO - [37mTest Epoch 88 step 88 with [31mce_loss_combined : 1.226644 [31mce_loss_c : 1.567731 [31mce_loss_g : 1.529066 [31mkl_synergy_rand_1 : 0.128322 [31mkl_synergy_rand_2 : 0.125358 [31mkl_synergy_1 : 0.124186 [31mkl_synergy_2 : 0.109049 [31mtotal : 1.713558 [31mdiag_kl_1 : 0.598992 [31mdiag_kl_2 : 0.702980 [94mAcc_combined: 59.96 [94mAcc_c: 44.61 [94mAcc_g: 47.94 [92mF1_combined: 53.83 [92mF1_c: 41.08 [92mF1_g: 38.57 [39m
2026-07-26 07:06:52,035 - Agent - INFO - [37mVal Epoch 89 step 89 with [31mce_loss_combined : 1.067590 [31mce_loss_c : 1.471019 [31mce_loss_g : 1.432867 [31mkl_synergy_rand_1 : 0.124574 [31mkl_synergy_rand_2 : 0.126950 [31mkl_synergy_1 : 0.116725 [31mkl_synergy_2 : 0.121346 [31mtotal : 1.557185 [31mdiag_kl_1 : 0.587501 [31mdiag_kl_2 : 0.816336 [94mAcc_combined: 66.06 [94mAcc_c: 46.81 [94mAcc_g: 50.34 [92mF1_combined: 60.79 [92mF1_c: 42.53 [92mF1_g: 40.90 [39m
2026-07-26 07:06:52,050 - Agent - INFO - [37mTest Epoch 89 step 89 with [31mce_loss_combined : 1.211308 [31mce_loss_c : 1.564142 [31mce_loss_g : 1.498858 [31mkl_synergy_rand_1 : 0.127394 [31mkl_synergy_rand_2 : 0.126345 [31mkl_synergy_1 : 0.117423 [31mkl_synergy_2 : 0.114347 [31mtotal : 1.696818 [31mdiag_kl_1 : 0.591298 [31mdiag_kl_2 : 0.707927 [94mAcc_combined: 60.07 [94mAcc_c: 44.72 [94mAcc_g: 49.28 [92mF1_combined: 54.07 [92mF1_c: 40.83 [92mF1_g: 40.80 [39m
2026-07-26 07:08:36,835 - Agent - INFO - [37mVal Epoch 90 step 90 with [31mce_loss_combined : 1.058317 [31mce_loss_c : 1.463967 [31mce_loss_g : 1.443843 [31mkl_synergy_rand_1 : 0.130299 [31mkl_synergy_rand_2 : 0.119599 [31mkl_synergy_1 : 0.124456 [31mkl_synergy_2 : 0.115648 [31mtotal : 1.548319 [31mdiag_kl_1 : 0.588697 [31mdiag_kl_2 : 0.787893 [94mAcc_combined: 66.86 [94mAcc_c: 46.58 [94mAcc_g: 50.00 [92mF1_combined: 60.42 [92mF1_c: 42.41 [92mF1_g: 39.86 [39m
2026-07-26 07:08:36,850 - Agent - INFO - [37mTest Epoch 90 step 90 with [31mce_loss_combined : 1.222150 [31mce_loss_c : 1.556462 [31mce_loss_g : 1.537718 [31mkl_synergy_rand_1 : 0.129217 [31mkl_synergy_rand_2 : 0.130696 [31mkl_synergy_1 : 0.123721 [31mkl_synergy_2 : 0.109792 [31mtotal : 1.715576 [31mdiag_kl_1 : 0.599233 [31mdiag_kl_2 : 0.697116 [94mAcc_combined: 60.96 [94mAcc_c: 45.05 [94mAcc_g: 47.72 [92mF1_combined: 54.63 [92mF1_c: 41.24 [92mF1_g: 37.76 [39m
2026-07-26 07:10:24,574 - Agent - INFO - [37mVal Epoch 91 step 91 with [31mce_loss_combined : 1.088805 [31mce_loss_c : 1.471561 [31mce_loss_g : 1.445239 [31mkl_synergy_rand_1 : 0.127187 [31mkl_synergy_rand_2 : 0.132726 [31mkl_synergy_1 : 0.125644 [31mkl_synergy_2 : 0.127367 [31mtotal : 1.601729 [31mdiag_kl_1 : 0.621760 [31mdiag_kl_2 : 0.830684 [94mAcc_combined: 64.01 [94mAcc_c: 45.22 [94mAcc_g: 49.89 [92mF1_combined: 60.38 [92mF1_c: 41.48 [92mF1_g: 40.97 [39m
2026-07-26 07:10:24,590 - Agent - INFO - [37mTest Epoch 91 step 91 with [31mce_loss_combined : 1.227986 [31mce_loss_c : 1.557662 [31mce_loss_g : 1.500232 [31mkl_synergy_rand_1 : 0.129393 [31mkl_synergy_rand_2 : 0.130967 [31mkl_synergy_1 : 0.123385 [31mkl_synergy_2 : 0.116875 [31mtotal : 1.728606 [31mdiag_kl_1 : 0.622661 [31mdiag_kl_2 : 0.702781 [94mAcc_combined: 59.07 [94mAcc_c: 45.16 [94mAcc_g: 48.28 [92mF1_combined: 53.95 [92mF1_c: 41.39 [92mF1_g: 39.73 [39m
2026-07-26 07:12:12,374 - Agent - INFO - [37mVal Epoch 92 step 92 with [31mce_loss_combined : 1.070070 [31mce_loss_c : 1.457082 [31mce_loss_g : 1.438188 [31mkl_synergy_rand_1 : 0.122009 [31mkl_synergy_rand_2 : 0.124575 [31mkl_synergy_1 : 0.118474 [31mkl_synergy_2 : 0.118136 [31mtotal : 1.553264 [31mdiag_kl_1 : 0.592094 [31mdiag_kl_2 : 0.810543 [94mAcc_combined: 65.72 [94mAcc_c: 46.92 [94mAcc_g: 50.00 [92mF1_combined: 60.31 [92mF1_c: 42.69 [92mF1_g: 40.68 [39m
2026-07-26 07:12:12,389 - Agent - INFO - [37mTest Epoch 92 step 92 with [31mce_loss_combined : 1.211567 [31mce_loss_c : 1.553563 [31mce_loss_g : 1.502300 [31mkl_synergy_rand_1 : 0.123298 [31mkl_synergy_rand_2 : 0.121448 [31mkl_synergy_1 : 0.116586 [31mkl_synergy_2 : 0.112726 [31mtotal : 1.685626 [31mdiag_kl_1 : 0.604192 [31mdiag_kl_2 : 0.694326 [94mAcc_combined: 60.96 [94mAcc_c: 45.05 [94mAcc_g: 48.61 [92mF1_combined: 54.81 [92mF1_c: 41.20 [92mF1_g: 39.47 [39m
2026-07-26 07:14:00,272 - Agent - INFO - [37mVal Epoch 93 step 93 with [31mce_loss_combined : 1.065999 [31mce_loss_c : 1.450168 [31mce_loss_g : 1.439992 [31mkl_synergy_rand_1 : 0.123344 [31mkl_synergy_rand_2 : 0.121968 [31mkl_synergy_1 : 0.117399 [31mkl_synergy_2 : 0.117557 [31mtotal : 1.546267 [31mdiag_kl_1 : 0.585877 [31mdiag_kl_2 : 0.797404 [94mAcc_combined: 66.51 [94mAcc_c: 47.49 [94mAcc_g: 50.23 [92mF1_combined: 60.55 [92mF1_c: 43.22 [92mF1_g: 40.98 [39m
2026-07-26 07:14:00,287 - Agent - INFO - [37mTest Epoch 93 step 93 with [31mce_loss_combined : 1.209938 [31mce_loss_c : 1.546551 [31mce_loss_g : 1.500440 [31mkl_synergy_rand_1 : 0.121335 [31mkl_synergy_rand_2 : 0.126056 [31mkl_synergy_1 : 0.114217 [31mkl_synergy_2 : 0.116144 [31mtotal : 1.687690 [31mdiag_kl_1 : 0.590784 [31mdiag_kl_2 : 0.698884 [94mAcc_combined: 61.07 [94mAcc_c: 44.94 [94mAcc_g: 48.94 [92mF1_combined: 54.78 [92mF1_c: 40.95 [92mF1_g: 40.32 [39m
2026-07-26 07:15:42,699 - Agent - INFO - [37mVal Epoch 94 step 94 with [31mce_loss_combined : 1.080947 [31mce_loss_c : 1.444226 [31mce_loss_g : 1.444747 [31mkl_synergy_rand_1 : 0.121779 [31mkl_synergy_rand_2 : 0.129035 [31mkl_synergy_1 : 0.115469 [31mkl_synergy_2 : 0.122948 [31mtotal : 1.570179 [31mdiag_kl_1 : 0.601707 [31mdiag_kl_2 : 0.824978 [94mAcc_combined: 65.03 [94mAcc_c: 47.15 [94mAcc_g: 49.54 [92mF1_combined: 60.18 [92mF1_c: 43.09 [92mF1_g: 40.91 [39m
2026-07-26 07:15:42,714 - Agent - INFO - [37mTest Epoch 94 step 94 with [31mce_loss_combined : 1.207711 [31mce_loss_c : 1.540612 [31mce_loss_g : 1.490511 [31mkl_synergy_rand_1 : 0.120472 [31mkl_synergy_rand_2 : 0.123252 [31mkl_synergy_1 : 0.118423 [31mkl_synergy_2 : 0.118193 [31mtotal : 1.688052 [31mdiag_kl_1 : 0.602313 [31mdiag_kl_2 : 0.697831 [94mAcc_combined: 59.62 [94mAcc_c: 44.83 [94mAcc_g: 48.05 [92mF1_combined: 54.10 [92mF1_c: 40.96 [92mF1_g: 39.31 [39m
2026-07-26 07:17:27,920 - Agent - INFO - [37mVal Epoch 95 step 95 with [31mce_loss_combined : 1.061085 [31mce_loss_c : 1.438151 [31mce_loss_g : 1.443238 [31mkl_synergy_rand_1 : 0.125061 [31mkl_synergy_rand_2 : 0.118739 [31mkl_synergy_1 : 0.121746 [31mkl_synergy_2 : 0.113888 [31mtotal : 1.540518 [31mdiag_kl_1 : 0.581810 [31mdiag_kl_2 : 0.798601 [94mAcc_combined: 66.51 [94mAcc_c: 47.49 [94mAcc_g: 50.68 [92mF1_combined: 59.54 [92mF1_c: 42.98 [92mF1_g: 41.17 [39m
2026-07-26 07:17:27,970 - Agent - INFO - [37mTest Epoch 95 step 95 with [31mce_loss_combined : 1.206103 [31mce_loss_c : 1.527958 [31mce_loss_g : 1.509827 [31mkl_synergy_rand_1 : 0.121613 [31mkl_synergy_rand_2 : 0.118742 [31mkl_synergy_1 : 0.122837 [31mkl_synergy_2 : 0.112418 [31mtotal : 1.681714 [31mdiag_kl_1 : 0.600816 [31mdiag_kl_2 : 0.687591 [94mAcc_combined: 61.51 [94mAcc_c: 45.38 [94mAcc_g: 46.61 [92mF1_combined: 55.04 [92mF1_c: 41.02 [92mF1_g: 37.11 [39m
2026-07-26 07:19:12,374 - Agent - INFO - [37mVal Epoch 96 step 96 with [31mce_loss_combined : 1.058010 [31mce_loss_c : 1.435827 [31mce_loss_g : 1.437043 [31mkl_synergy_rand_1 : 0.122100 [31mkl_synergy_rand_2 : 0.119578 [31mkl_synergy_1 : 0.116711 [31mkl_synergy_2 : 0.115090 [31mtotal : 1.531489 [31mdiag_kl_1 : 0.588893 [31mdiag_kl_2 : 0.791929 [94mAcc_combined: 66.86 [94mAcc_c: 47.38 [94mAcc_g: 51.48 [92mF1_combined: 59.90 [92mF1_c: 42.66 [92mF1_g: 41.78 [39m
2026-07-26 07:19:12,389 - Agent - INFO - [37mTest Epoch 96 step 96 with [31mce_loss_combined : 1.206288 [31mce_loss_c : 1.530905 [31mce_loss_g : 1.508940 [31mkl_synergy_rand_1 : 0.121432 [31mkl_synergy_rand_2 : 0.129058 [31mkl_synergy_1 : 0.117761 [31mkl_synergy_2 : 0.114456 [31mtotal : 1.688996 [31mdiag_kl_1 : 0.596972 [31mdiag_kl_2 : 0.692883 [94mAcc_combined: 62.18 [94mAcc_c: 45.83 [94mAcc_g: 47.39 [92mF1_combined: 55.57 [92mF1_c: 41.69 [92mF1_g: 38.48 [39m
2026-07-26 07:20:53,307 - Agent - INFO - [37mVal Epoch 97 step 97 with [31mce_loss_combined : 1.073011 [31mce_loss_c : 1.432022 [31mce_loss_g : 1.450442 [31mkl_synergy_rand_1 : 0.118809 [31mkl_synergy_rand_2 : 0.123024 [31mkl_synergy_1 : 0.116836 [31mkl_synergy_2 : 0.117651 [31mtotal : 1.549331 [31mdiag_kl_1 : 0.586819 [31mdiag_kl_2 : 0.802950 [94mAcc_combined: 66.40 [94mAcc_c: 48.29 [94mAcc_g: 49.89 [92mF1_combined: 59.69 [92mF1_c: 43.52 [92mF1_g: 40.01 [39m
2026-07-26 07:20:53,323 - Agent - INFO - [37mTest Epoch 97 step 97 with [31mce_loss_combined : 1.209889 [31mce_loss_c : 1.525554 [31mce_loss_g : 1.509623 [31mkl_synergy_rand_1 : 0.121439 [31mkl_synergy_rand_2 : 0.121540 [31mkl_synergy_1 : 0.113917 [31mkl_synergy_2 : 0.113817 [31mtotal : 1.680601 [31mdiag_kl_1 : 0.601943 [31mdiag_kl_2 : 0.683867 [94mAcc_combined: 60.96 [94mAcc_c: 45.94 [94mAcc_g: 48.16 [92mF1_combined: 54.61 [92mF1_c: 41.69 [92mF1_g: 38.85 [39m
2026-07-26 07:22:37,203 - Agent - INFO - [37mVal Epoch 98 step 98 with [31mce_loss_combined : 1.069387 [31mce_loss_c : 1.442014 [31mce_loss_g : 1.445235 [31mkl_synergy_rand_1 : 0.121597 [31mkl_synergy_rand_2 : 0.124300 [31mkl_synergy_1 : 0.120917 [31mkl_synergy_2 : 0.120554 [31mtotal : 1.556755 [31mdiag_kl_1 : 0.605258 [31mdiag_kl_2 : 0.795710 [94mAcc_combined: 66.06 [94mAcc_c: 47.72 [94mAcc_g: 50.68 [92mF1_combined: 60.93 [92mF1_c: 43.31 [92mF1_g: 41.05 [39m
2026-07-26 07:22:37,218 - Agent - INFO - [37mTest Epoch 98 step 98 with [31mce_loss_combined : 1.213956 [31mce_loss_c : 1.531477 [31mce_loss_g : 1.510217 [31mkl_synergy_rand_1 : 0.121923 [31mkl_synergy_rand_2 : 0.122175 [31mkl_synergy_1 : 0.120120 [31mkl_synergy_2 : 0.113979 [31mtotal : 1.692153 [31mdiag_kl_1 : 0.606817 [31mdiag_kl_2 : 0.685932 [94mAcc_combined: 60.18 [94mAcc_c: 45.49 [94mAcc_g: 47.27 [92mF1_combined: 54.20 [92mF1_c: 41.27 [92mF1_g: 38.15 [39m
2026-07-26 07:24:23,013 - Agent - INFO - [37mVal Epoch 99 step 99 with [31mce_loss_combined : 1.070657 [31mce_loss_c : 1.429951 [31mce_loss_g : 1.454662 [31mkl_synergy_rand_1 : 0.120193 [31mkl_synergy_rand_2 : 0.119111 [31mkl_synergy_1 : 0.115665 [31mkl_synergy_2 : 0.117613 [31mtotal : 1.543238 [31mdiag_kl_1 : 0.589702 [31mdiag_kl_2 : 0.786736 [94mAcc_combined: 66.51 [94mAcc_c: 49.43 [94mAcc_g: 49.66 [92mF1_combined: 59.67 [92mF1_c: 44.34 [92mF1_g: 39.69 [39m
2026-07-26 07:24:23,028 - Agent - INFO - [37mTest Epoch 99 step 99 with [31mce_loss_combined : 1.208325 [31mce_loss_c : 1.522621 [31mce_loss_g : 1.511542 [31mkl_synergy_rand_1 : 0.118608 [31mkl_synergy_rand_2 : 0.122910 [31mkl_synergy_1 : 0.115513 [31mkl_synergy_2 : 0.120826 [31mtotal : 1.686182 [31mdiag_kl_1 : 0.602896 [31mdiag_kl_2 : 0.683095 [94mAcc_combined: 61.29 [94mAcc_c: 46.16 [94mAcc_g: 48.05 [92mF1_combined: 54.51 [92mF1_c: 41.46 [92mF1_g: 38.54 [39m
2026-07-26 07:26:11,633 - Agent - INFO - [37mVal Epoch 100 step 100 with [31mce_loss_combined : 1.069247 [31mce_loss_c : 1.430340 [31mce_loss_g : 1.455940 [31mkl_synergy_rand_1 : 0.122949 [31mkl_synergy_rand_2 : 0.120680 [31mkl_synergy_1 : 0.119247 [31mkl_synergy_2 : 0.117199 [31mtotal : 1.549322 [31mdiag_kl_1 : 0.601851 [31mdiag_kl_2 : 0.792461 [94mAcc_combined: 65.95 [94mAcc_c: 48.86 [94mAcc_g: 49.32 [92mF1_combined: 59.48 [92mF1_c: 43.95 [92mF1_g: 39.48 [39m
2026-07-26 07:26:11,649 - Agent - INFO - [37mTest Epoch 100 step 100 with [31mce_loss_combined : 1.217197 [31mce_loss_c : 1.518165 [31mce_loss_g : 1.520378 [31mkl_synergy_rand_1 : 0.120531 [31mkl_synergy_rand_2 : 0.118078 [31mkl_synergy_1 : 0.114448 [31mkl_synergy_2 : 0.112760 [31mtotal : 1.683016 [31mdiag_kl_1 : 0.604308 [31mdiag_kl_2 : 0.674213 [94mAcc_combined: 60.40 [94mAcc_c: 45.83 [94mAcc_g: 47.16 [92mF1_combined: 54.09 [92mF1_c: 41.32 [92mF1_g: 37.53 [39m
2026-07-26 07:27:57,096 - Agent - INFO - [37mVal Epoch 101 step 101 with [31mce_loss_combined : 1.066610 [31mce_loss_c : 1.423720 [31mce_loss_g : 1.442722 [31mkl_synergy_rand_1 : 0.116708 [31mkl_synergy_rand_2 : 0.125614 [31mkl_synergy_1 : 0.117971 [31mkl_synergy_2 : 0.122775 [31mtotal : 1.549677 [31mdiag_kl_1 : 0.586147 [31mdiag_kl_2 : 0.793589 [94mAcc_combined: 65.72 [94mAcc_c: 48.41 [94mAcc_g: 50.57 [92mF1_combined: 59.46 [92mF1_c: 43.47 [92mF1_g: 40.93 [39m
2026-07-26 07:27:57,111 - Agent - INFO - [37mTest Epoch 101 step 101 with [31mce_loss_combined : 1.203005 [31mce_loss_c : 1.513805 [31mce_loss_g : 1.504785 [31mkl_synergy_rand_1 : 0.116621 [31mkl_synergy_rand_2 : 0.129361 [31mkl_synergy_1 : 0.113534 [31mkl_synergy_2 : 0.115228 [31mtotal : 1.677749 [31mdiag_kl_1 : 0.596190 [31mdiag_kl_2 : 0.701244 [94mAcc_combined: 61.07 [94mAcc_c: 46.16 [94mAcc_g: 48.05 [92mF1_combined: 54.95 [92mF1_c: 41.78 [92mF1_g: 39.01 [39m
2026-07-26 07:29:44,155 - Agent - INFO - [37mVal Epoch 102 step 102 with [31mce_loss_combined : 1.079913 [31mce_loss_c : 1.429296 [31mce_loss_g : 1.453684 [31mkl_synergy_rand_1 : 0.125618 [31mkl_synergy_rand_2 : 0.122848 [31mkl_synergy_1 : 0.121628 [31mkl_synergy_2 : 0.119373 [31mtotal : 1.569381 [31mdiag_kl_1 : 0.624845 [31mdiag_kl_2 : 0.792071 [94mAcc_combined: 65.15 [94mAcc_c: 48.06 [94mAcc_g: 50.34 [92mF1_combined: 60.28 [92mF1_c: 43.57 [92mF1_g: 40.32 [39m
2026-07-26 07:29:44,170 - Agent - INFO - [37mTest Epoch 102 step 102 with [31mce_loss_combined : 1.219993 [31mce_loss_c : 1.519500 [31mce_loss_g : 1.515890 [31mkl_synergy_rand_1 : 0.120687 [31mkl_synergy_rand_2 : 0.120993 [31mkl_synergy_1 : 0.122165 [31mkl_synergy_2 : 0.117790 [31mtotal : 1.701628 [31mdiag_kl_1 : 0.627887 [31mdiag_kl_2 : 0.678137 [94mAcc_combined: 60.18 [94mAcc_c: 46.05 [94mAcc_g: 46.83 [92mF1_combined: 54.29 [92mF1_c: 41.65 [92mF1_g: 37.72 [39m
2026-07-26 07:31:32,732 - Agent - INFO - [37mVal Epoch 103 step 103 with [31mce_loss_combined : 1.069296 [31mce_loss_c : 1.423005 [31mce_loss_g : 1.447820 [31mkl_synergy_rand_1 : 0.119319 [31mkl_synergy_rand_2 : 0.119717 [31mkl_synergy_1 : 0.118900 [31mkl_synergy_2 : 0.122160 [31mtotal : 1.549392 [31mdiag_kl_1 : 0.590301 [31mdiag_kl_2 : 0.780613 [94mAcc_combined: 66.51 [94mAcc_c: 48.29 [94mAcc_g: 50.34 [92mF1_combined: 59.98 [92mF1_c: 43.30 [92mF1_g: 40.61 [39m
2026-07-26 07:31:32,747 - Agent - INFO - [37mTest Epoch 103 step 103 with [31mce_loss_combined : 1.206879 [31mce_loss_c : 1.509714 [31mce_loss_g : 1.506948 [31mkl_synergy_rand_1 : 0.118486 [31mkl_synergy_rand_2 : 0.120222 [31mkl_synergy_1 : 0.115088 [31mkl_synergy_2 : 0.114842 [31mtotal : 1.675516 [31mdiag_kl_1 : 0.614263 [31mdiag_kl_2 : 0.676806 [94mAcc_combined: 60.62 [94mAcc_c: 45.94 [94mAcc_g: 47.27 [92mF1_combined: 54.08 [92mF1_c: 41.33 [92mF1_g: 37.98 [39m
2026-07-26 07:33:17,732 - Agent - INFO - [37mVal Epoch 104 step 104 with [31mce_loss_combined : 1.068535 [31mce_loss_c : 1.418223 [31mce_loss_g : 1.446276 [31mkl_synergy_rand_1 : 0.116878 [31mkl_synergy_rand_2 : 0.119779 [31mkl_synergy_1 : 0.116087 [31mkl_synergy_2 : 0.118692 [31mtotal : 1.539972 [31mdiag_kl_1 : 0.590476 [31mdiag_kl_2 : 0.786993 [94mAcc_combined: 66.51 [94mAcc_c: 48.41 [94mAcc_g: 50.91 [92mF1_combined: 59.40 [92mF1_c: 43.40 [92mF1_g: 40.95 [39m
2026-07-26 07:33:17,747 - Agent - INFO - [37mTest Epoch 104 step 104 with [31mce_loss_combined : 1.213313 [31mce_loss_c : 1.504506 [31mce_loss_g : 1.513398 [31mkl_synergy_rand_1 : 0.118224 [31mkl_synergy_rand_2 : 0.116482 [31mkl_synergy_1 : 0.117338 [31mkl_synergy_2 : 0.115412 [31mtotal : 1.680769 [31mdiag_kl_1 : 0.609612 [31mdiag_kl_2 : 0.670159 [94mAcc_combined: 61.29 [94mAcc_c: 46.38 [94mAcc_g: 46.72 [92mF1_combined: 54.35 [92mF1_c: 41.79 [92mF1_g: 37.43 [39m
2026-07-26 07:35:04,433 - Agent - INFO - [37mVal Epoch 105 step 105 with [31mce_loss_combined : 1.071404 [31mce_loss_c : 1.412993 [31mce_loss_g : 1.442632 [31mkl_synergy_rand_1 : 0.116682 [31mkl_synergy_rand_2 : 0.123117 [31mkl_synergy_1 : 0.114200 [31mkl_synergy_2 : 0.120708 [31mtotal : 1.546111 [31mdiag_kl_1 : 0.601870 [31mdiag_kl_2 : 0.793247 [94mAcc_combined: 66.29 [94mAcc_c: 49.09 [94mAcc_g: 51.37 [92mF1_combined: 60.64 [92mF1_c: 44.13 [92mF1_g: 42.30 [39m
2026-07-26 07:35:04,448 - Agent - INFO - [37mTest Epoch 105 step 105 with [31mce_loss_combined : 1.215503 [31mce_loss_c : 1.507704 [31mce_loss_g : 1.492153 [31mkl_synergy_rand_1 : 0.117757 [31mkl_synergy_rand_2 : 0.119272 [31mkl_synergy_1 : 0.115157 [31mkl_synergy_2 : 0.118314 [31mtotal : 1.686003 [31mdiag_kl_1 : 0.601741 [31mdiag_kl_2 : 0.677732 [94mAcc_combined: 59.96 [94mAcc_c: 46.38 [94mAcc_g: 47.05 [92mF1_combined: 53.96 [92mF1_c: 41.78 [92mF1_g: 38.68 [39m
2026-07-26 07:36:50,544 - Agent - INFO - [37mVal Epoch 106 step 106 with [31mce_loss_combined : 1.079986 [31mce_loss_c : 1.416079 [31mce_loss_g : 1.453674 [31mkl_synergy_rand_1 : 0.120378 [31mkl_synergy_rand_2 : 0.122093 [31mkl_synergy_1 : 0.118897 [31mkl_synergy_2 : 0.123190 [31mtotal : 1.564544 [31mdiag_kl_1 : 0.614834 [31mdiag_kl_2 : 0.790611 [94mAcc_combined: 65.95 [94mAcc_c: 48.75 [94mAcc_g: 50.91 [92mF1_combined: 60.81 [92mF1_c: 44.00 [92mF1_g: 41.50 [39m
2026-07-26 07:36:50,559 - Agent - INFO - [37mTest Epoch 106 step 106 with [31mce_loss_combined : 1.217226 [31mce_loss_c : 1.503672 [31mce_loss_g : 1.510474 [31mkl_synergy_rand_1 : 0.119488 [31mkl_synergy_rand_2 : 0.118973 [31mkl_synergy_1 : 0.117911 [31mkl_synergy_2 : 0.118995 [31mtotal : 1.692593 [31mdiag_kl_1 : 0.612691 [31mdiag_kl_2 : 0.665453 [94mAcc_combined: 60.29 [94mAcc_c: 46.16 [94mAcc_g: 46.83 [92mF1_combined: 54.24 [92mF1_c: 41.84 [92mF1_g: 37.82 [39m
2026-07-26 07:38:37,221 - Agent - INFO - [37mVal Epoch 107 step 107 with [31mce_loss_combined : 1.077375 [31mce_loss_c : 1.419351 [31mce_loss_g : 1.454016 [31mkl_synergy_rand_1 : 0.116344 [31mkl_synergy_rand_2 : 0.121485 [31mkl_synergy_1 : 0.114665 [31mkl_synergy_2 : 0.120624 [31mtotal : 1.550493 [31mdiag_kl_1 : 0.595187 [31mdiag_kl_2 : 0.786676 [94mAcc_combined: 66.29 [94mAcc_c: 49.20 [94mAcc_g: 50.57 [92mF1_combined: 59.92 [92mF1_c: 44.05 [92mF1_g: 41.08 [39m
2026-07-26 07:38:37,237 - Agent - INFO - [37mTest Epoch 107 step 107 with [31mce_loss_combined : 1.216991 [31mce_loss_c : 1.506510 [31mce_loss_g : 1.509233 [31mkl_synergy_rand_1 : 0.116305 [31mkl_synergy_rand_2 : 0.121337 [31mkl_synergy_1 : 0.114528 [31mkl_synergy_2 : 0.119045 [31mtotal : 1.688205 [31mdiag_kl_1 : 0.604863 [31mdiag_kl_2 : 0.681639 [94mAcc_combined: 60.85 [94mAcc_c: 46.05 [94mAcc_g: 46.38 [92mF1_combined: 54.67 [92mF1_c: 41.29 [92mF1_g: 37.25 [39m
2026-07-26 07:40:21,764 - Agent - INFO - [37mVal Epoch 108 step 108 with [31mce_loss_combined : 1.070576 [31mce_loss_c : 1.416180 [31mce_loss_g : 1.444784 [31mkl_synergy_rand_1 : 0.116528 [31mkl_synergy_rand_2 : 0.119800 [31mkl_synergy_1 : 0.115630 [31mkl_synergy_2 : 0.119350 [31mtotal : 1.541883 [31mdiag_kl_1 : 0.590155 [31mdiag_kl_2 : 0.782452 [94mAcc_combined: 66.86 [94mAcc_c: 49.54 [94mAcc_g: 50.80 [92mF1_combined: 59.86 [92mF1_c: 44.39 [92mF1_g: 41.37 [39m
2026-07-26 07:40:21,785 - Agent - INFO - [37mTest Epoch 108 step 108 with [31mce_loss_combined : 1.213015 [31mce_loss_c : 1.502283 [31mce_loss_g : 1.506738 [31mkl_synergy_rand_1 : 0.116491 [31mkl_synergy_rand_2 : 0.120263 [31mkl_synergy_1 : 0.111712 [31mkl_synergy_2 : 0.123100 [31mtotal : 1.684581 [31mdiag_kl_1 : 0.600618 [31mdiag_kl_2 : 0.679751 [94mAcc_combined: 61.07 [94mAcc_c: 46.27 [94mAcc_g: 47.05 [92mF1_combined: 54.44 [92mF1_c: 41.52 [92mF1_g: 38.00 [39m
2026-07-26 07:42:03,021 - Agent - INFO - [37mVal Epoch 109 step 109 with [31mce_loss_combined : 1.067135 [31mce_loss_c : 1.409670 [31mce_loss_g : 1.442976 [31mkl_synergy_rand_1 : 0.115165 [31mkl_synergy_rand_2 : 0.120738 [31mkl_synergy_1 : 0.112401 [31mkl_synergy_2 : 0.119536 [31mtotal : 1.534974 [31mdiag_kl_1 : 0.587081 [31mdiag_kl_2 : 0.782317 [94mAcc_combined: 66.63 [94mAcc_c: 49.89 [94mAcc_g: 50.91 [92mF1_combined: 59.58 [92mF1_c: 44.85 [92mF1_g: 41.21 [39m
2026-07-26 07:42:03,036 - Agent - INFO - [37mTest Epoch 109 step 109 with [31mce_loss_combined : 1.206987 [31mce_loss_c : 1.495955 [31mce_loss_g : 1.507358 [31mkl_synergy_rand_1 : 0.114967 [31mkl_synergy_rand_2 : 0.115904 [31mkl_synergy_1 : 0.113189 [31mkl_synergy_2 : 0.117062 [31mtotal : 1.668109 [31mdiag_kl_1 : 0.612733 [31mdiag_kl_2 : 0.663345 [94mAcc_combined: 61.51 [94mAcc_c: 46.94 [94mAcc_g: 46.83 [92mF1_combined: 54.70 [92mF1_c: 42.17 [92mF1_g: 37.79 [39m
2026-07-26 07:42:17,054 - Agent - INFO - We are in the final state.
2026-07-26 07:42:17,972 - root - INFO - Loaded best model from best_model_accuracy_state_dict
2026-07-26 07:42:39,694 - Agent - INFO - [37mVal Epoch 109 step 0 with [31mce_loss_combined : 1.049444 [31mce_loss_c : 1.514432 [31mce_loss_g : 1.451435 [31mkl_synergy_rand_1 : 0.139580 [31mkl_synergy_rand_2 : 0.128934 [31mkl_synergy_1 : 0.133495 [31mkl_synergy_2 : 0.119035 [31mtotal : 1.570488 [31mdiag_kl_1 : 0.584708 [31mdiag_kl_2 : 0.839488 [94mAcc_combined: 67.08 [94mAcc_c: 43.28 [94mAcc_g: 49.89 [92mF1_combined: 61.65 [92mF1_c: 40.06 [92mF1_g: 40.63 [39m
2026-07-26 07:42:59,095 - Agent - INFO - [37mTest Epoch 109 step 0 with [31mce_loss_combined : 1.213740 [31mce_loss_c : 1.638911 [31mce_loss_g : 1.531645 [31mkl_synergy_rand_1 : 0.146257 [31mkl_synergy_rand_2 : 0.129528 [31mkl_synergy_1 : 0.138788 [31mkl_synergy_2 : 0.109675 [31mtotal : 1.737988 [31mdiag_kl_1 : 0.578154 [31mdiag_kl_2 : 0.724562 [94mAcc_combined: 60.85 [94mAcc_c: 42.60 [94mAcc_g: 48.28 [92mF1_combined: 54.62 [92mF1_c: 39.58 [92mF1_g: 38.80 [39m
2026-07-26 07:43:01,886 - Agent - INFO - [37mModel saved successfully at: ./data/data/2025_data/synergy/CremadPlus/v2/SynIB_RMask_U_REFABL_cremad_lam0.5x_fold0_l0.5_ir0.5_perturbrandom_fillema_pmin0.20_refunimodal_anchor.pth.tar[39m
Job finished
