Starting SynIB reference-ablation job
Python 3.12.12
/esat/smcdata/users/kkontras/Image_Dataset/no_backup/git/SynIB  (git 0aa7402)
GPU 0: NVIDIA GeForce RTX 3090 (UUID: GPU-6bf32b01-56ae-80bd-52e0-98456c572cb9)
Executing: PYTHONPATH=src /esat/smcdata/users/kkontras/Image_Dataset/no_backup/envs/synergy/bin/python -m synib.entrypoints.train --config run/configs/rebuttal_ref_ablation/cremad_synib_u.json --default_config run/configs/rebuttal_ref_ablation/cremad_default.json --fold 0 --ironic_rate 0.5 --rmask random --l 2.0 --perturb_pmin 0.20 --perturb_fill ema --reference_type uniform --ref_diag --start_over --tag REFABL_cremad_lam2x
Namespace(config='run/configs/rebuttal_ref_ablation/cremad_synib_u.json', default_config='run/configs/rebuttal_ref_ablation/cremad_default.json', fold='0', alpha=None, tanh_mode_beta=None, regby=None, batch_size=None, l='2.0', multil=None, lib=None, kmepoch=None, num_samples=None, contrcoeff=None, contr_type=None, shuffle_type=None, validate_with=None, num_classes=None, optim_method=None, ending_epoch=None, load_ongoing=None, recon_weight1=None, recon_weight2=None, recon_epochstages=None, recon_ensemblestages=None, lr=None, wd=None, cls=None, ironic_rate='0.5', perturb='random', perturb_fill='ema', perturb_pmax=None, perturb_pmin='0.20', perturb_lsparse=None, rmask='random', pmin=None, pmax=None, lsparse=None, debug_mask_stats=False, pre=False, frozen=False, tdqm_disable=False, start_over=True, no_model_save=False, num_layers=None, grad_accum=None, init_from=None, init_strict=False, perturb_lsparse_sign=None, l_anneal_epochs=None, perturb_steps=None, perturb_lsparse_warmup=None, perturb_lsparse_schedule=None, persist_ell=False, save_masks=False, penalty_swap=False, disable_ce_random=False, disable_kl_learned=False, masking_only=False, modality_dropout=None, modality_dropout_target=None, l_z1_masked=None, l_z2_masked=None, l_pareto=None, reference_type='uniform', ref_diag=True, ref_ema_decay=None, tag='REFABL_cremad_lam2x')
2026-07-26 04:42:37,247 - Config - INFO - run/configs/rebuttal_ref_ablation/cremad_synib_u.json
2026-07-26 04:42:37,249 - Config - INFO -  THE Configuration of your experiment ..
{'agent': 'Agent',
 'dataset': {'data_roots': './data/CremaD/CREMA-D',
             'data_split': {'fold': 0, 'method': 'non_inclusive'},
             'dataloader_class': 'IronyCremadDataloader',
             'fps': 1,
             'ironic_label_name': 'SARCASM',
             'ironic_modes': ['train', 'val', 'test'],
             'ironic_rate': 1.0,
             'norm': False,
             'norm_face_path': './src/synib/mydatasets/Irony_Cremad/assets/norms/norm_face_path_fold{}.pkl',
             'norm_wav_path': './src/synib/mydatasets/Irony_Cremad/assets/norms/wav_norm_22050_fold{}.pkl',
             'num_frame': 3,
             'return_data': {'audio': False,
                             'face': False,
                             'spectrogram': True,
                             'video': True},
             'sampling_rate': 22050},
 'early_stopping': {'end_of_epoch_check': True,
                    'log_interval': 10,
                    'max_epoch': 1500,
                    'n_steps_stop': 30,
                    'n_steps_stop_after': 0,
                    'save_every_step': 3000,
                    'save_every_valstep': 10,
                    'validate_after': 0,
                    'validate_every': 25,
                    'validate_with': 'accuracy'},
 'exp_name': 'CREMAD Experiment',
 'model': {'args': {'bias_infusion': {'contrcoeff': 0.0, 'l': 1.0},
                    'cls_type': 'mlp',
                    'd_model': 512,
                    'dropout': 0.1,
                    'fc_inner': 64,
                    'in_dim': 64,
                    'multi_loss': {'multi_supervised_w': {'c': 1,
                                                          'combined': 1,
                                                          'g': 1}},
                    'norm_decision': False,
                    'num_classes': 7,
                    'synergy_type': 'unimodal_anchor'},
           'ceu': {'test': './artifacts/ceus/cremad/cremadplus_ceu_test_res_{}.pkl',
                   'val': './artifacts/ceus/cremad/cremadplus_ceu_val_res_{}.pkl'},
           'encoders': [{'args': {'d_model': 512,
                                  'dropout': 0.1,
                                  'fc_inner': 64,
                                  'freeze_encoder': False,
                                  'num_classes': 7},
                         'model': 'Audio_ResNet',
                         'name': 'enc_0_modality1_encoder',
                         'pretrainedEncoder': {'dir': 'unimodal_audio_fold{}_ir1.0_lr0.001_wd0.0001_clsmlp_bs64.pth.tar',
                                               'use': True},
                         'save_encoder': False},
                        {'args': {'d_model': 512,
                                  'dropout': 0.1,
                                  'fc_inner': 64,
                                  'freeze_encoder': False,
                                  'num_classes': 7},
                         'model': 'Video_ResNet',
                         'name': 'enc_1_modality2_encoder',
                         'pretrainedEncoder': {'dir': 'unimodal_video_fold{}_ir1.0_lr0.0001_wd0.0001_clsmlp_bs64.pth.tar',
                                               'use': True},
                         'save_encoder': False},
                        {'args': {'d_model': 512,
                                  'dropout': 0.1,
                                  'fc_inner': 64,
                                  'freeze_encoder': False},
                         'model': 'FusionTrunkLinear',
                         'name': 'enc_2_fusion_trunk',
                         'pretrainedEncoder': {'dir': 'enc_2_fusion_trunk_fold{}.pth.tar',
                                               'use': False},
                         'save_encoder': False},
                        {'args': {'freeze_encoder': False,
                                  'in_dim': 64,
                                  'num_classes': 7},
                         'model': 'LinearHead',
                         'name': 'enc_3_fusion_head',
                         'pretrainedEncoder': {'dir': 'enc_3_fusion_head_fold{}.pth.tar',
                                               'use': False},
                         'save_encoder': False},
                        {'args': {'dropout': 0.1,
                                  'freeze_encoder': False,
                                  'hidden_dim': 64,
                                  'in_dim': 512,
                                  'num_classes': 7},
                         'model': 'MLPHead',
                         'name': 'enc_4_unimodal_head_1',
                         'pretrainedEncoder': {'dir': 'enc_4_unimodal1_fold{}.pth.tar',
                                               'use': False},
                         'save_encoder': False},
                        {'args': {'dropout': 0.1,
                                  'freeze_encoder': False,
                                  'hidden_dim': 64,
                                  'in_dim': 512,
                                  'num_classes': 7},
                         'model': 'MLPHead',
                         'name': 'enc_5_unimodal_head_2',
                         'pretrainedEncoder': {'dir': 'enc_5_unimodal2_fold{}.pth.tar',
                                               'use': False},
                         'save_encoder': False}],
           'load_ongoing': False,
           'model_class': 'FusionIBModel_Mask_U',
           'save_base_dir': './data/data/2025_data/synergy/CremadPlus/v2',
           'save_dir': 'SynIB_RMask_U_{}.pth.tar'},
 'optimizer': {'beta1': 0.9,
               'beta2': 0.999,
               'learning_rate': 1e-05,
               'momentum': 0.9,
               'type': 'Adam',
               'weight_decay': 1e-05},
 'scheduler': {'max_lr': 0.03, 'type': 'cosanneal', 'warm_up_steps': 780},
 'training_params': {'async_loading': True,
                     'batch_size': 128,
                     'cuda': True,
                     'data_loader_workers': 8,
                     'gpu_device': [0],
                     'pin_memory': False,
                     'rec_test': True,
                     'res': True,
                     'seed': 109,
                     'tdqm_disable': False,
                     'test_batch_size': 128,
                     'test_on_bottoms': True,
                     'use_test_set': True,
                     'validation': True,
                     'verbose': True,
                     'wandb_disable': False}}
2026-07-26 04:42:37,252 - Config - INFO -  *************************************** 
2026-07-26 04:42:37,253 - Config - INFO - The experiment name is CREMAD Experiment
2026-07-26 04:42:37,253 - Config - INFO -  *************************************** 
2026-07-26 04:42:37,253 - root - INFO - save_dir: SynIB_RMask_U_REFABL_cremad_lam2x_fold0_l2.0_ir0.5_perturbrandom_fillema_pmin0.20_refuniform.pth.tar
2026-07-26 04:42:37,383 - Cuda Statistics - INFO - __Python VERSION:  3.12.12 | packaged by Anaconda, Inc. | (main, Oct 21 2025, 20:16:04) [GCC 11.2.0]
2026-07-26 04:42:37,383 - Cuda Statistics - INFO - __pyTorch VERSION:  2.7.1+cu118
2026-07-26 04:42:37,383 - Cuda Statistics - INFO - __CUDA VERSION
2026-07-26 04:42:37,385 - Cuda Statistics - INFO - __CUDNN VERSION:  90100
2026-07-26 04:42:37,413 - Cuda Statistics - INFO - __Number CUDA Devices:  1
2026-07-26 04:42:37,414 - Cuda Statistics - INFO - __Devices
2026-07-26 04:42:37,414 - Cuda Statistics - INFO - index, name, driver_version, memory.total [MiB], memory.used [MiB], memory.free [MiB]
2026-07-26 04:42:37,414 - Cuda Statistics - INFO - 0, NVIDIA GeForce RTX 3090, 610.43.03, 24576 MiB, 4 MiB, 24120 MiB
2026-07-26 04:42:37,417 - Cuda Statistics - INFO - Active CUDA Device: GPU 0
2026-07-26 04:42:37,417 - Cuda Statistics - INFO - Available devices  1
2026-07-26 04:42:37,417 - Cuda Statistics - INFO - Current cuda device  0
2026-07-26 04:42:37,750 - IronyCremadDataset - INFO - Loaded wav norm from ./src/synib/mydatasets/Irony_Cremad/assets/norms/wav_norm_22050_fold0.pkl
2026-07-26 04:42:37,829 - IronyCremadDataset - INFO - Loaded wav norm from ./src/synib/mydatasets/Irony_Cremad/assets/norms/wav_norm_22050_fold0.pkl
2026-07-26 04:42:37,887 - IronyCremadDataset - INFO - Loaded wav norm from ./src/synib/mydatasets/Irony_Cremad/assets/norms/wav_norm_22050_fold0.pkl
2026-07-26 04:42:37,892 - Agent - INFO - Device: cuda:0
2026-07-26 04:42:37,892 - Agent - INFO - Total training batches: 32, validate every 25 batches, steps per epoch: 2
2026-07-26 04:42:37,948 - Agent - INFO - Loss Weights are {'total': 1, 'combined': 1, 'c': 1, 'g': 1}
2026-07-26 04:42:37,948 - root - INFO - There is no CEU for train
2026-07-26 04:42:37,950 - root - INFO - There is no CEU for val
2026-07-26 04:42:37,950 - root - INFO - There is no CEU for test
{'d_model': 512, 'num_classes': 7, 'fc_inner': 64, 'dropout': 0.1, 'freeze_encoder': False}
2026-07-26 04:42:38,275 - root - INFO - Loading enc best model state dict from ./data/data/2025_data/synergy/CremadPlus/v2/unimodal_audio_fold0_ir0.5_lr0.001_wd0.0001_clsmlp_bs64.pth.tar
2026-07-26 04:42:38,607 - root - INFO - Loading enc best model state dict from ./data/data/2025_data/synergy/CremadPlus/v2/unimodal_video_fold0_ir0.5_lr0.0001_wd0.0001_clsmlp_bs64.pth.tar
2026-07-26 04:42:38,858 - Agent - INFO - Total number of trainable parameters are: 44840497
2026-07-26 04:42:38,865 - Agent - INFO - Total number of trainable parameters are: 22486563
2026-07-26 04:44:08,045 - Evaluator - INFO - New best with loss-accuracy-
2026-07-26 04:44:08,045 - Agent - INFO - [37mVal Epoch 1 step 1 with [31mce_loss_combined : 1.807046 [31mce_loss_c : 1.976814 [31mce_loss_g : 2.660374 [31mkl_synergy_rand_1 : 0.034770 [31mkl_synergy_rand_2 : 0.037881 [31mkl_synergy_1 : 0.035627 [31mkl_synergy_2 : 0.039674 [31mtotal : 1.954999 [31mdiag_kl_1 : 1.364042 [31mdiag_kl_2 : 1.219455 [94mAcc_combined: 45.10 [94mAcc_c: 56.61 [94mAcc_g: 45.79 [92mF1_combined: 38.24 [92mF1_c: 52.53 [92mF1_g: 38.08 [39m
2026-07-26 04:44:08,060 - Agent - INFO - [37mTest Epoch 1 step 1 with [31mce_loss_combined : 1.832039 [31mce_loss_c : 2.562974 [31mce_loss_g : 2.665834 [31mkl_synergy_rand_1 : 0.033902 [31mkl_synergy_rand_2 : 0.035224 [31mkl_synergy_1 : 0.034202 [31mkl_synergy_2 : 0.036454 [31mtotal : 1.971820 [31mdiag_kl_1 : 1.379764 [31mdiag_kl_2 : 1.171118 [94mAcc_combined: 46.27 [94mAcc_c: 48.39 [94mAcc_g: 48.94 [92mF1_combined: 37.41 [92mF1_c: 43.86 [92mF1_g: 39.32 [39m
2026-07-26 04:44:08,718 - Agent - INFO - [37mModel saved successfully at: ./data/data/2025_data/synergy/CremadPlus/v2/SynIB_RMask_U_REFABL_cremad_lam2x_fold0_l2.0_ir0.5_perturbrandom_fillema_pmin0.20_refuniform.pth.tar[39m
2026-07-26 04:45:29,639 - Evaluator - INFO - New best with loss-accuracy-
2026-07-26 04:45:29,640 - Agent - INFO - [37mVal Epoch 2 step 2 with [31mce_loss_combined : 1.699004 [31mce_loss_c : 1.987618 [31mce_loss_g : 2.400587 [31mkl_synergy_rand_1 : 0.046961 [31mkl_synergy_rand_2 : 0.049979 [31mkl_synergy_1 : 0.046830 [31mkl_synergy_2 : 0.054885 [31mtotal : 1.897658 [31mdiag_kl_1 : 1.275099 [31mdiag_kl_2 : 1.144537 [94mAcc_combined: 58.54 [94mAcc_c: 55.92 [94mAcc_g: 45.44 [92mF1_combined: 51.09 [92mF1_c: 52.29 [92mF1_g: 38.08 [39m
2026-07-26 04:45:29,655 - Agent - INFO - [37mTest Epoch 2 step 2 with [31mce_loss_combined : 1.735734 [31mce_loss_c : 2.573586 [31mce_loss_g : 2.396999 [31mkl_synergy_rand_1 : 0.045420 [31mkl_synergy_rand_2 : 0.049756 [31mkl_synergy_1 : 0.047155 [31mkl_synergy_2 : 0.051237 [31mtotal : 1.929301 [31mdiag_kl_1 : 1.274709 [31mdiag_kl_2 : 1.078528 [94mAcc_combined: 57.51 [94mAcc_c: 49.05 [94mAcc_g: 49.94 [92mF1_combined: 49.78 [92mF1_c: 44.91 [92mF1_g: 41.23 [39m
2026-07-26 04:45:30,851 - Agent - INFO - [37mModel saved successfully at: ./data/data/2025_data/synergy/CremadPlus/v2/SynIB_RMask_U_REFABL_cremad_lam2x_fold0_l2.0_ir0.5_perturbrandom_fillema_pmin0.20_refuniform.pth.tar[39m
2026-07-26 04:47:00,441 - Evaluator - INFO - New best with loss-accuracy-
2026-07-26 04:47:00,441 - Agent - INFO - [37mVal Epoch 3 step 3 with [31mce_loss_combined : 1.659778 [31mce_loss_c : 1.963374 [31mce_loss_g : 2.365471 [31mkl_synergy_rand_1 : 0.051185 [31mkl_synergy_rand_2 : 0.054162 [31mkl_synergy_1 : 0.053571 [31mkl_synergy_2 : 0.058409 [31mtotal : 1.877105 [31mdiag_kl_1 : 1.235719 [31mdiag_kl_2 : 1.125374 [94mAcc_combined: 62.53 [94mAcc_c: 55.58 [94mAcc_g: 45.79 [92mF1_combined: 56.62 [92mF1_c: 52.04 [92mF1_g: 38.27 [39m
2026-07-26 04:47:00,456 - Agent - INFO - [37mTest Epoch 3 step 3 with [31mce_loss_combined : 1.703941 [31mce_loss_c : 2.545130 [31mce_loss_g : 2.441564 [31mkl_synergy_rand_1 : 0.052316 [31mkl_synergy_rand_2 : 0.055682 [31mkl_synergy_1 : 0.052132 [31mkl_synergy_2 : 0.060237 [31mtotal : 1.924308 [31mdiag_kl_1 : 1.237657 [31mdiag_kl_2 : 1.050974 [94mAcc_combined: 58.18 [94mAcc_c: 48.72 [94mAcc_g: 50.17 [92mF1_combined: 51.76 [92mF1_c: 44.56 [92mF1_g: 41.56 [39m
2026-07-26 04:47:02,188 - Agent - INFO - [37mModel saved successfully at: ./data/data/2025_data/synergy/CremadPlus/v2/SynIB_RMask_U_REFABL_cremad_lam2x_fold0_l2.0_ir0.5_perturbrandom_fillema_pmin0.20_refuniform.pth.tar[39m
2026-07-26 04:48:24,346 - Evaluator - INFO - New best with loss-accuracy-
2026-07-26 04:48:24,347 - Agent - INFO - [37mVal Epoch 4 step 4 with [31mce_loss_combined : 1.653990 [31mce_loss_c : 1.968193 [31mce_loss_g : 2.344483 [31mkl_synergy_rand_1 : 0.049685 [31mkl_synergy_rand_2 : 0.051918 [31mkl_synergy_1 : 0.053045 [31mkl_synergy_2 : 0.058220 [31mtotal : 1.866857 [31mdiag_kl_1 : 1.234262 [31mdiag_kl_2 : 1.125810 [94mAcc_combined: 63.21 [94mAcc_c: 55.13 [94mAcc_g: 46.47 [92mF1_combined: 57.61 [92mF1_c: 51.49 [92mF1_g: 38.73 [39m
2026-07-26 04:48:24,362 - Agent - INFO - [37mTest Epoch 4 step 4 with [31mce_loss_combined : 1.695788 [31mce_loss_c : 2.570592 [31mce_loss_g : 2.388718 [31mkl_synergy_rand_1 : 0.049858 [31mkl_synergy_rand_2 : 0.055226 [31mkl_synergy_1 : 0.054881 [31mkl_synergy_2 : 0.059166 [31mtotal : 1.914918 [31mdiag_kl_1 : 1.241912 [31mdiag_kl_2 : 1.049504 [94mAcc_combined: 58.40 [94mAcc_c: 48.61 [94mAcc_g: 49.61 [92mF1_combined: 52.06 [92mF1_c: 44.50 [92mF1_g: 40.94 [39m
2026-07-26 04:48:25,645 - Agent - INFO - [37mModel saved successfully at: ./data/data/2025_data/synergy/CremadPlus/v2/SynIB_RMask_U_REFABL_cremad_lam2x_fold0_l2.0_ir0.5_perturbrandom_fillema_pmin0.20_refuniform.pth.tar[39m
2026-07-26 04:49:53,392 - Evaluator - INFO - New best with loss-
2026-07-26 04:49:53,392 - Agent - INFO - [37mVal Epoch 5 step 5 with [31mce_loss_combined : 1.651649 [31mce_loss_c : 1.973238 [31mce_loss_g : 2.307300 [31mkl_synergy_rand_1 : 0.047850 [31mkl_synergy_rand_2 : 0.051780 [31mkl_synergy_1 : 0.053112 [31mkl_synergy_2 : 0.056995 [31mtotal : 1.861387 [31mdiag_kl_1 : 1.231702 [31mdiag_kl_2 : 1.128174 [94mAcc_combined: 62.98 [94mAcc_c: 54.67 [94mAcc_g: 44.53 [92mF1_combined: 58.55 [92mF1_c: 51.34 [92mF1_g: 37.22 [39m
2026-07-26 04:49:53,407 - Agent - INFO - [37mTest Epoch 5 step 5 with [31mce_loss_combined : 1.681883 [31mce_loss_c : 2.563361 [31mce_loss_g : 2.245534 [31mkl_synergy_rand_1 : 0.052514 [31mkl_synergy_rand_2 : 0.054499 [31mkl_synergy_1 : 0.055151 [31mkl_synergy_2 : 0.061083 [31mtotal : 1.905130 [31mdiag_kl_1 : 1.219873 [31mdiag_kl_2 : 1.051203 [94mAcc_combined: 60.18 [94mAcc_c: 48.50 [94mAcc_g: 48.83 [92mF1_combined: 54.80 [92mF1_c: 44.40 [92mF1_g: 40.51 [39m
2026-07-26 04:49:55,319 - Agent - INFO - [37mModel saved successfully at: ./data/data/2025_data/synergy/CremadPlus/v2/SynIB_RMask_U_REFABL_cremad_lam2x_fold0_l2.0_ir0.5_perturbrandom_fillema_pmin0.20_refuniform.pth.tar[39m
2026-07-26 04:51:24,743 - Evaluator - INFO - New best with loss-
2026-07-26 04:51:24,743 - Agent - INFO - [37mVal Epoch 6 step 6 with [31mce_loss_combined : 1.650726 [31mce_loss_c : 1.933740 [31mce_loss_g : 2.273108 [31mkl_synergy_rand_1 : 0.047927 [31mkl_synergy_rand_2 : 0.050875 [31mkl_synergy_1 : 0.052883 [31mkl_synergy_2 : 0.057524 [31mtotal : 1.859935 [31mdiag_kl_1 : 1.238530 [31mdiag_kl_2 : 1.132424 [94mAcc_combined: 63.10 [94mAcc_c: 53.99 [94mAcc_g: 44.19 [92mF1_combined: 58.76 [92mF1_c: 50.95 [92mF1_g: 37.43 [39m
2026-07-26 04:51:24,759 - Agent - INFO - [37mTest Epoch 6 step 6 with [31mce_loss_combined : 1.682487 [31mce_loss_c : 2.510107 [31mce_loss_g : 2.179399 [31mkl_synergy_rand_1 : 0.050391 [31mkl_synergy_rand_2 : 0.055435 [31mkl_synergy_1 : 0.054485 [31mkl_synergy_2 : 0.058889 [31mtotal : 1.901688 [31mdiag_kl_1 : 1.238300 [31mdiag_kl_2 : 1.048065 [94mAcc_combined: 59.84 [94mAcc_c: 48.50 [94mAcc_g: 49.05 [92mF1_combined: 54.73 [92mF1_c: 44.64 [92mF1_g: 40.54 [39m
2026-07-26 04:51:26,359 - Agent - INFO - [37mModel saved successfully at: ./data/data/2025_data/synergy/CremadPlus/v2/SynIB_RMask_U_REFABL_cremad_lam2x_fold0_l2.0_ir0.5_perturbrandom_fillema_pmin0.20_refuniform.pth.tar[39m
2026-07-26 04:52:51,440 - Evaluator - INFO - New best with loss-accuracy-
2026-07-26 04:52:51,440 - Agent - INFO - [37mVal Epoch 7 step 7 with [31mce_loss_combined : 1.642548 [31mce_loss_c : 1.938938 [31mce_loss_g : 2.123060 [31mkl_synergy_rand_1 : 0.050270 [31mkl_synergy_rand_2 : 0.052225 [31mkl_synergy_1 : 0.054410 [31mkl_synergy_2 : 0.060872 [31mtotal : 1.860325 [31mdiag_kl_1 : 1.236388 [31mdiag_kl_2 : 1.124553 [94mAcc_combined: 63.44 [94mAcc_c: 53.87 [94mAcc_g: 42.03 [92mF1_combined: 59.65 [92mF1_c: 50.57 [92mF1_g: 35.75 [39m
2026-07-26 04:52:51,460 - Agent - INFO - [37mTest Epoch 7 step 7 with [31mce_loss_combined : 1.670286 [31mce_loss_c : 2.537047 [31mce_loss_g : 2.046593 [31mkl_synergy_rand_1 : 0.053125 [31mkl_synergy_rand_2 : 0.057505 [31mkl_synergy_1 : 0.054494 [31mkl_synergy_2 : 0.061194 [31mtotal : 1.896604 [31mdiag_kl_1 : 1.230710 [31mdiag_kl_2 : 1.038566 [94mAcc_combined: 60.51 [94mAcc_c: 47.94 [94mAcc_g: 48.94 [92mF1_combined: 55.87 [92mF1_c: 44.13 [92mF1_g: 40.92 [39m
2026-07-26 04:52:52,894 - Agent - INFO - [37mModel saved successfully at: ./data/data/2025_data/synergy/CremadPlus/v2/SynIB_RMask_U_REFABL_cremad_lam2x_fold0_l2.0_ir0.5_perturbrandom_fillema_pmin0.20_refuniform.pth.tar[39m
2026-07-26 04:54:21,967 - Agent - INFO - [37mVal Epoch 8 step 8 with [31mce_loss_combined : 1.647157 [31mce_loss_c : 1.914781 [31mce_loss_g : 2.165513 [31mkl_synergy_rand_1 : 0.048577 [31mkl_synergy_rand_2 : 0.053353 [31mkl_synergy_1 : 0.052889 [31mkl_synergy_2 : 0.060847 [31mtotal : 1.862822 [31mdiag_kl_1 : 1.247815 [31mdiag_kl_2 : 1.120054 [94mAcc_combined: 61.05 [94mAcc_c: 53.08 [94mAcc_g: 41.80 [92mF1_combined: 57.15 [92mF1_c: 50.41 [92mF1_g: 35.44 [39m
2026-07-26 04:54:21,983 - Agent - INFO - [37mTest Epoch 8 step 8 with [31mce_loss_combined : 1.674482 [31mce_loss_c : 2.488122 [31mce_loss_g : 2.064361 [31mkl_synergy_rand_1 : 0.052165 [31mkl_synergy_rand_2 : 0.059606 [31mkl_synergy_1 : 0.057503 [31mkl_synergy_2 : 0.062610 [31mtotal : 1.906365 [31mdiag_kl_1 : 1.248581 [31mdiag_kl_2 : 1.029984 [94mAcc_combined: 59.40 [94mAcc_c: 47.72 [94mAcc_g: 47.72 [92mF1_combined: 54.53 [92mF1_c: 44.19 [92mF1_g: 39.62 [39m
2026-07-26 04:55:50,152 - Evaluator - INFO - New best with loss-
2026-07-26 04:55:50,152 - Agent - INFO - [37mVal Epoch 9 step 9 with [31mce_loss_combined : 1.638227 [31mce_loss_c : 1.901550 [31mce_loss_g : 2.066961 [31mkl_synergy_rand_1 : 0.049853 [31mkl_synergy_rand_2 : 0.054361 [31mkl_synergy_1 : 0.055021 [31mkl_synergy_2 : 0.062015 [31mtotal : 1.859477 [31mdiag_kl_1 : 1.247798 [31mdiag_kl_2 : 1.110142 [94mAcc_combined: 61.28 [94mAcc_c: 52.96 [94mAcc_g: 41.12 [92mF1_combined: 57.91 [92mF1_c: 50.46 [92mF1_g: 35.70 [39m
2026-07-26 04:55:50,172 - Agent - INFO - [37mTest Epoch 9 step 9 with [31mce_loss_combined : 1.663196 [31mce_loss_c : 2.488976 [31mce_loss_g : 1.966878 [31mkl_synergy_rand_1 : 0.052887 [31mkl_synergy_rand_2 : 0.062700 [31mkl_synergy_1 : 0.060107 [31mkl_synergy_2 : 0.067745 [31mtotal : 1.906634 [31mdiag_kl_1 : 1.252889 [31mdiag_kl_2 : 1.018172 [94mAcc_combined: 60.29 [94mAcc_c: 47.05 [94mAcc_g: 47.83 [92mF1_combined: 55.50 [92mF1_c: 43.88 [92mF1_g: 40.14 [39m
2026-07-26 04:55:51,723 - Agent - INFO - [37mModel saved successfully at: ./data/data/2025_data/synergy/CremadPlus/v2/SynIB_RMask_U_REFABL_cremad_lam2x_fold0_l2.0_ir0.5_perturbrandom_fillema_pmin0.20_refuniform.pth.tar[39m
2026-07-26 04:57:19,987 - Evaluator - INFO - New best with loss-
2026-07-26 04:57:19,987 - Agent - INFO - [37mVal Epoch 10 step 10 with [31mce_loss_combined : 1.634454 [31mce_loss_c : 1.878384 [31mce_loss_g : 1.937715 [31mkl_synergy_rand_1 : 0.050241 [31mkl_synergy_rand_2 : 0.057025 [31mkl_synergy_1 : 0.055435 [31mkl_synergy_2 : 0.063302 [31mtotal : 1.860457 [31mdiag_kl_1 : 1.254430 [31mdiag_kl_2 : 1.107493 [94mAcc_combined: 61.85 [94mAcc_c: 50.46 [94mAcc_g: 41.23 [92mF1_combined: 58.49 [92mF1_c: 48.61 [92mF1_g: 35.53 [39m
2026-07-26 04:57:20,004 - Agent - INFO - [37mTest Epoch 10 step 10 with [31mce_loss_combined : 1.666006 [31mce_loss_c : 2.427867 [31mce_loss_g : 1.915295 [31mkl_synergy_rand_1 : 0.054078 [31mkl_synergy_rand_2 : 0.061835 [31mkl_synergy_1 : 0.060616 [31mkl_synergy_2 : 0.070718 [31mtotal : 1.913253 [31mdiag_kl_1 : 1.253927 [31mdiag_kl_2 : 1.018375 [94mAcc_combined: 58.29 [94mAcc_c: 45.38 [94mAcc_g: 46.05 [92mF1_combined: 53.34 [92mF1_c: 42.98 [92mF1_g: 38.17 [39m
2026-07-26 04:57:21,840 - Agent - INFO - [37mModel saved successfully at: ./data/data/2025_data/synergy/CremadPlus/v2/SynIB_RMask_U_REFABL_cremad_lam2x_fold0_l2.0_ir0.5_perturbrandom_fillema_pmin0.20_refuniform.pth.tar[39m
2026-07-26 04:58:53,199 - Evaluator - INFO - New best with loss-
2026-07-26 04:58:53,199 - Agent - INFO - [37mVal Epoch 11 step 11 with [31mce_loss_combined : 1.633959 [31mce_loss_c : 1.859401 [31mce_loss_g : 1.896167 [31mkl_synergy_rand_1 : 0.051068 [31mkl_synergy_rand_2 : 0.057783 [31mkl_synergy_1 : 0.055234 [31mkl_synergy_2 : 0.065118 [31mtotal : 1.863163 [31mdiag_kl_1 : 1.259652 [31mdiag_kl_2 : 1.109733 [94mAcc_combined: 61.96 [94mAcc_c: 49.54 [94mAcc_g: 39.75 [92mF1_combined: 59.23 [92mF1_c: 48.07 [92mF1_g: 34.90 [39m
2026-07-26 04:58:53,214 - Agent - INFO - [37mTest Epoch 11 step 11 with [31mce_loss_combined : 1.665406 [31mce_loss_c : 2.377638 [31mce_loss_g : 1.851125 [31mkl_synergy_rand_1 : 0.055761 [31mkl_synergy_rand_2 : 0.062796 [31mkl_synergy_1 : 0.058182 [31mkl_synergy_2 : 0.072866 [31mtotal : 1.915011 [31mdiag_kl_1 : 1.254946 [31mdiag_kl_2 : 1.020393 [94mAcc_combined: 58.18 [94mAcc_c: 44.72 [94mAcc_g: 46.27 [92mF1_combined: 53.60 [92mF1_c: 42.88 [92mF1_g: 39.06 [39m
2026-07-26 04:58:54,904 - Agent - INFO - [37mModel saved successfully at: ./data/data/2025_data/synergy/CremadPlus/v2/SynIB_RMask_U_REFABL_cremad_lam2x_fold0_l2.0_ir0.5_perturbrandom_fillema_pmin0.20_refuniform.pth.tar[39m
2026-07-26 05:00:22,005 - Evaluator - INFO - New best with loss-
2026-07-26 05:00:22,006 - Agent - INFO - [37mVal Epoch 12 step 12 with [31mce_loss_combined : 1.629876 [31mce_loss_c : 1.862489 [31mce_loss_g : 1.901436 [31mkl_synergy_rand_1 : 0.053295 [31mkl_synergy_rand_2 : 0.059958 [31mkl_synergy_1 : 0.056275 [31mkl_synergy_2 : 0.068655 [31mtotal : 1.868060 [31mdiag_kl_1 : 1.257146 [31mdiag_kl_2 : 1.094975 [94mAcc_combined: 60.93 [94mAcc_c: 48.63 [94mAcc_g: 38.27 [92mF1_combined: 57.66 [92mF1_c: 47.40 [92mF1_g: 33.97 [39m
2026-07-26 05:00:22,031 - Agent - INFO - [37mTest Epoch 12 step 12 with [31mce_loss_combined : 1.663026 [31mce_loss_c : 2.407877 [31mce_loss_g : 1.866969 [31mkl_synergy_rand_1 : 0.056341 [31mkl_synergy_rand_2 : 0.063552 [31mkl_synergy_1 : 0.058113 [31mkl_synergy_2 : 0.068751 [31mtotal : 1.909784 [31mdiag_kl_1 : 1.252493 [31mdiag_kl_2 : 1.009941 [94mAcc_combined: 58.18 [94mAcc_c: 43.27 [94mAcc_g: 43.49 [92mF1_combined: 53.08 [92mF1_c: 41.80 [92mF1_g: 36.26 [39m
2026-07-26 05:00:23,820 - Agent - INFO - [37mModel saved successfully at: ./data/data/2025_data/synergy/CremadPlus/v2/SynIB_RMask_U_REFABL_cremad_lam2x_fold0_l2.0_ir0.5_perturbrandom_fillema_pmin0.20_refuniform.pth.tar[39m
2026-07-26 05:01:48,955 - Agent - INFO - [37mVal Epoch 13 step 13 with [31mce_loss_combined : 1.632290 [31mce_loss_c : 1.814818 [31mce_loss_g : 1.897947 [31mkl_synergy_rand_1 : 0.053901 [31mkl_synergy_rand_2 : 0.058940 [31mkl_synergy_1 : 0.054001 [31mkl_synergy_2 : 0.067770 [31mtotal : 1.866903 [31mdiag_kl_1 : 1.253105 [31mdiag_kl_2 : 1.102550 [94mAcc_combined: 60.02 [94mAcc_c: 47.04 [94mAcc_g: 36.10 [92mF1_combined: 57.39 [92mF1_c: 46.53 [92mF1_g: 31.78 [39m
2026-07-26 05:01:48,973 - Agent - INFO - [37mTest Epoch 13 step 13 with [31mce_loss_combined : 1.656299 [31mce_loss_c : 2.284328 [31mce_loss_g : 1.883229 [31mkl_synergy_rand_1 : 0.055180 [31mkl_synergy_rand_2 : 0.064476 [31mkl_synergy_1 : 0.056984 [31mkl_synergy_2 : 0.071127 [31mtotal : 1.904067 [31mdiag_kl_1 : 1.254266 [31mdiag_kl_2 : 1.011742 [94mAcc_combined: 58.95 [94mAcc_c: 42.49 [94mAcc_g: 40.60 [92mF1_combined: 54.44 [92mF1_c: 41.55 [92mF1_g: 33.13 [39m
2026-07-26 05:03:15,256 - Evaluator - INFO - New best with loss-
2026-07-26 05:03:15,257 - Agent - INFO - [37mVal Epoch 14 step 14 with [31mce_loss_combined : 1.629195 [31mce_loss_c : 1.791410 [31mce_loss_g : 1.846419 [31mkl_synergy_rand_1 : 0.052355 [31mkl_synergy_rand_2 : 0.058524 [31mkl_synergy_1 : 0.051874 [31mkl_synergy_2 : 0.067978 [31mtotal : 1.859926 [31mdiag_kl_1 : 1.252375 [31mdiag_kl_2 : 1.101074 [94mAcc_combined: 59.45 [94mAcc_c: 45.44 [94mAcc_g: 35.54 [92mF1_combined: 56.36 [92mF1_c: 45.09 [92mF1_g: 30.68 [39m
2026-07-26 05:03:15,277 - Agent - INFO - [37mTest Epoch 14 step 14 with [31mce_loss_combined : 1.656619 [31mce_loss_c : 2.259702 [31mce_loss_g : 1.797777 [31mkl_synergy_rand_1 : 0.053731 [31mkl_synergy_rand_2 : 0.061168 [31mkl_synergy_1 : 0.051952 [31mkl_synergy_2 : 0.071373 [31mtotal : 1.894844 [31mdiag_kl_1 : 1.250893 [31mdiag_kl_2 : 1.014416 [94mAcc_combined: 57.73 [94mAcc_c: 41.27 [94mAcc_g: 41.05 [92mF1_combined: 52.09 [92mF1_c: 40.48 [92mF1_g: 34.21 [39m
2026-07-26 05:03:16,985 - Agent - INFO - [37mModel saved successfully at: ./data/data/2025_data/synergy/CremadPlus/v2/SynIB_RMask_U_REFABL_cremad_lam2x_fold0_l2.0_ir0.5_perturbrandom_fillema_pmin0.20_refuniform.pth.tar[39m
2026-07-26 05:04:39,037 - Evaluator - INFO - New best with loss-
2026-07-26 05:04:39,038 - Agent - INFO - [37mVal Epoch 15 step 15 with [31mce_loss_combined : 1.624787 [31mce_loss_c : 1.780899 [31mce_loss_g : 1.866166 [31mkl_synergy_rand_1 : 0.053026 [31mkl_synergy_rand_2 : 0.059107 [31mkl_synergy_1 : 0.051863 [31mkl_synergy_2 : 0.069837 [31mtotal : 1.858619 [31mdiag_kl_1 : 1.236382 [31mdiag_kl_2 : 1.103733 [94mAcc_combined: 60.48 [94mAcc_c: 44.76 [94mAcc_g: 32.69 [92mF1_combined: 57.01 [92mF1_c: 44.72 [92mF1_g: 27.91 [39m
2026-07-26 05:04:39,053 - Agent - INFO - [37mTest Epoch 15 step 15 with [31mce_loss_combined : 1.652073 [31mce_loss_c : 2.221973 [31mce_loss_g : 1.822719 [31mkl_synergy_rand_1 : 0.053944 [31mkl_synergy_rand_2 : 0.062069 [31mkl_synergy_1 : 0.055020 [31mkl_synergy_2 : 0.070184 [31mtotal : 1.893290 [31mdiag_kl_1 : 1.238118 [31mdiag_kl_2 : 1.022883 [94mAcc_combined: 58.95 [94mAcc_c: 40.16 [94mAcc_g: 36.93 [92mF1_combined: 53.86 [92mF1_c: 39.66 [92mF1_g: 30.15 [39m
2026-07-26 05:04:41,029 - Agent - INFO - [37mModel saved successfully at: ./data/data/2025_data/synergy/CremadPlus/v2/SynIB_RMask_U_REFABL_cremad_lam2x_fold0_l2.0_ir0.5_perturbrandom_fillema_pmin0.20_refuniform.pth.tar[39m
2026-07-26 05:06:15,980 - Agent - INFO - [37mVal Epoch 16 step 16 with [31mce_loss_combined : 1.625004 [31mce_loss_c : 1.744778 [31mce_loss_g : 1.874075 [31mkl_synergy_rand_1 : 0.052244 [31mkl_synergy_rand_2 : 0.056536 [31mkl_synergy_1 : 0.052117 [31mkl_synergy_2 : 0.066852 [31mtotal : 1.852752 [31mdiag_kl_1 : 1.238010 [31mdiag_kl_2 : 1.109810 [94mAcc_combined: 61.16 [94mAcc_c: 43.96 [94mAcc_g: 32.57 [92mF1_combined: 58.04 [92mF1_c: 43.80 [92mF1_g: 26.97 [39m
2026-07-26 05:06:15,996 - Agent - INFO - [37mTest Epoch 16 step 16 with [31mce_loss_combined : 1.653214 [31mce_loss_c : 2.166383 [31mce_loss_g : 1.835281 [31mkl_synergy_rand_1 : 0.052244 [31mkl_synergy_rand_2 : 0.057256 [31mkl_synergy_1 : 0.052320 [31mkl_synergy_2 : 0.066957 [31mtotal : 1.881992 [31mdiag_kl_1 : 1.234132 [31mdiag_kl_2 : 1.033962 [94mAcc_combined: 58.84 [94mAcc_c: 38.93 [94mAcc_g: 34.37 [92mF1_combined: 53.73 [92mF1_c: 38.50 [92mF1_g: 27.43 [39m
2026-07-26 05:07:35,339 - Agent - INFO - [37mVal Epoch 17 step 17 with [31mce_loss_combined : 1.630323 [31mce_loss_c : 1.722679 [31mce_loss_g : 1.859668 [31mkl_synergy_rand_1 : 0.051351 [31mkl_synergy_rand_2 : 0.055668 [31mkl_synergy_1 : 0.048566 [31mkl_synergy_2 : 0.065416 [31mtotal : 1.851324 [31mdiag_kl_1 : 1.244107 [31mdiag_kl_2 : 1.109553 [94mAcc_combined: 59.45 [94mAcc_c: 41.80 [94mAcc_g: 30.41 [92mF1_combined: 56.29 [92mF1_c: 42.55 [92mF1_g: 25.12 [39m
2026-07-26 05:07:35,355 - Agent - INFO - [37mTest Epoch 17 step 17 with [31mce_loss_combined : 1.657537 [31mce_loss_c : 2.067015 [31mce_loss_g : 1.790104 [31mkl_synergy_rand_1 : 0.051426 [31mkl_synergy_rand_2 : 0.057983 [31mkl_synergy_1 : 0.053331 [31mkl_synergy_2 : 0.066597 [31mtotal : 1.886874 [31mdiag_kl_1 : 1.241832 [31mdiag_kl_2 : 1.026786 [94mAcc_combined: 58.51 [94mAcc_c: 38.15 [94mAcc_g: 34.82 [92mF1_combined: 52.84 [92mF1_c: 38.72 [92mF1_g: 29.14 [39m
2026-07-26 05:09:04,178 - Agent - INFO - [37mVal Epoch 18 step 18 with [31mce_loss_combined : 1.627455 [31mce_loss_c : 1.754168 [31mce_loss_g : 1.945497 [31mkl_synergy_rand_1 : 0.052970 [31mkl_synergy_rand_2 : 0.055812 [31mkl_synergy_1 : 0.050793 [31mkl_synergy_2 : 0.063470 [31mtotal : 1.850500 [31mdiag_kl_1 : 1.226979 [31mdiag_kl_2 : 1.116039 [94mAcc_combined: 59.91 [94mAcc_c: 39.75 [94mAcc_g: 28.02 [92mF1_combined: 56.80 [92mF1_c: 40.80 [92mF1_g: 23.40 [39m
2026-07-26 05:09:04,194 - Agent - INFO - [37mTest Epoch 18 step 18 with [31mce_loss_combined : 1.650445 [31mce_loss_c : 2.086624 [31mce_loss_g : 1.898761 [31mkl_synergy_rand_1 : 0.049445 [31mkl_synergy_rand_2 : 0.055887 [31mkl_synergy_1 : 0.052002 [31mkl_synergy_2 : 0.063736 [31mtotal : 1.871515 [31mdiag_kl_1 : 1.237962 [31mdiag_kl_2 : 1.040635 [94mAcc_combined: 59.40 [94mAcc_c: 36.48 [94mAcc_g: 28.59 [92mF1_combined: 54.40 [92mF1_c: 37.13 [92mF1_g: 22.66 [39m
2026-07-26 05:10:36,879 - Agent - INFO - [37mVal Epoch 19 step 19 with [31mce_loss_combined : 1.636999 [31mce_loss_c : 1.724971 [31mce_loss_g : 1.940993 [31mkl_synergy_rand_1 : 0.049324 [31mkl_synergy_rand_2 : 0.051982 [31mkl_synergy_1 : 0.048211 [31mkl_synergy_2 : 0.060475 [31mtotal : 1.846992 [31mdiag_kl_1 : 1.241432 [31mdiag_kl_2 : 1.124490 [94mAcc_combined: 60.36 [94mAcc_c: 38.84 [94mAcc_g: 26.54 [92mF1_combined: 57.20 [92mF1_c: 40.14 [92mF1_g: 19.72 [39m
2026-07-26 05:10:36,896 - Agent - INFO - [37mTest Epoch 19 step 19 with [31mce_loss_combined : 1.664136 [31mce_loss_c : 2.019642 [31mce_loss_g : 1.905665 [31mkl_synergy_rand_1 : 0.048855 [31mkl_synergy_rand_2 : 0.054026 [31mkl_synergy_1 : 0.044954 [31mkl_synergy_2 : 0.060986 [31mtotal : 1.872956 [31mdiag_kl_1 : 1.239992 [31mdiag_kl_2 : 1.039848 [94mAcc_combined: 57.84 [94mAcc_c: 35.71 [94mAcc_g: 28.03 [92mF1_combined: 52.37 [92mF1_c: 36.22 [92mF1_g: 21.45 [39m
2026-07-26 05:12:04,319 - Agent - INFO - [37mVal Epoch 20 step 20 with [31mce_loss_combined : 1.627133 [31mce_loss_c : 1.753794 [31mce_loss_g : 1.948462 [31mkl_synergy_rand_1 : 0.052206 [31mkl_synergy_rand_2 : 0.052756 [31mkl_synergy_1 : 0.050259 [31mkl_synergy_2 : 0.061004 [31mtotal : 1.843359 [31mdiag_kl_1 : 1.221216 [31mdiag_kl_2 : 1.128032 [94mAcc_combined: 61.28 [94mAcc_c: 36.10 [94mAcc_g: 25.51 [92mF1_combined: 58.39 [92mF1_c: 37.37 [92mF1_g: 19.71 [39m
2026-07-26 05:12:04,336 - Agent - INFO - [37mTest Epoch 20 step 20 with [31mce_loss_combined : 1.650688 [31mce_loss_c : 2.001042 [31mce_loss_g : 1.915799 [31mkl_synergy_rand_1 : 0.049033 [31mkl_synergy_rand_2 : 0.054886 [31mkl_synergy_1 : 0.048295 [31mkl_synergy_2 : 0.060366 [31mtotal : 1.863267 [31mdiag_kl_1 : 1.231490 [31mdiag_kl_2 : 1.046772 [94mAcc_combined: 58.62 [94mAcc_c: 35.60 [94mAcc_g: 26.81 [92mF1_combined: 53.25 [92mF1_c: 36.02 [92mF1_g: 21.63 [39m
2026-07-26 05:13:33,361 - Agent - INFO - [37mVal Epoch 21 step 21 with [31mce_loss_combined : 1.627290 [31mce_loss_c : 1.807476 [31mce_loss_g : 1.940787 [31mkl_synergy_rand_1 : 0.051777 [31mkl_synergy_rand_2 : 0.051157 [31mkl_synergy_1 : 0.051391 [31mkl_synergy_2 : 0.057408 [31mtotal : 1.839023 [31mdiag_kl_1 : 1.210934 [31mdiag_kl_2 : 1.140512 [94mAcc_combined: 61.85 [94mAcc_c: 34.05 [94mAcc_g: 23.80 [92mF1_combined: 59.40 [92mF1_c: 34.67 [92mF1_g: 18.29 [39m
2026-07-26 05:13:33,377 - Agent - INFO - [37mTest Epoch 21 step 21 with [31mce_loss_combined : 1.650576 [31mce_loss_c : 2.028167 [31mce_loss_g : 1.903359 [31mkl_synergy_rand_1 : 0.050744 [31mkl_synergy_rand_2 : 0.050662 [31mkl_synergy_1 : 0.047986 [31mkl_synergy_2 : 0.057646 [31mtotal : 1.857615 [31mdiag_kl_1 : 1.212652 [31mdiag_kl_2 : 1.058116 [94mAcc_combined: 59.40 [94mAcc_c: 32.37 [94mAcc_g: 26.59 [92mF1_combined: 54.81 [92mF1_c: 31.77 [92mF1_g: 22.23 [39m
2026-07-26 05:15:00,721 - Agent - INFO - [37mVal Epoch 22 step 22 with [31mce_loss_combined : 1.633482 [31mce_loss_c : 1.775222 [31mce_loss_g : 1.991378 [31mkl_synergy_rand_1 : 0.049001 [31mkl_synergy_rand_2 : 0.049802 [31mkl_synergy_1 : 0.049659 [31mkl_synergy_2 : 0.056836 [31mtotal : 1.838780 [31mdiag_kl_1 : 1.223274 [31mdiag_kl_2 : 1.138110 [94mAcc_combined: 61.50 [94mAcc_c: 34.51 [94mAcc_g: 21.98 [92mF1_combined: 58.91 [92mF1_c: 35.76 [92mF1_g: 16.26 [39m
2026-07-26 05:15:00,737 - Agent - INFO - [37mTest Epoch 22 step 22 with [31mce_loss_combined : 1.659975 [31mce_loss_c : 1.968014 [31mce_loss_g : 1.965462 [31mkl_synergy_rand_1 : 0.048468 [31mkl_synergy_rand_2 : 0.049222 [31mkl_synergy_1 : 0.046530 [31mkl_synergy_2 : 0.057189 [31mtotal : 1.861384 [31mdiag_kl_1 : 1.222312 [31mdiag_kl_2 : 1.061611 [94mAcc_combined: 58.40 [94mAcc_c: 31.03 [94mAcc_g: 23.14 [92mF1_combined: 53.75 [92mF1_c: 30.88 [92mF1_g: 19.51 [39m
2026-07-26 05:16:24,716 - Agent - INFO - [37mVal Epoch 23 step 23 with [31mce_loss_combined : 1.636039 [31mce_loss_c : 1.820698 [31mce_loss_g : 1.976973 [31mkl_synergy_rand_1 : 0.049907 [31mkl_synergy_rand_2 : 0.048136 [31mkl_synergy_1 : 0.050763 [31mkl_synergy_2 : 0.054819 [31mtotal : 1.839663 [31mdiag_kl_1 : 1.213771 [31mdiag_kl_2 : 1.156840 [94mAcc_combined: 62.41 [94mAcc_c: 32.00 [94mAcc_g: 21.53 [92mF1_combined: 60.01 [92mF1_c: 33.03 [92mF1_g: 15.98 [39m
2026-07-26 05:16:24,732 - Agent - INFO - [37mTest Epoch 23 step 23 with [31mce_loss_combined : 1.663122 [31mce_loss_c : 1.981230 [31mce_loss_g : 1.951125 [31mkl_synergy_rand_1 : 0.048627 [31mkl_synergy_rand_2 : 0.048729 [31mkl_synergy_1 : 0.049486 [31mkl_synergy_2 : 0.054924 [31mtotal : 1.864888 [31mdiag_kl_1 : 1.223262 [31mdiag_kl_2 : 1.069406 [94mAcc_combined: 56.28 [94mAcc_c: 28.59 [94mAcc_g: 23.14 [92mF1_combined: 52.18 [92mF1_c: 27.97 [92mF1_g: 19.69 [39m
2026-07-26 05:17:52,392 - Agent - INFO - [37mVal Epoch 24 step 24 with [31mce_loss_combined : 1.638998 [31mce_loss_c : 1.838775 [31mce_loss_g : 1.951510 [31mkl_synergy_rand_1 : 0.047963 [31mkl_synergy_rand_2 : 0.047787 [31mkl_synergy_1 : 0.048585 [31mkl_synergy_2 : 0.052858 [31mtotal : 1.836191 [31mdiag_kl_1 : 1.217199 [31mdiag_kl_2 : 1.157536 [94mAcc_combined: 63.21 [94mAcc_c: 30.41 [94mAcc_g: 22.44 [92mF1_combined: 60.17 [92mF1_c: 31.31 [92mF1_g: 16.12 [39m
2026-07-26 05:17:52,409 - Agent - INFO - [37mTest Epoch 24 step 24 with [31mce_loss_combined : 1.673026 [31mce_loss_c : 1.971133 [31mce_loss_g : 1.929994 [31mkl_synergy_rand_1 : 0.045775 [31mkl_synergy_rand_2 : 0.044978 [31mkl_synergy_1 : 0.045620 [31mkl_synergy_2 : 0.051430 [31mtotal : 1.860829 [31mdiag_kl_1 : 1.229780 [31mdiag_kl_2 : 1.081017 [94mAcc_combined: 57.40 [94mAcc_c: 27.92 [94mAcc_g: 23.14 [92mF1_combined: 53.45 [92mF1_c: 27.18 [92mF1_g: 19.45 [39m
2026-07-26 05:19:18,244 - Agent - INFO - [37mVal Epoch 25 step 25 with [31mce_loss_combined : 1.635793 [31mce_loss_c : 1.883369 [31mce_loss_g : 1.940997 [31mkl_synergy_rand_1 : 0.049863 [31mkl_synergy_rand_2 : 0.048085 [31mkl_synergy_1 : 0.051057 [31mkl_synergy_2 : 0.054053 [31mtotal : 1.838852 [31mdiag_kl_1 : 1.210333 [31mdiag_kl_2 : 1.157292 [94mAcc_combined: 62.30 [94mAcc_c: 28.93 [94mAcc_g: 23.01 [92mF1_combined: 59.89 [92mF1_c: 29.21 [92mF1_g: 16.90 [39m
2026-07-26 05:19:18,263 - Agent - INFO - [37mTest Epoch 25 step 25 with [31mce_loss_combined : 1.665390 [31mce_loss_c : 1.997092 [31mce_loss_g : 1.903524 [31mkl_synergy_rand_1 : 0.048058 [31mkl_synergy_rand_2 : 0.047628 [31mkl_synergy_1 : 0.048024 [31mkl_synergy_2 : 0.051065 [31mtotal : 1.860165 [31mdiag_kl_1 : 1.219619 [31mdiag_kl_2 : 1.076328 [94mAcc_combined: 57.40 [94mAcc_c: 25.81 [94mAcc_g: 24.58 [92mF1_combined: 53.93 [92mF1_c: 24.80 [92mF1_g: 21.21 [39m
2026-07-26 05:20:48,982 - Agent - INFO - [37mVal Epoch 26 step 26 with [31mce_loss_combined : 1.632999 [31mce_loss_c : 1.906036 [31mce_loss_g : 1.930477 [31mkl_synergy_rand_1 : 0.050880 [31mkl_synergy_rand_2 : 0.048329 [31mkl_synergy_1 : 0.051970 [31mkl_synergy_2 : 0.054706 [31mtotal : 1.838884 [31mdiag_kl_1 : 1.203014 [31mdiag_kl_2 : 1.157513 [94mAcc_combined: 62.19 [94mAcc_c: 27.90 [94mAcc_g: 23.12 [92mF1_combined: 59.77 [92mF1_c: 28.04 [92mF1_g: 17.14 [39m
2026-07-26 05:20:49,001 - Agent - INFO - [37mTest Epoch 26 step 26 with [31mce_loss_combined : 1.665173 [31mce_loss_c : 2.012212 [31mce_loss_g : 1.899931 [31mkl_synergy_rand_1 : 0.048113 [31mkl_synergy_rand_2 : 0.046834 [31mkl_synergy_1 : 0.047938 [31mkl_synergy_2 : 0.050290 [31mtotal : 1.858347 [31mdiag_kl_1 : 1.213140 [31mdiag_kl_2 : 1.081789 [94mAcc_combined: 57.51 [94mAcc_c: 25.70 [94mAcc_g: 24.69 [92mF1_combined: 54.13 [92mF1_c: 24.42 [92mF1_g: 21.21 [39m
2026-07-26 05:22:16,204 - Agent - INFO - [37mVal Epoch 27 step 27 with [31mce_loss_combined : 1.633006 [31mce_loss_c : 1.918585 [31mce_loss_g : 1.941185 [31mkl_synergy_rand_1 : 0.049840 [31mkl_synergy_rand_2 : 0.048115 [31mkl_synergy_1 : 0.051796 [31mkl_synergy_2 : 0.053607 [31mtotal : 1.836365 [31mdiag_kl_1 : 1.205175 [31mdiag_kl_2 : 1.154119 [94mAcc_combined: 62.87 [94mAcc_c: 27.45 [94mAcc_g: 22.67 [92mF1_combined: 60.15 [92mF1_c: 27.59 [92mF1_g: 16.37 [39m
2026-07-26 05:22:16,226 - Agent - INFO - [37mTest Epoch 27 step 27 with [31mce_loss_combined : 1.664855 [31mce_loss_c : 2.012729 [31mce_loss_g : 1.907306 [31mkl_synergy_rand_1 : 0.048520 [31mkl_synergy_rand_2 : 0.047238 [31mkl_synergy_1 : 0.047317 [31mkl_synergy_2 : 0.051288 [31mtotal : 1.859218 [31mdiag_kl_1 : 1.216269 [31mdiag_kl_2 : 1.080864 [94mAcc_combined: 57.95 [94mAcc_c: 25.03 [94mAcc_g: 24.36 [92mF1_combined: 54.62 [92mF1_c: 23.59 [92mF1_g: 21.34 [39m
2026-07-26 05:23:42,851 - Agent - INFO - [37mVal Epoch 28 step 28 with [31mce_loss_combined : 1.632379 [31mce_loss_c : 1.929151 [31mce_loss_g : 1.932172 [31mkl_synergy_rand_1 : 0.051187 [31mkl_synergy_rand_2 : 0.049015 [31mkl_synergy_1 : 0.052388 [31mkl_synergy_2 : 0.053791 [31mtotal : 1.838761 [31mdiag_kl_1 : 1.202590 [31mdiag_kl_2 : 1.156993 [94mAcc_combined: 62.30 [94mAcc_c: 26.99 [94mAcc_g: 23.01 [92mF1_combined: 59.99 [92mF1_c: 27.09 [92mF1_g: 16.52 [39m
2026-07-26 05:23:42,867 - Agent - INFO - [37mTest Epoch 28 step 28 with [31mce_loss_combined : 1.665073 [31mce_loss_c : 2.022101 [31mce_loss_g : 1.900483 [31mkl_synergy_rand_1 : 0.048492 [31mkl_synergy_rand_2 : 0.049647 [31mkl_synergy_1 : 0.049863 [31mkl_synergy_2 : 0.051813 [31mtotal : 1.864888 [31mdiag_kl_1 : 1.214815 [31mdiag_kl_2 : 1.081005 [94mAcc_combined: 57.06 [94mAcc_c: 24.14 [94mAcc_g: 24.92 [92mF1_combined: 53.89 [92mF1_c: 23.05 [92mF1_g: 21.60 [39m
2026-07-26 05:25:10,942 - Agent - INFO - [37mVal Epoch 29 step 29 with [31mce_loss_combined : 1.630691 [31mce_loss_c : 1.946838 [31mce_loss_g : 1.931447 [31mkl_synergy_rand_1 : 0.052396 [31mkl_synergy_rand_2 : 0.049465 [31mkl_synergy_1 : 0.051665 [31mkl_synergy_2 : 0.054742 [31mtotal : 1.838960 [31mdiag_kl_1 : 1.197972 [31mdiag_kl_2 : 1.158288 [94mAcc_combined: 62.76 [94mAcc_c: 26.88 [94mAcc_g: 22.67 [92mF1_combined: 60.43 [92mF1_c: 26.70 [92mF1_g: 16.13 [39m
2026-07-26 05:25:10,959 - Agent - INFO - [37mTest Epoch 29 step 29 with [31mce_loss_combined : 1.663876 [31mce_loss_c : 2.039510 [31mce_loss_g : 1.897745 [31mkl_synergy_rand_1 : 0.048695 [31mkl_synergy_rand_2 : 0.050191 [31mkl_synergy_1 : 0.050045 [31mkl_synergy_2 : 0.050271 [31mtotal : 1.863079 [31mdiag_kl_1 : 1.216309 [31mdiag_kl_2 : 1.078279 [94mAcc_combined: 57.73 [94mAcc_c: 24.03 [94mAcc_g: 25.03 [92mF1_combined: 54.56 [92mF1_c: 22.74 [92mF1_g: 21.85 [39m
2026-07-26 05:26:39,051 - Agent - INFO - [37mVal Epoch 30 step 30 with [31mce_loss_combined : 1.629271 [31mce_loss_c : 1.966641 [31mce_loss_g : 1.927983 [31mkl_synergy_rand_1 : 0.052033 [31mkl_synergy_rand_2 : 0.047425 [31mkl_synergy_1 : 0.051720 [31mkl_synergy_2 : 0.054547 [31mtotal : 1.834996 [31mdiag_kl_1 : 1.200070 [31mdiag_kl_2 : 1.162816 [94mAcc_combined: 62.87 [94mAcc_c: 26.65 [94mAcc_g: 23.35 [92mF1_combined: 60.23 [92mF1_c: 26.66 [92mF1_g: 16.86 [39m
2026-07-26 05:26:39,068 - Agent - INFO - [37mTest Epoch 30 step 30 with [31mce_loss_combined : 1.659745 [31mce_loss_c : 2.054215 [31mce_loss_g : 1.896743 [31mkl_synergy_rand_1 : 0.051239 [31mkl_synergy_rand_2 : 0.046015 [31mkl_synergy_1 : 0.048132 [31mkl_synergy_2 : 0.053569 [31mtotal : 1.858701 [31mdiag_kl_1 : 1.206109 [31mdiag_kl_2 : 1.079982 [94mAcc_combined: 57.95 [94mAcc_c: 24.69 [94mAcc_g: 24.92 [92mF1_combined: 54.98 [92mF1_c: 23.42 [92mF1_g: 21.64 [39m
2026-07-26 05:28:13,190 - Agent - INFO - [37mVal Epoch 31 step 31 with [31mce_loss_combined : 1.629382 [31mce_loss_c : 1.973008 [31mce_loss_g : 1.929846 [31mkl_synergy_rand_1 : 0.051891 [31mkl_synergy_rand_2 : 0.048676 [31mkl_synergy_1 : 0.053391 [31mkl_synergy_2 : 0.055081 [31mtotal : 1.838421 [31mdiag_kl_1 : 1.195039 [31mdiag_kl_2 : 1.162791 [94mAcc_combined: 62.53 [94mAcc_c: 26.65 [94mAcc_g: 23.23 [92mF1_combined: 59.90 [92mF1_c: 26.42 [92mF1_g: 16.74 [39m
2026-07-26 05:28:13,206 - Agent - INFO - [37mTest Epoch 31 step 31 with [31mce_loss_combined : 1.660689 [31mce_loss_c : 2.058864 [31mce_loss_g : 1.897703 [31mkl_synergy_rand_1 : 0.049198 [31mkl_synergy_rand_2 : 0.047508 [31mkl_synergy_1 : 0.047742 [31mkl_synergy_2 : 0.051360 [31mtotal : 1.856497 [31mdiag_kl_1 : 1.210449 [31mdiag_kl_2 : 1.081972 [94mAcc_combined: 56.95 [94mAcc_c: 24.25 [94mAcc_g: 25.03 [92mF1_combined: 53.99 [92mF1_c: 22.84 [92mF1_g: 21.89 [39m
2026-07-26 05:29:45,301 - Agent - INFO - [37mVal Epoch 32 step 32 with [31mce_loss_combined : 1.631904 [31mce_loss_c : 1.959504 [31mce_loss_g : 1.925705 [31mkl_synergy_rand_1 : 0.051119 [31mkl_synergy_rand_2 : 0.048131 [31mkl_synergy_1 : 0.053524 [31mkl_synergy_2 : 0.054949 [31mtotal : 1.839626 [31mdiag_kl_1 : 1.199800 [31mdiag_kl_2 : 1.163029 [94mAcc_combined: 61.73 [94mAcc_c: 26.65 [94mAcc_g: 23.58 [92mF1_combined: 59.50 [92mF1_c: 26.53 [92mF1_g: 16.99 [39m
2026-07-26 05:29:45,320 - Agent - INFO - [37mTest Epoch 32 step 32 with [31mce_loss_combined : 1.662025 [31mce_loss_c : 2.046136 [31mce_loss_g : 1.894232 [31mkl_synergy_rand_1 : 0.049695 [31mkl_synergy_rand_2 : 0.047819 [31mkl_synergy_1 : 0.050551 [31mkl_synergy_2 : 0.052922 [31mtotal : 1.863012 [31mdiag_kl_1 : 1.210145 [31mdiag_kl_2 : 1.084866 [94mAcc_combined: 57.62 [94mAcc_c: 23.92 [94mAcc_g: 25.70 [92mF1_combined: 54.64 [92mF1_c: 22.62 [92mF1_g: 22.18 [39m
2026-07-26 05:31:22,616 - Agent - INFO - [37mVal Epoch 33 step 33 with [31mce_loss_combined : 1.643209 [31mce_loss_c : 2.004236 [31mce_loss_g : 1.939937 [31mkl_synergy_rand_1 : 0.047698 [31mkl_synergy_rand_2 : 0.046377 [31mkl_synergy_1 : 0.049286 [31mkl_synergy_2 : 0.050724 [31mtotal : 1.837293 [31mdiag_kl_1 : 1.205587 [31mdiag_kl_2 : 1.164678 [94mAcc_combined: 61.73 [94mAcc_c: 24.49 [94mAcc_g: 22.44 [92mF1_combined: 59.18 [92mF1_c: 24.98 [92mF1_g: 15.97 [39m
2026-07-26 05:31:22,639 - Agent - INFO - [37mTest Epoch 33 step 33 with [31mce_loss_combined : 1.666874 [31mce_loss_c : 2.071753 [31mce_loss_g : 1.906771 [31mkl_synergy_rand_1 : 0.045969 [31mkl_synergy_rand_2 : 0.046250 [31mkl_synergy_1 : 0.046457 [31mkl_synergy_2 : 0.049104 [31mtotal : 1.854654 [31mdiag_kl_1 : 1.220060 [31mdiag_kl_2 : 1.087874 [94mAcc_combined: 57.06 [94mAcc_c: 22.02 [94mAcc_g: 22.36 [92mF1_combined: 54.17 [92mF1_c: 21.37 [92mF1_g: 19.83 [39m
2026-07-26 05:32:45,665 - Agent - INFO - [37mVal Epoch 34 step 34 with [31mce_loss_combined : 1.637199 [31mce_loss_c : 2.050956 [31mce_loss_g : 1.925282 [31mkl_synergy_rand_1 : 0.050974 [31mkl_synergy_rand_2 : 0.047022 [31mkl_synergy_1 : 0.050821 [31mkl_synergy_2 : 0.050857 [31mtotal : 1.836873 [31mdiag_kl_1 : 1.192042 [31mdiag_kl_2 : 1.165252 [94mAcc_combined: 63.44 [94mAcc_c: 23.46 [94mAcc_g: 23.01 [92mF1_combined: 60.44 [92mF1_c: 23.47 [92mF1_g: 16.83 [39m
2026-07-26 05:32:45,685 - Agent - INFO - [37mTest Epoch 34 step 34 with [31mce_loss_combined : 1.670251 [31mce_loss_c : 2.083218 [31mce_loss_g : 1.899671 [31mkl_synergy_rand_1 : 0.048364 [31mkl_synergy_rand_2 : 0.045478 [31mkl_synergy_1 : 0.047629 [31mkl_synergy_2 : 0.048651 [31mtotal : 1.860373 [31mdiag_kl_1 : 1.206082 [31mdiag_kl_2 : 1.093779 [94mAcc_combined: 58.06 [94mAcc_c: 20.02 [94mAcc_g: 23.69 [92mF1_combined: 55.21 [92mF1_c: 18.75 [92mF1_g: 20.81 [39m
2026-07-26 05:34:22,211 - Evaluator - INFO - New best with accuracy-
2026-07-26 05:34:22,212 - Agent - INFO - [37mVal Epoch 35 step 35 with [31mce_loss_combined : 1.637108 [31mce_loss_c : 2.101691 [31mce_loss_g : 1.901791 [31mkl_synergy_rand_1 : 0.048759 [31mkl_synergy_rand_2 : 0.045624 [31mkl_synergy_1 : 0.049473 [31mkl_synergy_2 : 0.049285 [31mtotal : 1.830249 [31mdiag_kl_1 : 1.196121 [31mdiag_kl_2 : 1.172579 [94mAcc_combined: 63.55 [94mAcc_c: 19.02 [94mAcc_g: 24.72 [92mF1_combined: 60.75 [92mF1_c: 19.54 [92mF1_g: 17.37 [39m
2026-07-26 05:34:22,227 - Agent - INFO - [37mTest Epoch 35 step 35 with [31mce_loss_combined : 1.675772 [31mce_loss_c : 2.119061 [31mce_loss_g : 1.858153 [31mkl_synergy_rand_1 : 0.046051 [31mkl_synergy_rand_2 : 0.043240 [31mkl_synergy_1 : 0.046481 [31mkl_synergy_2 : 0.044239 [31mtotal : 1.855783 [31mdiag_kl_1 : 1.210772 [31mdiag_kl_2 : 1.097584 [94mAcc_combined: 57.17 [94mAcc_c: 16.35 [94mAcc_g: 26.25 [92mF1_combined: 54.20 [92mF1_c: 16.24 [92mF1_g: 22.46 [39m
2026-07-26 05:34:23,896 - Agent - INFO - [37mModel saved successfully at: ./data/data/2025_data/synergy/CremadPlus/v2/SynIB_RMask_U_REFABL_cremad_lam2x_fold0_l2.0_ir0.5_perturbrandom_fillema_pmin0.20_refuniform.pth.tar[39m
2026-07-26 05:35:51,741 - Agent - INFO - [37mVal Epoch 36 step 36 with [31mce_loss_combined : 1.640701 [31mce_loss_c : 2.165425 [31mce_loss_g : 1.903026 [31mkl_synergy_rand_1 : 0.049613 [31mkl_synergy_rand_2 : 0.045589 [31mkl_synergy_1 : 0.049076 [31mkl_synergy_2 : 0.047902 [31mtotal : 1.832881 [31mdiag_kl_1 : 1.198356 [31mdiag_kl_2 : 1.185221 [94mAcc_combined: 61.73 [94mAcc_c: 16.40 [94mAcc_g: 25.40 [92mF1_combined: 59.83 [92mF1_c: 15.99 [92mF1_g: 18.24 [39m
2026-07-26 05:35:51,762 - Agent - INFO - [37mTest Epoch 36 step 36 with [31mce_loss_combined : 1.665790 [31mce_loss_c : 2.213861 [31mce_loss_g : 1.867747 [31mkl_synergy_rand_1 : 0.050968 [31mkl_synergy_rand_2 : 0.046731 [31mkl_synergy_1 : 0.050645 [31mkl_synergy_2 : 0.048273 [31mtotal : 1.862408 [31mdiag_kl_1 : 1.199761 [31mdiag_kl_2 : 1.104579 [94mAcc_combined: 56.95 [94mAcc_c: 13.13 [94mAcc_g: 24.25 [92mF1_combined: 54.53 [92mF1_c: 12.41 [92mF1_g: 20.04 [39m
2026-07-26 05:37:27,804 - Evaluator - INFO - New best with accuracy-
2026-07-26 05:37:27,805 - Agent - INFO - [37mVal Epoch 37 step 37 with [31mce_loss_combined : 1.638344 [31mce_loss_c : 2.206525 [31mce_loss_g : 1.878359 [31mkl_synergy_rand_1 : 0.049625 [31mkl_synergy_rand_2 : 0.044470 [31mkl_synergy_1 : 0.048015 [31mkl_synergy_2 : 0.049343 [31mtotal : 1.829797 [31mdiag_kl_1 : 1.192710 [31mdiag_kl_2 : 1.187251 [94mAcc_combined: 63.78 [94mAcc_c: 14.01 [94mAcc_g: 27.11 [92mF1_combined: 61.84 [92mF1_c: 13.91 [92mF1_g: 19.07 [39m
2026-07-26 05:37:27,822 - Agent - INFO - [37mTest Epoch 37 step 37 with [31mce_loss_combined : 1.663592 [31mce_loss_c : 2.214459 [31mce_loss_g : 1.829758 [31mkl_synergy_rand_1 : 0.049648 [31mkl_synergy_rand_2 : 0.044112 [31mkl_synergy_1 : 0.048112 [31mkl_synergy_2 : 0.046999 [31mtotal : 1.852464 [31mdiag_kl_1 : 1.201235 [31mdiag_kl_2 : 1.112996 [94mAcc_combined: 58.18 [94mAcc_c: 12.01 [94mAcc_g: 27.47 [92mF1_combined: 55.69 [92mF1_c: 11.57 [92mF1_g: 22.16 [39m
2026-07-26 05:37:29,379 - Agent - INFO - [37mModel saved successfully at: ./data/data/2025_data/synergy/CremadPlus/v2/SynIB_RMask_U_REFABL_cremad_lam2x_fold0_l2.0_ir0.5_perturbrandom_fillema_pmin0.20_refuniform.pth.tar[39m
2026-07-26 05:39:03,453 - Agent - INFO - [37mVal Epoch 38 step 38 with [31mce_loss_combined : 1.642484 [31mce_loss_c : 2.237219 [31mce_loss_g : 1.907547 [31mkl_synergy_rand_1 : 0.048615 [31mkl_synergy_rand_2 : 0.044743 [31mkl_synergy_1 : 0.049002 [31mkl_synergy_2 : 0.047933 [31mtotal : 1.832776 [31mdiag_kl_1 : 1.197753 [31mdiag_kl_2 : 1.190901 [94mAcc_combined: 63.78 [94mAcc_c: 10.93 [94mAcc_g: 25.74 [92mF1_combined: 61.85 [92mF1_c: 11.05 [92mF1_g: 18.00 [39m
2026-07-26 05:39:03,473 - Agent - INFO - [37mTest Epoch 38 step 38 with [31mce_loss_combined : 1.668544 [31mce_loss_c : 2.236857 [31mce_loss_g : 1.842466 [31mkl_synergy_rand_1 : 0.046267 [31mkl_synergy_rand_2 : 0.042881 [31mkl_synergy_1 : 0.045941 [31mkl_synergy_2 : 0.044624 [31mtotal : 1.848256 [31mdiag_kl_1 : 1.211466 [31mdiag_kl_2 : 1.118712 [94mAcc_combined: 57.29 [94mAcc_c: 8.68 [94mAcc_g: 27.92 [92mF1_combined: 54.52 [92mF1_c: 8.72 [92mF1_g: 22.82 [39m
2026-07-26 05:40:33,841 - Evaluator - INFO - New best with accuracy-
2026-07-26 05:40:33,841 - Agent - INFO - [37mVal Epoch 39 step 39 with [31mce_loss_combined : 1.639106 [31mce_loss_c : 2.284053 [31mce_loss_g : 1.905520 [31mkl_synergy_rand_1 : 0.050172 [31mkl_synergy_rand_2 : 0.044238 [31mkl_synergy_1 : 0.050726 [31mkl_synergy_2 : 0.046855 [31mtotal : 1.831098 [31mdiag_kl_1 : 1.189203 [31mdiag_kl_2 : 1.189295 [94mAcc_combined: 64.01 [94mAcc_c: 10.02 [94mAcc_g: 25.85 [92mF1_combined: 61.75 [92mF1_c: 9.68 [92mF1_g: 17.95 [39m
2026-07-26 05:40:33,862 - Agent - INFO - [37mTest Epoch 39 step 39 with [31mce_loss_combined : 1.669941 [31mce_loss_c : 2.283334 [31mce_loss_g : 1.851995 [31mkl_synergy_rand_1 : 0.048995 [31mkl_synergy_rand_2 : 0.043659 [31mkl_synergy_1 : 0.048889 [31mkl_synergy_2 : 0.044972 [31mtotal : 1.856455 [31mdiag_kl_1 : 1.197976 [31mdiag_kl_2 : 1.110732 [94mAcc_combined: 57.40 [94mAcc_c: 9.34 [94mAcc_g: 27.47 [92mF1_combined: 54.46 [92mF1_c: 8.85 [92mF1_g: 21.77 [39m
2026-07-26 05:40:35,956 - Agent - INFO - [37mModel saved successfully at: ./data/data/2025_data/synergy/CremadPlus/v2/SynIB_RMask_U_REFABL_cremad_lam2x_fold0_l2.0_ir0.5_perturbrandom_fillema_pmin0.20_refuniform.pth.tar[39m
2026-07-26 05:42:01,795 - Agent - INFO - [37mVal Epoch 40 step 40 with [31mce_loss_combined : 1.642482 [31mce_loss_c : 2.292048 [31mce_loss_g : 1.890560 [31mkl_synergy_rand_1 : 0.048838 [31mkl_synergy_rand_2 : 0.044483 [31mkl_synergy_1 : 0.049251 [31mkl_synergy_2 : 0.046943 [31mtotal : 1.831997 [31mdiag_kl_1 : 1.191916 [31mdiag_kl_2 : 1.187793 [94mAcc_combined: 63.78 [94mAcc_c: 9.23 [94mAcc_g: 27.11 [92mF1_combined: 61.25 [92mF1_c: 9.45 [92mF1_g: 18.89 [39m
2026-07-26 05:42:01,811 - Agent - INFO - [37mTest Epoch 40 step 40 with [31mce_loss_combined : 1.668620 [31mce_loss_c : 2.286401 [31mce_loss_g : 1.830045 [31mkl_synergy_rand_1 : 0.048446 [31mkl_synergy_rand_2 : 0.043223 [31mkl_synergy_1 : 0.046385 [31mkl_synergy_2 : 0.044774 [31mtotal : 1.851449 [31mdiag_kl_1 : 1.201766 [31mdiag_kl_2 : 1.115308 [94mAcc_combined: 57.06 [94mAcc_c: 8.45 [94mAcc_g: 26.81 [92mF1_combined: 54.18 [92mF1_c: 7.90 [92mF1_g: 20.67 [39m
2026-07-26 05:43:31,241 - Agent - INFO - [37mVal Epoch 41 step 41 with [31mce_loss_combined : 1.633040 [31mce_loss_c : 2.405262 [31mce_loss_g : 1.874763 [31mkl_synergy_rand_1 : 0.051834 [31mkl_synergy_rand_2 : 0.045816 [31mkl_synergy_1 : 0.051433 [31mkl_synergy_2 : 0.047896 [31mtotal : 1.830020 [31mdiag_kl_1 : 1.176936 [31mdiag_kl_2 : 1.195642 [94mAcc_combined: 64.01 [94mAcc_c: 7.06 [94mAcc_g: 28.13 [92mF1_combined: 61.26 [92mF1_c: 6.21 [92mF1_g: 19.59 [39m
2026-07-26 05:43:31,256 - Agent - INFO - [37mTest Epoch 41 step 41 with [31mce_loss_combined : 1.664404 [31mce_loss_c : 2.389348 [31mce_loss_g : 1.814805 [31mkl_synergy_rand_1 : 0.050969 [31mkl_synergy_rand_2 : 0.046999 [31mkl_synergy_1 : 0.052064 [31mkl_synergy_2 : 0.047424 [31mtotal : 1.861859 [31mdiag_kl_1 : 1.185817 [31mdiag_kl_2 : 1.123688 [94mAcc_combined: 57.51 [94mAcc_c: 8.01 [94mAcc_g: 28.70 [92mF1_combined: 54.36 [92mF1_c: 7.02 [92mF1_g: 22.87 [39m
2026-07-26 05:44:55,545 - Agent - INFO - [37mVal Epoch 42 step 42 with [31mce_loss_combined : 1.630889 [31mce_loss_c : 2.420234 [31mce_loss_g : 1.842572 [31mkl_synergy_rand_1 : 0.053081 [31mkl_synergy_rand_2 : 0.047283 [31mkl_synergy_1 : 0.053555 [31mkl_synergy_2 : 0.048768 [31mtotal : 1.833576 [31mdiag_kl_1 : 1.170745 [31mdiag_kl_2 : 1.189034 [94mAcc_combined: 62.64 [94mAcc_c: 7.86 [94mAcc_g: 29.61 [92mF1_combined: 59.72 [92mF1_c: 6.71 [92mF1_g: 19.69 [39m
2026-07-26 05:44:55,587 - Agent - INFO - [37mTest Epoch 42 step 42 with [31mce_loss_combined : 1.664573 [31mce_loss_c : 2.407253 [31mce_loss_g : 1.782001 [31mkl_synergy_rand_1 : 0.052675 [31mkl_synergy_rand_2 : 0.047241 [31mkl_synergy_1 : 0.050323 [31mkl_synergy_2 : 0.045252 [31mtotal : 1.860065 [31mdiag_kl_1 : 1.185660 [31mdiag_kl_2 : 1.123010 [94mAcc_combined: 56.17 [94mAcc_c: 8.79 [94mAcc_g: 31.70 [92mF1_combined: 52.97 [92mF1_c: 7.49 [92mF1_g: 23.67 [39m
2026-07-26 05:46:20,663 - Agent - INFO - [37mVal Epoch 43 step 43 with [31mce_loss_combined : 1.637804 [31mce_loss_c : 2.424429 [31mce_loss_g : 1.853428 [31mkl_synergy_rand_1 : 0.051324 [31mkl_synergy_rand_2 : 0.044495 [31mkl_synergy_1 : 0.051158 [31mkl_synergy_2 : 0.046700 [31mtotal : 1.831480 [31mdiag_kl_1 : 1.181882 [31mdiag_kl_2 : 1.186688 [94mAcc_combined: 62.19 [94mAcc_c: 6.04 [94mAcc_g: 30.30 [92mF1_combined: 58.96 [92mF1_c: 5.53 [92mF1_g: 20.61 [39m
2026-07-26 05:46:20,681 - Agent - INFO - [37mTest Epoch 43 step 43 with [31mce_loss_combined : 1.667713 [31mce_loss_c : 2.397940 [31mce_loss_g : 1.790264 [31mkl_synergy_rand_1 : 0.048860 [31mkl_synergy_rand_2 : 0.045989 [31mkl_synergy_1 : 0.048841 [31mkl_synergy_2 : 0.046604 [31mtotal : 1.858007 [31mdiag_kl_1 : 1.194700 [31mdiag_kl_2 : 1.119906 [94mAcc_combined: 56.84 [94mAcc_c: 8.57 [94mAcc_g: 31.26 [92mF1_combined: 53.20 [92mF1_c: 7.90 [92mF1_g: 22.44 [39m
2026-07-26 05:47:56,170 - Agent - INFO - [37mVal Epoch 44 step 44 with [31mce_loss_combined : 1.643080 [31mce_loss_c : 2.433887 [31mce_loss_g : 1.854681 [31mkl_synergy_rand_1 : 0.049089 [31mkl_synergy_rand_2 : 0.044080 [31mkl_synergy_1 : 0.051072 [31mkl_synergy_2 : 0.044756 [31mtotal : 1.832076 [31mdiag_kl_1 : 1.182143 [31mdiag_kl_2 : 1.198596 [94mAcc_combined: 61.96 [94mAcc_c: 6.15 [94mAcc_g: 28.47 [92mF1_combined: 59.40 [92mF1_c: 5.17 [92mF1_g: 18.73 [39m
2026-07-26 05:47:56,197 - Agent - INFO - [37mTest Epoch 44 step 44 with [31mce_loss_combined : 1.672512 [31mce_loss_c : 2.418777 [31mce_loss_g : 1.786673 [31mkl_synergy_rand_1 : 0.049569 [31mkl_synergy_rand_2 : 0.045252 [31mkl_synergy_1 : 0.048376 [31mkl_synergy_2 : 0.043294 [31mtotal : 1.859002 [31mdiag_kl_1 : 1.188341 [31mdiag_kl_2 : 1.132506 [94mAcc_combined: 55.73 [94mAcc_c: 9.34 [94mAcc_g: 30.81 [92mF1_combined: 52.60 [92mF1_c: 7.39 [92mF1_g: 22.04 [39m
2026-07-26 05:49:25,307 - Agent - INFO - [37mVal Epoch 45 step 45 with [31mce_loss_combined : 1.637256 [31mce_loss_c : 2.441254 [31mce_loss_g : 1.818929 [31mkl_synergy_rand_1 : 0.050639 [31mkl_synergy_rand_2 : 0.043789 [31mkl_synergy_1 : 0.050678 [31mkl_synergy_2 : 0.045278 [31mtotal : 1.827641 [31mdiag_kl_1 : 1.179470 [31mdiag_kl_2 : 1.198932 [94mAcc_combined: 63.55 [94mAcc_c: 6.15 [94mAcc_g: 30.98 [92mF1_combined: 60.76 [92mF1_c: 5.24 [92mF1_g: 20.55 [39m
2026-07-26 05:49:25,326 - Agent - INFO - [37mTest Epoch 45 step 45 with [31mce_loss_combined : 1.667992 [31mce_loss_c : 2.411894 [31mce_loss_g : 1.758342 [31mkl_synergy_rand_1 : 0.050462 [31mkl_synergy_rand_2 : 0.041646 [31mkl_synergy_1 : 0.052957 [31mkl_synergy_2 : 0.045814 [31mtotal : 1.858870 [31mdiag_kl_1 : 1.188734 [31mdiag_kl_2 : 1.130344 [94mAcc_combined: 58.84 [94mAcc_c: 6.90 [94mAcc_g: 31.59 [92mF1_combined: 55.38 [92mF1_c: 5.99 [92mF1_g: 21.81 [39m
2026-07-26 05:50:57,835 - Agent - INFO - [37mVal Epoch 46 step 46 with [31mce_loss_combined : 1.633711 [31mce_loss_c : 2.450191 [31mce_loss_g : 1.816462 [31mkl_synergy_rand_1 : 0.051794 [31mkl_synergy_rand_2 : 0.045947 [31mkl_synergy_1 : 0.052614 [31mkl_synergy_2 : 0.047737 [31mtotal : 1.831801 [31mdiag_kl_1 : 1.187478 [31mdiag_kl_2 : 1.194004 [94mAcc_combined: 62.87 [94mAcc_c: 6.38 [94mAcc_g: 30.30 [92mF1_combined: 60.89 [92mF1_c: 5.34 [92mF1_g: 19.79 [39m
2026-07-26 05:50:57,861 - Agent - INFO - [37mTest Epoch 46 step 46 with [31mce_loss_combined : 1.664115 [31mce_loss_c : 2.426544 [31mce_loss_g : 1.760737 [31mkl_synergy_rand_1 : 0.050116 [31mkl_synergy_rand_2 : 0.046362 [31mkl_synergy_1 : 0.052630 [31mkl_synergy_2 : 0.047331 [31mtotal : 1.860555 [31mdiag_kl_1 : 1.194066 [31mdiag_kl_2 : 1.117332 [94mAcc_combined: 57.51 [94mAcc_c: 6.79 [94mAcc_g: 32.48 [92mF1_combined: 54.45 [92mF1_c: 5.74 [92mF1_g: 22.82 [39m
2026-07-26 05:52:26,304 - Agent - INFO - [37mVal Epoch 47 step 47 with [31mce_loss_combined : 1.639624 [31mce_loss_c : 2.441394 [31mce_loss_g : 1.812530 [31mkl_synergy_rand_1 : 0.051274 [31mkl_synergy_rand_2 : 0.044905 [31mkl_synergy_1 : 0.051686 [31mkl_synergy_2 : 0.046581 [31mtotal : 1.834069 [31mdiag_kl_1 : 1.185603 [31mdiag_kl_2 : 1.196518 [94mAcc_combined: 61.85 [94mAcc_c: 6.61 [94mAcc_g: 31.32 [92mF1_combined: 59.86 [92mF1_c: 5.55 [92mF1_g: 20.87 [39m
2026-07-26 05:52:26,320 - Agent - INFO - [37mTest Epoch 47 step 47 with [31mce_loss_combined : 1.663463 [31mce_loss_c : 2.417951 [31mce_loss_g : 1.758588 [31mkl_synergy_rand_1 : 0.050087 [31mkl_synergy_rand_2 : 0.044094 [31mkl_synergy_1 : 0.050275 [31mkl_synergy_2 : 0.047163 [31mtotal : 1.855082 [31mdiag_kl_1 : 1.196613 [31mdiag_kl_2 : 1.125090 [94mAcc_combined: 58.62 [94mAcc_c: 7.01 [94mAcc_g: 31.37 [92mF1_combined: 55.48 [92mF1_c: 5.79 [92mF1_g: 22.08 [39m
2026-07-26 05:53:53,093 - Agent - INFO - [37mVal Epoch 48 step 48 with [31mce_loss_combined : 1.634994 [31mce_loss_c : 2.457034 [31mce_loss_g : 1.808082 [31mkl_synergy_rand_1 : 0.051432 [31mkl_synergy_rand_2 : 0.045092 [31mkl_synergy_1 : 0.051018 [31mkl_synergy_2 : 0.046559 [31mtotal : 1.829096 [31mdiag_kl_1 : 1.185375 [31mdiag_kl_2 : 1.192690 [94mAcc_combined: 62.98 [94mAcc_c: 6.49 [94mAcc_g: 32.35 [92mF1_combined: 60.39 [92mF1_c: 5.63 [92mF1_g: 21.65 [39m
2026-07-26 05:53:53,109 - Agent - INFO - [37mTest Epoch 48 step 48 with [31mce_loss_combined : 1.664517 [31mce_loss_c : 2.425933 [31mce_loss_g : 1.758850 [31mkl_synergy_rand_1 : 0.048977 [31mkl_synergy_rand_2 : 0.044566 [31mkl_synergy_1 : 0.049559 [31mkl_synergy_2 : 0.045400 [31mtotal : 1.853019 [31mdiag_kl_1 : 1.199470 [31mdiag_kl_2 : 1.119790 [94mAcc_combined: 58.62 [94mAcc_c: 6.23 [94mAcc_g: 32.37 [92mF1_combined: 55.30 [92mF1_c: 5.17 [92mF1_g: 22.72 [39m
2026-07-26 05:55:17,945 - Agent - INFO - [37mVal Epoch 49 step 49 with [31mce_loss_combined : 1.630540 [31mce_loss_c : 2.488021 [31mce_loss_g : 1.792726 [31mkl_synergy_rand_1 : 0.051099 [31mkl_synergy_rand_2 : 0.045735 [31mkl_synergy_1 : 0.050872 [31mkl_synergy_2 : 0.047154 [31mtotal : 1.825400 [31mdiag_kl_1 : 1.181582 [31mdiag_kl_2 : 1.186092 [94mAcc_combined: 63.33 [94mAcc_c: 6.61 [94mAcc_g: 32.35 [92mF1_combined: 60.18 [92mF1_c: 5.64 [92mF1_g: 20.79 [39m
2026-07-26 05:55:17,967 - Agent - INFO - [37mTest Epoch 49 step 49 with [31mce_loss_combined : 1.660696 [31mce_loss_c : 2.461922 [31mce_loss_g : 1.754838 [31mkl_synergy_rand_1 : 0.051282 [31mkl_synergy_rand_2 : 0.047814 [31mkl_synergy_1 : 0.053440 [31mkl_synergy_2 : 0.046413 [31mtotal : 1.859646 [31mdiag_kl_1 : 1.193002 [31mdiag_kl_2 : 1.113697 [94mAcc_combined: 59.40 [94mAcc_c: 6.56 [94mAcc_g: 32.48 [92mF1_combined: 55.62 [92mF1_c: 5.32 [92mF1_g: 22.13 [39m
2026-07-26 05:56:42,930 - Agent - INFO - [37mVal Epoch 50 step 50 with [31mce_loss_combined : 1.637492 [31mce_loss_c : 2.475371 [31mce_loss_g : 1.803770 [31mkl_synergy_rand_1 : 0.050927 [31mkl_synergy_rand_2 : 0.044962 [31mkl_synergy_1 : 0.049764 [31mkl_synergy_2 : 0.046177 [31mtotal : 1.829323 [31mdiag_kl_1 : 1.186012 [31mdiag_kl_2 : 1.189592 [94mAcc_combined: 63.21 [94mAcc_c: 6.95 [94mAcc_g: 32.35 [92mF1_combined: 60.90 [92mF1_c: 5.60 [92mF1_g: 20.73 [39m
2026-07-26 05:56:42,950 - Agent - INFO - [37mTest Epoch 50 step 50 with [31mce_loss_combined : 1.665595 [31mce_loss_c : 2.453825 [31mce_loss_g : 1.760145 [31mkl_synergy_rand_1 : 0.050428 [31mkl_synergy_rand_2 : 0.042999 [31mkl_synergy_1 : 0.050615 [31mkl_synergy_2 : 0.048304 [31mtotal : 1.857941 [31mdiag_kl_1 : 1.197582 [31mdiag_kl_2 : 1.114569 [94mAcc_combined: 59.18 [94mAcc_c: 6.01 [94mAcc_g: 31.92 [92mF1_combined: 56.04 [92mF1_c: 4.78 [92mF1_g: 21.88 [39m
2026-07-26 05:58:13,036 - Agent - INFO - [37mVal Epoch 51 step 51 with [31mce_loss_combined : 1.638634 [31mce_loss_c : 2.481283 [31mce_loss_g : 1.785990 [31mkl_synergy_rand_1 : 0.051901 [31mkl_synergy_rand_2 : 0.044972 [31mkl_synergy_1 : 0.050852 [31mkl_synergy_2 : 0.045312 [31mtotal : 1.831670 [31mdiag_kl_1 : 1.187432 [31mdiag_kl_2 : 1.197490 [94mAcc_combined: 63.44 [94mAcc_c: 6.83 [94mAcc_g: 32.80 [92mF1_combined: 61.51 [92mF1_c: 5.01 [92mF1_g: 21.44 [39m
2026-07-26 05:58:13,061 - Agent - INFO - [37mTest Epoch 51 step 51 with [31mce_loss_combined : 1.666784 [31mce_loss_c : 2.480087 [31mce_loss_g : 1.749963 [31mkl_synergy_rand_1 : 0.050891 [31mkl_synergy_rand_2 : 0.044336 [31mkl_synergy_1 : 0.051476 [31mkl_synergy_2 : 0.048955 [31mtotal : 1.862443 [31mdiag_kl_1 : 1.196761 [31mdiag_kl_2 : 1.119868 [94mAcc_combined: 57.62 [94mAcc_c: 6.56 [94mAcc_g: 32.15 [92mF1_combined: 54.99 [92mF1_c: 4.65 [92mF1_g: 22.38 [39m
2026-07-26 05:59:35,187 - Agent - INFO - [37mVal Epoch 52 step 52 with [31mce_loss_combined : 1.636126 [31mce_loss_c : 2.463962 [31mce_loss_g : 1.777133 [31mkl_synergy_rand_1 : 0.051554 [31mkl_synergy_rand_2 : 0.045481 [31mkl_synergy_1 : 0.050347 [31mkl_synergy_2 : 0.046049 [31mtotal : 1.829558 [31mdiag_kl_1 : 1.183114 [31mdiag_kl_2 : 1.192006 [94mAcc_combined: 62.76 [94mAcc_c: 7.18 [94mAcc_g: 33.14 [92mF1_combined: 60.21 [92mF1_c: 5.77 [92mF1_g: 21.73 [39m
2026-07-26 05:59:35,203 - Agent - INFO - [37mTest Epoch 52 step 52 with [31mce_loss_combined : 1.661968 [31mce_loss_c : 2.452717 [31mce_loss_g : 1.744644 [31mkl_synergy_rand_1 : 0.052856 [31mkl_synergy_rand_2 : 0.045208 [31mkl_synergy_1 : 0.052228 [31mkl_synergy_2 : 0.046317 [31mtotal : 1.858578 [31mdiag_kl_1 : 1.196284 [31mdiag_kl_2 : 1.123056 [94mAcc_combined: 58.51 [94mAcc_c: 6.01 [94mAcc_g: 32.15 [92mF1_combined: 55.26 [92mF1_c: 4.69 [92mF1_g: 22.02 [39m
2026-07-26 06:01:09,435 - Agent - INFO - [37mVal Epoch 53 step 53 with [31mce_loss_combined : 1.639335 [31mce_loss_c : 2.447771 [31mce_loss_g : 1.779947 [31mkl_synergy_rand_1 : 0.049680 [31mkl_synergy_rand_2 : 0.044213 [31mkl_synergy_1 : 0.050299 [31mkl_synergy_2 : 0.045891 [31mtotal : 1.829418 [31mdiag_kl_1 : 1.186323 [31mdiag_kl_2 : 1.190164 [94mAcc_combined: 62.41 [94mAcc_c: 6.95 [94mAcc_g: 33.03 [92mF1_combined: 59.71 [92mF1_c: 5.63 [92mF1_g: 22.06 [39m
2026-07-26 06:01:09,452 - Agent - INFO - [37mTest Epoch 53 step 53 with [31mce_loss_combined : 1.660100 [31mce_loss_c : 2.434720 [31mce_loss_g : 1.742695 [31mkl_synergy_rand_1 : 0.052472 [31mkl_synergy_rand_2 : 0.045307 [31mkl_synergy_1 : 0.052218 [31mkl_synergy_2 : 0.048919 [31mtotal : 1.859016 [31mdiag_kl_1 : 1.197848 [31mdiag_kl_2 : 1.113326 [94mAcc_combined: 58.51 [94mAcc_c: 5.78 [94mAcc_g: 31.70 [92mF1_combined: 55.12 [92mF1_c: 4.52 [92mF1_g: 22.47 [39m
2026-07-26 06:02:43,039 - Agent - INFO - [37mVal Epoch 54 step 54 with [31mce_loss_combined : 1.637644 [31mce_loss_c : 2.470995 [31mce_loss_g : 1.760000 [31mkl_synergy_rand_1 : 0.052021 [31mkl_synergy_rand_2 : 0.045501 [31mkl_synergy_1 : 0.050908 [31mkl_synergy_2 : 0.046882 [31mtotal : 1.832957 [31mdiag_kl_1 : 1.184924 [31mdiag_kl_2 : 1.197291 [94mAcc_combined: 61.96 [94mAcc_c: 7.40 [94mAcc_g: 33.60 [92mF1_combined: 60.19 [92mF1_c: 5.52 [92mF1_g: 22.18 [39m
2026-07-26 06:02:43,059 - Agent - INFO - [37mTest Epoch 54 step 54 with [31mce_loss_combined : 1.662909 [31mce_loss_c : 2.452381 [31mce_loss_g : 1.733376 [31mkl_synergy_rand_1 : 0.052445 [31mkl_synergy_rand_2 : 0.045297 [31mkl_synergy_1 : 0.053562 [31mkl_synergy_2 : 0.046484 [31mtotal : 1.860698 [31mdiag_kl_1 : 1.195965 [31mdiag_kl_2 : 1.118123 [94mAcc_combined: 57.84 [94mAcc_c: 6.23 [94mAcc_g: 32.70 [92mF1_combined: 54.91 [92mF1_c: 4.59 [92mF1_g: 22.96 [39m
2026-07-26 06:04:07,297 - Agent - INFO - [37mVal Epoch 55 step 55 with [31mce_loss_combined : 1.632660 [31mce_loss_c : 2.477851 [31mce_loss_g : 1.751198 [31mkl_synergy_rand_1 : 0.052580 [31mkl_synergy_rand_2 : 0.046133 [31mkl_synergy_1 : 0.051883 [31mkl_synergy_2 : 0.046792 [31mtotal : 1.830048 [31mdiag_kl_1 : 1.177181 [31mdiag_kl_2 : 1.195789 [94mAcc_combined: 62.41 [94mAcc_c: 7.18 [94mAcc_g: 33.37 [92mF1_combined: 60.17 [92mF1_c: 5.59 [92mF1_g: 22.23 [39m
2026-07-26 06:04:07,313 - Agent - INFO - [37mTest Epoch 55 step 55 with [31mce_loss_combined : 1.662162 [31mce_loss_c : 2.460491 [31mce_loss_g : 1.725677 [31mkl_synergy_rand_1 : 0.051494 [31mkl_synergy_rand_2 : 0.047006 [31mkl_synergy_1 : 0.053253 [31mkl_synergy_2 : 0.045554 [31mtotal : 1.859468 [31mdiag_kl_1 : 1.188545 [31mdiag_kl_2 : 1.120001 [94mAcc_combined: 57.95 [94mAcc_c: 6.34 [94mAcc_g: 32.70 [92mF1_combined: 54.89 [92mF1_c: 4.79 [92mF1_g: 23.19 [39m
2026-07-26 06:05:38,314 - Agent - INFO - [37mVal Epoch 56 step 56 with [31mce_loss_combined : 1.634643 [31mce_loss_c : 2.473631 [31mce_loss_g : 1.748870 [31mkl_synergy_rand_1 : 0.051113 [31mkl_synergy_rand_2 : 0.044504 [31mkl_synergy_1 : 0.052221 [31mkl_synergy_2 : 0.045893 [31mtotal : 1.828374 [31mdiag_kl_1 : 1.179121 [31mdiag_kl_2 : 1.196010 [94mAcc_combined: 63.10 [94mAcc_c: 7.06 [94mAcc_g: 33.49 [92mF1_combined: 61.06 [92mF1_c: 5.28 [92mF1_g: 22.19 [39m
2026-07-26 06:05:38,329 - Agent - INFO - [37mTest Epoch 56 step 56 with [31mce_loss_combined : 1.663465 [31mce_loss_c : 2.460569 [31mce_loss_g : 1.726574 [31mkl_synergy_rand_1 : 0.051075 [31mkl_synergy_rand_2 : 0.044568 [31mkl_synergy_1 : 0.054408 [31mkl_synergy_2 : 0.047590 [31mtotal : 1.861105 [31mdiag_kl_1 : 1.195170 [31mdiag_kl_2 : 1.119341 [94mAcc_combined: 58.29 [94mAcc_c: 6.56 [94mAcc_g: 33.04 [92mF1_combined: 55.05 [92mF1_c: 4.67 [92mF1_g: 23.22 [39m
2026-07-26 06:07:06,130 - Agent - INFO - [37mVal Epoch 57 step 57 with [31mce_loss_combined : 1.633962 [31mce_loss_c : 2.463694 [31mce_loss_g : 1.751661 [31mkl_synergy_rand_1 : 0.051889 [31mkl_synergy_rand_2 : 0.046325 [31mkl_synergy_1 : 0.051417 [31mkl_synergy_2 : 0.046856 [31mtotal : 1.830449 [31mdiag_kl_1 : 1.183172 [31mdiag_kl_2 : 1.184582 [94mAcc_combined: 62.76 [94mAcc_c: 6.83 [94mAcc_g: 33.37 [92mF1_combined: 60.34 [92mF1_c: 5.32 [92mF1_g: 22.42 [39m
2026-07-26 06:07:06,150 - Agent - INFO - [37mTest Epoch 57 step 57 with [31mce_loss_combined : 1.662563 [31mce_loss_c : 2.444262 [31mce_loss_g : 1.727444 [31mkl_synergy_rand_1 : 0.055214 [31mkl_synergy_rand_2 : 0.045690 [31mkl_synergy_1 : 0.057641 [31mkl_synergy_2 : 0.048692 [31mtotal : 1.869800 [31mdiag_kl_1 : 1.188426 [31mdiag_kl_2 : 1.115008 [94mAcc_combined: 57.40 [94mAcc_c: 6.23 [94mAcc_g: 32.70 [92mF1_combined: 53.88 [92mF1_c: 4.57 [92mF1_g: 23.07 [39m
2026-07-26 06:08:39,946 - Agent - INFO - [37mVal Epoch 58 step 58 with [31mce_loss_combined : 1.633638 [31mce_loss_c : 2.481148 [31mce_loss_g : 1.751398 [31mkl_synergy_rand_1 : 0.052406 [31mkl_synergy_rand_2 : 0.046023 [31mkl_synergy_1 : 0.051162 [31mkl_synergy_2 : 0.046247 [31mtotal : 1.829476 [31mdiag_kl_1 : 1.179429 [31mdiag_kl_2 : 1.194405 [94mAcc_combined: 62.64 [94mAcc_c: 7.06 [94mAcc_g: 33.83 [92mF1_combined: 60.47 [92mF1_c: 5.26 [92mF1_g: 22.40 [39m
2026-07-26 06:08:39,965 - Agent - INFO - [37mTest Epoch 58 step 58 with [31mce_loss_combined : 1.662807 [31mce_loss_c : 2.468654 [31mce_loss_g : 1.728758 [31mkl_synergy_rand_1 : 0.052965 [31mkl_synergy_rand_2 : 0.046038 [31mkl_synergy_1 : 0.054378 [31mkl_synergy_2 : 0.044837 [31mtotal : 1.861025 [31mdiag_kl_1 : 1.189822 [31mdiag_kl_2 : 1.115121 [94mAcc_combined: 57.62 [94mAcc_c: 6.67 [94mAcc_g: 33.48 [92mF1_combined: 54.45 [92mF1_c: 4.80 [92mF1_g: 23.41 [39m
2026-07-26 06:10:14,503 - Agent - INFO - [37mVal Epoch 59 step 59 with [31mce_loss_combined : 1.633229 [31mce_loss_c : 2.455662 [31mce_loss_g : 1.748296 [31mkl_synergy_rand_1 : 0.052376 [31mkl_synergy_rand_2 : 0.045925 [31mkl_synergy_1 : 0.052255 [31mkl_synergy_2 : 0.047228 [31mtotal : 1.831014 [31mdiag_kl_1 : 1.178460 [31mdiag_kl_2 : 1.189550 [94mAcc_combined: 62.30 [94mAcc_c: 7.29 [94mAcc_g: 33.26 [92mF1_combined: 59.86 [92mF1_c: 5.77 [92mF1_g: 22.39 [39m
2026-07-26 06:10:14,526 - Agent - INFO - [37mTest Epoch 59 step 59 with [31mce_loss_combined : 1.659686 [31mce_loss_c : 2.437031 [31mce_loss_g : 1.723004 [31mkl_synergy_rand_1 : 0.051271 [31mkl_synergy_rand_2 : 0.046478 [31mkl_synergy_1 : 0.055438 [31mkl_synergy_2 : 0.046462 [31mtotal : 1.859336 [31mdiag_kl_1 : 1.194003 [31mdiag_kl_2 : 1.111682 [94mAcc_combined: 58.40 [94mAcc_c: 6.34 [94mAcc_g: 32.93 [92mF1_combined: 54.87 [92mF1_c: 4.61 [92mF1_g: 23.32 [39m
2026-07-26 06:11:45,744 - Agent - INFO - [37mVal Epoch 60 step 60 with [31mce_loss_combined : 1.633524 [31mce_loss_c : 2.462385 [31mce_loss_g : 1.752295 [31mkl_synergy_rand_1 : 0.052733 [31mkl_synergy_rand_2 : 0.046838 [31mkl_synergy_1 : 0.053443 [31mkl_synergy_2 : 0.046979 [31mtotal : 1.833517 [31mdiag_kl_1 : 1.178146 [31mdiag_kl_2 : 1.188277 [94mAcc_combined: 62.53 [94mAcc_c: 7.29 [94mAcc_g: 33.49 [92mF1_combined: 59.99 [92mF1_c: 5.66 [92mF1_g: 22.22 [39m
2026-07-26 06:11:45,762 - Agent - INFO - [37mTest Epoch 60 step 60 with [31mce_loss_combined : 1.660761 [31mce_loss_c : 2.444946 [31mce_loss_g : 1.727137 [31mkl_synergy_rand_1 : 0.052384 [31mkl_synergy_rand_2 : 0.048136 [31mkl_synergy_1 : 0.056157 [31mkl_synergy_2 : 0.045710 [31mtotal : 1.863148 [31mdiag_kl_1 : 1.192925 [31mdiag_kl_2 : 1.106858 [94mAcc_combined: 57.73 [94mAcc_c: 6.56 [94mAcc_g: 32.81 [92mF1_combined: 54.34 [92mF1_c: 4.86 [92mF1_g: 23.18 [39m
2026-07-26 06:13:21,088 - Agent - INFO - [37mVal Epoch 61 step 61 with [31mce_loss_combined : 1.634842 [31mce_loss_c : 2.462248 [31mce_loss_g : 1.751755 [31mkl_synergy_rand_1 : 0.052573 [31mkl_synergy_rand_2 : 0.047327 [31mkl_synergy_1 : 0.052457 [31mkl_synergy_2 : 0.047884 [31mtotal : 1.835083 [31mdiag_kl_1 : 1.180540 [31mdiag_kl_2 : 1.188773 [94mAcc_combined: 62.41 [94mAcc_c: 7.40 [94mAcc_g: 33.26 [92mF1_combined: 60.14 [92mF1_c: 5.58 [92mF1_g: 22.00 [39m
2026-07-26 06:13:21,109 - Agent - INFO - [37mTest Epoch 61 step 61 with [31mce_loss_combined : 1.661323 [31mce_loss_c : 2.445270 [31mce_loss_g : 1.727771 [31mkl_synergy_rand_1 : 0.056511 [31mkl_synergy_rand_2 : 0.045652 [31mkl_synergy_1 : 0.055757 [31mkl_synergy_2 : 0.048151 [31mtotal : 1.867393 [31mdiag_kl_1 : 1.181210 [31mdiag_kl_2 : 1.115456 [94mAcc_combined: 57.51 [94mAcc_c: 6.34 [94mAcc_g: 33.04 [92mF1_combined: 54.40 [92mF1_c: 4.82 [92mF1_g: 23.34 [39m
2026-07-26 06:14:51,321 - Agent - INFO - [37mVal Epoch 62 step 62 with [31mce_loss_combined : 1.633667 [31mce_loss_c : 2.470270 [31mce_loss_g : 1.749736 [31mkl_synergy_rand_1 : 0.053001 [31mkl_synergy_rand_2 : 0.046852 [31mkl_synergy_1 : 0.053264 [31mkl_synergy_2 : 0.046762 [31mtotal : 1.833545 [31mdiag_kl_1 : 1.175294 [31mdiag_kl_2 : 1.188771 [94mAcc_combined: 62.87 [94mAcc_c: 7.06 [94mAcc_g: 33.37 [92mF1_combined: 60.57 [92mF1_c: 5.24 [92mF1_g: 22.04 [39m
2026-07-26 06:14:51,345 - Agent - INFO - [37mTest Epoch 62 step 62 with [31mce_loss_combined : 1.661091 [31mce_loss_c : 2.452682 [31mce_loss_g : 1.726151 [31mkl_synergy_rand_1 : 0.052557 [31mkl_synergy_rand_2 : 0.046030 [31mkl_synergy_1 : 0.053352 [31mkl_synergy_2 : 0.045816 [31mtotal : 1.858847 [31mdiag_kl_1 : 1.185662 [31mdiag_kl_2 : 1.114106 [94mAcc_combined: 58.06 [94mAcc_c: 6.79 [94mAcc_g: 33.04 [92mF1_combined: 54.84 [92mF1_c: 5.06 [92mF1_g: 23.33 [39m
2026-07-26 06:16:16,545 - Agent - INFO - [37mVal Epoch 63 step 63 with [31mce_loss_combined : 1.635029 [31mce_loss_c : 2.472825 [31mce_loss_g : 1.751973 [31mkl_synergy_rand_1 : 0.051958 [31mkl_synergy_rand_2 : 0.045840 [31mkl_synergy_1 : 0.052045 [31mkl_synergy_2 : 0.047322 [31mtotal : 1.832194 [31mdiag_kl_1 : 1.182387 [31mdiag_kl_2 : 1.191679 [94mAcc_combined: 62.98 [94mAcc_c: 7.18 [94mAcc_g: 33.37 [92mF1_combined: 60.79 [92mF1_c: 5.38 [92mF1_g: 21.89 [39m
2026-07-26 06:16:16,565 - Agent - INFO - [37mTest Epoch 63 step 63 with [31mce_loss_combined : 1.662174 [31mce_loss_c : 2.459089 [31mce_loss_g : 1.727760 [31mkl_synergy_rand_1 : 0.053103 [31mkl_synergy_rand_2 : 0.048656 [31mkl_synergy_1 : 0.057003 [31mkl_synergy_2 : 0.045465 [31mtotal : 1.866402 [31mdiag_kl_1 : 1.188897 [31mdiag_kl_2 : 1.109340 [94mAcc_combined: 57.73 [94mAcc_c: 6.45 [94mAcc_g: 32.93 [92mF1_combined: 54.47 [92mF1_c: 4.69 [92mF1_g: 23.02 [39m
2026-07-26 06:17:44,487 - Evaluator - INFO - New best with accuracy-
2026-07-26 06:17:44,488 - Agent - INFO - [37mVal Epoch 64 step 64 with [31mce_loss_combined : 1.629519 [31mce_loss_c : 2.457315 [31mce_loss_g : 1.750701 [31mkl_synergy_rand_1 : 0.053601 [31mkl_synergy_rand_2 : 0.046390 [31mkl_synergy_1 : 0.053171 [31mkl_synergy_2 : 0.046740 [31mtotal : 1.829421 [31mdiag_kl_1 : 1.169869 [31mdiag_kl_2 : 1.183540 [94mAcc_combined: 64.24 [94mAcc_c: 7.52 [94mAcc_g: 33.49 [92mF1_combined: 60.64 [92mF1_c: 6.42 [92mF1_g: 22.31 [39m
2026-07-26 06:17:44,507 - Agent - INFO - [37mTest Epoch 64 step 64 with [31mce_loss_combined : 1.660654 [31mce_loss_c : 2.432633 [31mce_loss_g : 1.727329 [31mkl_synergy_rand_1 : 0.054873 [31mkl_synergy_rand_2 : 0.049114 [31mkl_synergy_1 : 0.055325 [31mkl_synergy_2 : 0.050531 [31mtotal : 1.870497 [31mdiag_kl_1 : 1.184347 [31mdiag_kl_2 : 1.114703 [94mAcc_combined: 58.29 [94mAcc_c: 6.45 [94mAcc_g: 33.48 [92mF1_combined: 54.28 [92mF1_c: 4.90 [92mF1_g: 23.52 [39m
2026-07-26 06:17:46,267 - Agent - INFO - [37mModel saved successfully at: ./data/data/2025_data/synergy/CremadPlus/v2/SynIB_RMask_U_REFABL_cremad_lam2x_fold0_l2.0_ir0.5_perturbrandom_fillema_pmin0.20_refuniform.pth.tar[39m
2026-07-26 06:19:12,411 - Agent - INFO - [37mVal Epoch 65 step 65 with [31mce_loss_combined : 1.658036 [31mce_loss_c : 2.494882 [31mce_loss_g : 1.750727 [31mkl_synergy_rand_1 : 0.048261 [31mkl_synergy_rand_2 : 0.042254 [31mkl_synergy_1 : 0.048564 [31mkl_synergy_2 : 0.043616 [31mtotal : 1.840731 [31mdiag_kl_1 : 1.208890 [31mdiag_kl_2 : 1.215061 [94mAcc_combined: 60.25 [94mAcc_c: 8.88 [94mAcc_g: 32.69 [92mF1_combined: 59.81 [92mF1_c: 5.11 [92mF1_g: 21.26 [39m
2026-07-26 06:19:12,426 - Agent - INFO - [37mTest Epoch 65 step 65 with [31mce_loss_combined : 1.677121 [31mce_loss_c : 2.494487 [31mce_loss_g : 1.729798 [31mkl_synergy_rand_1 : 0.050294 [31mkl_synergy_rand_2 : 0.045639 [31mkl_synergy_1 : 0.051129 [31mkl_synergy_2 : 0.041577 [31mtotal : 1.865759 [31mdiag_kl_1 : 1.205200 [31mdiag_kl_2 : 1.122382 [94mAcc_combined: 55.95 [94mAcc_c: 7.23 [94mAcc_g: 32.15 [92mF1_combined: 54.33 [92mF1_c: 4.88 [92mF1_g: 22.49 [39m
2026-07-26 06:20:45,047 - Agent - INFO - [37mVal Epoch 66 step 66 with [31mce_loss_combined : 1.651699 [31mce_loss_c : 2.387794 [31mce_loss_g : 1.713590 [31mkl_synergy_rand_1 : 0.048004 [31mkl_synergy_rand_2 : 0.041694 [31mkl_synergy_1 : 0.048385 [31mkl_synergy_2 : 0.041355 [31mtotal : 1.831137 [31mdiag_kl_1 : 1.188818 [31mdiag_kl_2 : 1.213450 [94mAcc_combined: 62.53 [94mAcc_c: 7.86 [94mAcc_g: 34.28 [92mF1_combined: 60.53 [92mF1_c: 5.47 [92mF1_g: 24.31 [39m
2026-07-26 06:20:45,337 - Agent - INFO - [37mTest Epoch 66 step 66 with [31mce_loss_combined : 1.680551 [31mce_loss_c : 2.388678 [31mce_loss_g : 1.694633 [31mkl_synergy_rand_1 : 0.049880 [31mkl_synergy_rand_2 : 0.042359 [31mkl_synergy_1 : 0.050305 [31mkl_synergy_2 : 0.042704 [31mtotal : 1.865799 [31mdiag_kl_1 : 1.198236 [31mdiag_kl_2 : 1.135633 [94mAcc_combined: 54.62 [94mAcc_c: 8.23 [94mAcc_g: 33.82 [92mF1_combined: 51.95 [92mF1_c: 5.51 [92mF1_g: 24.65 [39m
2026-07-26 06:22:12,221 - Agent - INFO - [37mVal Epoch 67 step 67 with [31mce_loss_combined : 1.640685 [31mce_loss_c : 2.376207 [31mce_loss_g : 1.713204 [31mkl_synergy_rand_1 : 0.050469 [31mkl_synergy_rand_2 : 0.044216 [31mkl_synergy_1 : 0.050063 [31mkl_synergy_2 : 0.042463 [31mtotal : 1.827895 [31mdiag_kl_1 : 1.183317 [31mdiag_kl_2 : 1.194245 [94mAcc_combined: 63.21 [94mAcc_c: 9.79 [94mAcc_g: 33.94 [92mF1_combined: 59.86 [92mF1_c: 7.17 [92mF1_g: 23.92 [39m
2026-07-26 06:22:12,241 - Agent - INFO - [37mTest Epoch 67 step 67 with [31mce_loss_combined : 1.657219 [31mce_loss_c : 2.355740 [31mce_loss_g : 1.692678 [31mkl_synergy_rand_1 : 0.052681 [31mkl_synergy_rand_2 : 0.047373 [31mkl_synergy_1 : 0.054380 [31mkl_synergy_2 : 0.046526 [31mtotal : 1.858179 [31mdiag_kl_1 : 1.199852 [31mdiag_kl_2 : 1.108601 [94mAcc_combined: 58.95 [94mAcc_c: 8.34 [94mAcc_g: 34.26 [92mF1_combined: 54.98 [92mF1_c: 6.43 [92mF1_g: 25.24 [39m
2026-07-26 06:23:40,676 - Agent - INFO - [37mVal Epoch 68 step 68 with [31mce_loss_combined : 1.648337 [31mce_loss_c : 2.394463 [31mce_loss_g : 1.689504 [31mkl_synergy_rand_1 : 0.049884 [31mkl_synergy_rand_2 : 0.042234 [31mkl_synergy_1 : 0.049520 [31mkl_synergy_2 : 0.041804 [31mtotal : 1.831779 [31mdiag_kl_1 : 1.192457 [31mdiag_kl_2 : 1.201371 [94mAcc_combined: 63.55 [94mAcc_c: 11.96 [94mAcc_g: 33.60 [92mF1_combined: 61.92 [92mF1_c: 6.77 [92mF1_g: 23.52 [39m
2026-07-26 06:23:40,700 - Agent - INFO - [37mTest Epoch 68 step 68 with [31mce_loss_combined : 1.669910 [31mce_loss_c : 2.376745 [31mce_loss_g : 1.676163 [31mkl_synergy_rand_1 : 0.049502 [31mkl_synergy_rand_2 : 0.046056 [31mkl_synergy_1 : 0.048966 [31mkl_synergy_2 : 0.044866 [31mtotal : 1.859300 [31mdiag_kl_1 : 1.204031 [31mdiag_kl_2 : 1.115395 [94mAcc_combined: 57.29 [94mAcc_c: 10.23 [94mAcc_g: 36.60 [92mF1_combined: 54.39 [92mF1_c: 6.65 [92mF1_g: 27.03 [39m
2026-07-26 06:25:07,738 - Agent - INFO - [37mVal Epoch 69 step 69 with [31mce_loss_combined : 1.642858 [31mce_loss_c : 2.322386 [31mce_loss_g : 1.660173 [31mkl_synergy_rand_1 : 0.051407 [31mkl_synergy_rand_2 : 0.045224 [31mkl_synergy_1 : 0.051988 [31mkl_synergy_2 : 0.044146 [31mtotal : 1.835623 [31mdiag_kl_1 : 1.186356 [31mdiag_kl_2 : 1.197134 [94mAcc_combined: 62.64 [94mAcc_c: 11.85 [94mAcc_g: 35.65 [92mF1_combined: 59.85 [92mF1_c: 8.53 [92mF1_g: 25.79 [39m
2026-07-26 06:25:07,754 - Agent - INFO - [37mTest Epoch 69 step 69 with [31mce_loss_combined : 1.667988 [31mce_loss_c : 2.284100 [31mce_loss_g : 1.655686 [31mkl_synergy_rand_1 : 0.051000 [31mkl_synergy_rand_2 : 0.043039 [31mkl_synergy_1 : 0.051933 [31mkl_synergy_2 : 0.041960 [31mtotal : 1.855920 [31mdiag_kl_1 : 1.196646 [31mdiag_kl_2 : 1.122095 [94mAcc_combined: 57.62 [94mAcc_c: 10.23 [94mAcc_g: 38.15 [92mF1_combined: 54.14 [92mF1_c: 7.59 [92mF1_g: 28.01 [39m
2026-07-26 06:26:36,561 - Agent - INFO - [37mVal Epoch 70 step 70 with [31mce_loss_combined : 1.650312 [31mce_loss_c : 2.287630 [31mce_loss_g : 1.663696 [31mkl_synergy_rand_1 : 0.048891 [31mkl_synergy_rand_2 : 0.042238 [31mkl_synergy_1 : 0.049665 [31mkl_synergy_2 : 0.040689 [31mtotal : 1.831796 [31mdiag_kl_1 : 1.190459 [31mdiag_kl_2 : 1.202667 [94mAcc_combined: 61.96 [94mAcc_c: 15.60 [94mAcc_g: 35.54 [92mF1_combined: 59.56 [92mF1_c: 8.70 [92mF1_g: 25.91 [39m
2026-07-26 06:26:36,578 - Agent - INFO - [37mTest Epoch 70 step 70 with [31mce_loss_combined : 1.668255 [31mce_loss_c : 2.270941 [31mce_loss_g : 1.653458 [31mkl_synergy_rand_1 : 0.052325 [31mkl_synergy_rand_2 : 0.045545 [31mkl_synergy_1 : 0.048970 [31mkl_synergy_2 : 0.044045 [31mtotal : 1.859139 [31mdiag_kl_1 : 1.203286 [31mdiag_kl_2 : 1.123161 [94mAcc_combined: 57.17 [94mAcc_c: 14.57 [94mAcc_g: 39.49 [92mF1_combined: 54.20 [92mF1_c: 8.71 [92mF1_g: 29.35 [39m
2026-07-26 06:28:06,745 - Agent - INFO - [37mVal Epoch 71 step 71 with [31mce_loss_combined : 1.641094 [31mce_loss_c : 2.237752 [31mce_loss_g : 1.654658 [31mkl_synergy_rand_1 : 0.053369 [31mkl_synergy_rand_2 : 0.044615 [31mkl_synergy_1 : 0.052292 [31mkl_synergy_2 : 0.044125 [31mtotal : 1.835495 [31mdiag_kl_1 : 1.172924 [31mdiag_kl_2 : 1.202580 [94mAcc_combined: 62.30 [94mAcc_c: 13.78 [94mAcc_g: 36.33 [92mF1_combined: 58.89 [92mF1_c: 9.93 [92mF1_g: 26.90 [39m
2026-07-26 06:28:06,771 - Agent - INFO - [37mTest Epoch 71 step 71 with [31mce_loss_combined : 1.671489 [31mce_loss_c : 2.205607 [31mce_loss_g : 1.643436 [31mkl_synergy_rand_1 : 0.053144 [31mkl_synergy_rand_2 : 0.046067 [31mkl_synergy_1 : 0.051988 [31mkl_synergy_2 : 0.043366 [31mtotal : 1.866055 [31mdiag_kl_1 : 1.193130 [31mdiag_kl_2 : 1.129296 [94mAcc_combined: 55.84 [94mAcc_c: 12.46 [94mAcc_g: 40.27 [92mF1_combined: 52.15 [92mF1_c: 9.09 [92mF1_g: 31.02 [39m
2026-07-26 06:29:29,575 - Agent - INFO - [37mVal Epoch 72 step 72 with [31mce_loss_combined : 1.641010 [31mce_loss_c : 2.181836 [31mce_loss_g : 1.649484 [31mkl_synergy_rand_1 : 0.050453 [31mkl_synergy_rand_2 : 0.043496 [31mkl_synergy_1 : 0.050450 [31mkl_synergy_2 : 0.042134 [31mtotal : 1.827542 [31mdiag_kl_1 : 1.182598 [31mdiag_kl_2 : 1.199006 [94mAcc_combined: 63.67 [94mAcc_c: 17.77 [94mAcc_g: 37.70 [92mF1_combined: 60.47 [92mF1_c: 13.05 [92mF1_g: 27.34 [39m
2026-07-26 06:29:29,591 - Agent - INFO - [37mTest Epoch 72 step 72 with [31mce_loss_combined : 1.669851 [31mce_loss_c : 2.188954 [31mce_loss_g : 1.654720 [31mkl_synergy_rand_1 : 0.049975 [31mkl_synergy_rand_2 : 0.046842 [31mkl_synergy_1 : 0.050992 [31mkl_synergy_2 : 0.042571 [31mtotal : 1.860231 [31mdiag_kl_1 : 1.202861 [31mdiag_kl_2 : 1.117482 [94mAcc_combined: 57.95 [94mAcc_c: 16.91 [94mAcc_g: 39.82 [92mF1_combined: 54.22 [92mF1_c: 11.77 [92mF1_g: 29.70 [39m
2026-07-26 06:30:54,362 - Agent - INFO - [37mVal Epoch 73 step 73 with [31mce_loss_combined : 1.659803 [31mce_loss_c : 2.161855 [31mce_loss_g : 1.637012 [31mkl_synergy_rand_1 : 0.050372 [31mkl_synergy_rand_2 : 0.042401 [31mkl_synergy_1 : 0.050422 [31mkl_synergy_2 : 0.040460 [31mtotal : 1.843458 [31mdiag_kl_1 : 1.204044 [31mdiag_kl_2 : 1.211339 [94mAcc_combined: 60.25 [94mAcc_c: 22.10 [94mAcc_g: 41.57 [92mF1_combined: 59.18 [92mF1_c: 14.19 [92mF1_g: 33.26 [39m
2026-07-26 06:30:54,378 - Agent - INFO - [37mTest Epoch 73 step 73 with [31mce_loss_combined : 1.674872 [31mce_loss_c : 2.142874 [31mce_loss_g : 1.624456 [31mkl_synergy_rand_1 : 0.050392 [31mkl_synergy_rand_2 : 0.044654 [31mkl_synergy_1 : 0.050099 [31mkl_synergy_2 : 0.039415 [31mtotal : 1.859433 [31mdiag_kl_1 : 1.211279 [31mdiag_kl_2 : 1.128599 [94mAcc_combined: 57.06 [94mAcc_c: 19.13 [94mAcc_g: 40.82 [92mF1_combined: 54.92 [92mF1_c: 12.06 [92mF1_g: 31.66 [39m
2026-07-26 06:32:29,997 - Agent - INFO - [37mVal Epoch 74 step 74 with [31mce_loss_combined : 1.646132 [31mce_loss_c : 2.072166 [31mce_loss_g : 1.641655 [31mkl_synergy_rand_1 : 0.051751 [31mkl_synergy_rand_2 : 0.045286 [31mkl_synergy_1 : 0.053083 [31mkl_synergy_2 : 0.041823 [31mtotal : 1.838075 [31mdiag_kl_1 : 1.187774 [31mdiag_kl_2 : 1.194321 [94mAcc_combined: 61.28 [94mAcc_c: 22.67 [94mAcc_g: 41.80 [92mF1_combined: 57.51 [92mF1_c: 17.46 [92mF1_g: 32.64 [39m
2026-07-26 06:32:30,013 - Agent - INFO - [37mTest Epoch 74 step 74 with [31mce_loss_combined : 1.669315 [31mce_loss_c : 2.048561 [31mce_loss_g : 1.626043 [31mkl_synergy_rand_1 : 0.050369 [31mkl_synergy_rand_2 : 0.042950 [31mkl_synergy_1 : 0.050979 [31mkl_synergy_2 : 0.040985 [31mtotal : 1.854598 [31mdiag_kl_1 : 1.200724 [31mdiag_kl_2 : 1.119756 [94mAcc_combined: 56.95 [94mAcc_c: 19.58 [94mAcc_g: 40.71 [92mF1_combined: 53.02 [92mF1_c: 14.89 [92mF1_g: 31.38 [39m
2026-07-26 06:34:00,094 - Agent - INFO - [37mVal Epoch 75 step 75 with [31mce_loss_combined : 1.645298 [31mce_loss_c : 2.046956 [31mce_loss_g : 1.629218 [31mkl_synergy_rand_1 : 0.051895 [31mkl_synergy_rand_2 : 0.045277 [31mkl_synergy_1 : 0.053948 [31mkl_synergy_2 : 0.043319 [31mtotal : 1.839735 [31mdiag_kl_1 : 1.187117 [31mdiag_kl_2 : 1.193403 [94mAcc_combined: 62.07 [94mAcc_c: 22.78 [94mAcc_g: 42.82 [92mF1_combined: 58.22 [92mF1_c: 16.74 [92mF1_g: 33.44 [39m
2026-07-26 06:34:00,122 - Agent - INFO - [37mTest Epoch 75 step 75 with [31mce_loss_combined : 1.668846 [31mce_loss_c : 2.045173 [31mce_loss_g : 1.615458 [31mkl_synergy_rand_1 : 0.051436 [31mkl_synergy_rand_2 : 0.044588 [31mkl_synergy_1 : 0.052977 [31mkl_synergy_2 : 0.041968 [31mtotal : 1.859815 [31mdiag_kl_1 : 1.205592 [31mdiag_kl_2 : 1.122612 [94mAcc_combined: 57.62 [94mAcc_c: 20.69 [94mAcc_g: 42.16 [92mF1_combined: 53.95 [92mF1_c: 14.73 [92mF1_g: 32.23 [39m
2026-07-26 06:35:29,886 - Agent - INFO - [37mVal Epoch 76 step 76 with [31mce_loss_combined : 1.659741 [31mce_loss_c : 2.003247 [31mce_loss_g : 1.603989 [31mkl_synergy_rand_1 : 0.047589 [31mkl_synergy_rand_2 : 0.041018 [31mkl_synergy_1 : 0.051036 [31mkl_synergy_2 : 0.038306 [31mtotal : 1.837691 [31mdiag_kl_1 : 1.199735 [31mdiag_kl_2 : 1.216116 [94mAcc_combined: 61.16 [94mAcc_c: 26.42 [94mAcc_g: 43.51 [92mF1_combined: 59.04 [92mF1_c: 17.99 [92mF1_g: 32.53 [39m
2026-07-26 06:35:29,914 - Agent - INFO - [37mTest Epoch 76 step 76 with [31mce_loss_combined : 1.682276 [31mce_loss_c : 2.014696 [31mce_loss_g : 1.609505 [31mkl_synergy_rand_1 : 0.049182 [31mkl_synergy_rand_2 : 0.042126 [31mkl_synergy_1 : 0.048880 [31mkl_synergy_2 : 0.037600 [31mtotal : 1.860064 [31mdiag_kl_1 : 1.210126 [31mdiag_kl_2 : 1.138341 [94mAcc_combined: 57.40 [94mAcc_c: 24.69 [94mAcc_g: 42.16 [92mF1_combined: 54.93 [92mF1_c: 15.96 [92mF1_g: 30.74 [39m
2026-07-26 06:36:57,638 - Agent - INFO - [37mVal Epoch 77 step 77 with [31mce_loss_combined : 1.652990 [31mce_loss_c : 1.949337 [31mce_loss_g : 1.607561 [31mkl_synergy_rand_1 : 0.050700 [31mkl_synergy_rand_2 : 0.043322 [31mkl_synergy_1 : 0.052681 [31mkl_synergy_2 : 0.041160 [31mtotal : 1.840854 [31mdiag_kl_1 : 1.191518 [31mdiag_kl_2 : 1.211610 [94mAcc_combined: 60.82 [94mAcc_c: 28.47 [94mAcc_g: 44.42 [92mF1_combined: 58.69 [92mF1_c: 20.51 [92mF1_g: 33.51 [39m
2026-07-26 06:36:57,671 - Agent - INFO - [37mTest Epoch 77 step 77 with [31mce_loss_combined : 1.679256 [31mce_loss_c : 1.965347 [31mce_loss_g : 1.609786 [31mkl_synergy_rand_1 : 0.049558 [31mkl_synergy_rand_2 : 0.044612 [31mkl_synergy_1 : 0.051617 [31mkl_synergy_2 : 0.042513 [31mtotal : 1.867555 [31mdiag_kl_1 : 1.202821 [31mdiag_kl_2 : 1.133814 [94mAcc_combined: 54.73 [94mAcc_c: 22.02 [94mAcc_g: 43.05 [92mF1_combined: 51.84 [92mF1_c: 15.27 [92mF1_g: 31.96 [39m
2026-07-26 06:38:21,468 - Agent - INFO - [37mVal Epoch 78 step 78 with [31mce_loss_combined : 1.666435 [31mce_loss_c : 1.956535 [31mce_loss_g : 1.594889 [31mkl_synergy_rand_1 : 0.049463 [31mkl_synergy_rand_2 : 0.041358 [31mkl_synergy_1 : 0.052641 [31mkl_synergy_2 : 0.038697 [31mtotal : 1.848593 [31mdiag_kl_1 : 1.198975 [31mdiag_kl_2 : 1.233962 [94mAcc_combined: 58.66 [94mAcc_c: 25.28 [94mAcc_g: 42.71 [92mF1_combined: 57.44 [92mF1_c: 16.45 [92mF1_g: 32.69 [39m
2026-07-26 06:38:21,484 - Agent - INFO - [37mTest Epoch 78 step 78 with [31mce_loss_combined : 1.688820 [31mce_loss_c : 1.972802 [31mce_loss_g : 1.596814 [31mkl_synergy_rand_1 : 0.047462 [31mkl_synergy_rand_2 : 0.042089 [31mkl_synergy_1 : 0.051384 [31mkl_synergy_2 : 0.035403 [31mtotal : 1.865158 [31mdiag_kl_1 : 1.215160 [31mdiag_kl_2 : 1.150177 [94mAcc_combined: 54.17 [94mAcc_c: 23.58 [94mAcc_g: 42.71 [92mF1_combined: 52.33 [92mF1_c: 15.96 [92mF1_g: 31.45 [39m
2026-07-26 06:39:48,346 - Agent - INFO - [37mVal Epoch 79 step 79 with [31mce_loss_combined : 1.660413 [31mce_loss_c : 1.919040 [31mce_loss_g : 1.573256 [31mkl_synergy_rand_1 : 0.049482 [31mkl_synergy_rand_2 : 0.041899 [31mkl_synergy_1 : 0.051117 [31mkl_synergy_2 : 0.039281 [31mtotal : 1.842191 [31mdiag_kl_1 : 1.192898 [31mdiag_kl_2 : 1.224539 [94mAcc_combined: 60.82 [94mAcc_c: 30.75 [94mAcc_g: 43.28 [92mF1_combined: 58.43 [92mF1_c: 21.25 [92mF1_g: 33.49 [39m
2026-07-26 06:39:48,362 - Agent - INFO - [37mTest Epoch 79 step 79 with [31mce_loss_combined : 1.682349 [31mce_loss_c : 1.927652 [31mce_loss_g : 1.572600 [31mkl_synergy_rand_1 : 0.049612 [31mkl_synergy_rand_2 : 0.041414 [31mkl_synergy_1 : 0.054375 [31mkl_synergy_2 : 0.039048 [31mtotal : 1.866798 [31mdiag_kl_1 : 1.199492 [31mdiag_kl_2 : 1.150006 [94mAcc_combined: 55.62 [94mAcc_c: 28.36 [94mAcc_g: 44.05 [92mF1_combined: 52.51 [92mF1_c: 18.47 [92mF1_g: 33.39 [39m
2026-07-26 06:41:21,871 - Agent - INFO - [37mVal Epoch 80 step 80 with [31mce_loss_combined : 1.658384 [31mce_loss_c : 1.892645 [31mce_loss_g : 1.558090 [31mkl_synergy_rand_1 : 0.051262 [31mkl_synergy_rand_2 : 0.043355 [31mkl_synergy_1 : 0.054193 [31mkl_synergy_2 : 0.040013 [31mtotal : 1.847206 [31mdiag_kl_1 : 1.195463 [31mdiag_kl_2 : 1.224182 [94mAcc_combined: 59.91 [94mAcc_c: 32.92 [94mAcc_g: 46.36 [92mF1_combined: 58.20 [92mF1_c: 24.41 [92mF1_g: 36.62 [39m
2026-07-26 06:41:21,891 - Agent - INFO - [37mTest Epoch 80 step 80 with [31mce_loss_combined : 1.677726 [31mce_loss_c : 1.924475 [31mce_loss_g : 1.579293 [31mkl_synergy_rand_1 : 0.048827 [31mkl_synergy_rand_2 : 0.044629 [31mkl_synergy_1 : 0.055482 [31mkl_synergy_2 : 0.038652 [31mtotal : 1.865316 [31mdiag_kl_1 : 1.211763 [31mdiag_kl_2 : 1.139414 [94mAcc_combined: 55.39 [94mAcc_c: 28.92 [94mAcc_g: 44.16 [92mF1_combined: 52.84 [92mF1_c: 19.48 [92mF1_g: 33.04 [39m
2026-07-26 06:43:02,892 - Agent - INFO - [37mVal Epoch 81 step 81 with [31mce_loss_combined : 1.646964 [31mce_loss_c : 1.859246 [31mce_loss_g : 1.550900 [31mkl_synergy_rand_1 : 0.052932 [31mkl_synergy_rand_2 : 0.044969 [31mkl_synergy_1 : 0.056426 [31mkl_synergy_2 : 0.041159 [31mtotal : 1.842449 [31mdiag_kl_1 : 1.173100 [31mdiag_kl_2 : 1.221227 [94mAcc_combined: 61.96 [94mAcc_c: 31.32 [94mAcc_g: 45.56 [92mF1_combined: 57.54 [92mF1_c: 23.77 [92mF1_g: 35.65 [39m
2026-07-26 06:43:02,908 - Agent - INFO - [37mTest Epoch 81 step 81 with [31mce_loss_combined : 1.668554 [31mce_loss_c : 1.897814 [31mce_loss_g : 1.560950 [31mkl_synergy_rand_1 : 0.052277 [31mkl_synergy_rand_2 : 0.042370 [31mkl_synergy_1 : 0.054651 [31mkl_synergy_2 : 0.041162 [31mtotal : 1.859015 [31mdiag_kl_1 : 1.193519 [31mdiag_kl_2 : 1.145127 [94mAcc_combined: 57.51 [94mAcc_c: 27.92 [94mAcc_g: 46.16 [92mF1_combined: 53.15 [92mF1_c: 19.91 [92mF1_g: 34.67 [39m
2026-07-26 06:44:34,503 - Agent - INFO - [37mVal Epoch 82 step 82 with [31mce_loss_combined : 1.650848 [31mce_loss_c : 1.845041 [31mce_loss_g : 1.564180 [31mkl_synergy_rand_1 : 0.052080 [31mkl_synergy_rand_2 : 0.044211 [31mkl_synergy_1 : 0.057250 [31mkl_synergy_2 : 0.040721 [31mtotal : 1.845110 [31mdiag_kl_1 : 1.176051 [31mdiag_kl_2 : 1.222336 [94mAcc_combined: 61.62 [94mAcc_c: 33.37 [94mAcc_g: 45.22 [92mF1_combined: 58.97 [92mF1_c: 23.31 [92mF1_g: 35.26 [39m
2026-07-26 06:44:34,520 - Agent - INFO - [37mTest Epoch 82 step 82 with [31mce_loss_combined : 1.671239 [31mce_loss_c : 1.879665 [31mce_loss_g : 1.568506 [31mkl_synergy_rand_1 : 0.050794 [31mkl_synergy_rand_2 : 0.044970 [31mkl_synergy_1 : 0.053720 [31mkl_synergy_2 : 0.041264 [31mtotal : 1.861986 [31mdiag_kl_1 : 1.193905 [31mdiag_kl_2 : 1.139557 [94mAcc_combined: 57.29 [94mAcc_c: 30.92 [94mAcc_g: 47.50 [92mF1_combined: 54.05 [92mF1_c: 20.19 [92mF1_g: 35.68 [39m
2026-07-26 06:46:03,925 - Agent - INFO - [37mVal Epoch 83 step 83 with [31mce_loss_combined : 1.664529 [31mce_loss_c : 1.855331 [31mce_loss_g : 1.550476 [31mkl_synergy_rand_1 : 0.050275 [31mkl_synergy_rand_2 : 0.041680 [31mkl_synergy_1 : 0.053722 [31mkl_synergy_2 : 0.037633 [31mtotal : 1.847839 [31mdiag_kl_1 : 1.190901 [31mdiag_kl_2 : 1.238450 [94mAcc_combined: 60.48 [94mAcc_c: 32.23 [94mAcc_g: 44.42 [92mF1_combined: 59.51 [92mF1_c: 22.49 [92mF1_g: 35.06 [39m
2026-07-26 06:46:03,946 - Agent - INFO - [37mTest Epoch 83 step 83 with [31mce_loss_combined : 1.679721 [31mce_loss_c : 1.887369 [31mce_loss_g : 1.548566 [31mkl_synergy_rand_1 : 0.049510 [31mkl_synergy_rand_2 : 0.040253 [31mkl_synergy_1 : 0.051745 [31mkl_synergy_2 : 0.038161 [31mtotal : 1.859390 [31mdiag_kl_1 : 1.202502 [31mdiag_kl_2 : 1.162357 [94mAcc_combined: 56.62 [94mAcc_c: 29.70 [94mAcc_g: 49.05 [92mF1_combined: 54.65 [92mF1_c: 18.86 [92mF1_g: 37.41 [39m
2026-07-26 06:47:31,805 - Agent - INFO - [37mVal Epoch 84 step 84 with [31mce_loss_combined : 1.661004 [31mce_loss_c : 1.838364 [31mce_loss_g : 1.551896 [31mkl_synergy_rand_1 : 0.050751 [31mkl_synergy_rand_2 : 0.042269 [31mkl_synergy_1 : 0.054502 [31mkl_synergy_2 : 0.038967 [31mtotal : 1.847493 [31mdiag_kl_1 : 1.186260 [31mdiag_kl_2 : 1.236850 [94mAcc_combined: 59.00 [94mAcc_c: 32.00 [94mAcc_g: 45.10 [92mF1_combined: 57.85 [92mF1_c: 23.08 [92mF1_g: 36.47 [39m
2026-07-26 06:47:31,820 - Agent - INFO - [37mTest Epoch 84 step 84 with [31mce_loss_combined : 1.681244 [31mce_loss_c : 1.869160 [31mce_loss_g : 1.536899 [31mkl_synergy_rand_1 : 0.049420 [31mkl_synergy_rand_2 : 0.043470 [31mkl_synergy_1 : 0.054330 [31mkl_synergy_2 : 0.040542 [31mtotal : 1.869005 [31mdiag_kl_1 : 1.195603 [31mdiag_kl_2 : 1.156115 [94mAcc_combined: 54.62 [94mAcc_c: 30.59 [94mAcc_g: 50.17 [92mF1_combined: 52.49 [92mF1_c: 20.10 [92mF1_g: 39.18 [39m
2026-07-26 06:49:04,679 - Agent - INFO - [37mVal Epoch 85 step 85 with [31mce_loss_combined : 1.659905 [31mce_loss_c : 1.810289 [31mce_loss_g : 1.549526 [31mkl_synergy_rand_1 : 0.053298 [31mkl_synergy_rand_2 : 0.043292 [31mkl_synergy_1 : 0.056423 [31mkl_synergy_2 : 0.039554 [31mtotal : 1.852472 [31mdiag_kl_1 : 1.178455 [31mdiag_kl_2 : 1.237232 [94mAcc_combined: 58.20 [94mAcc_c: 33.94 [94mAcc_g: 45.44 [92mF1_combined: 57.45 [92mF1_c: 25.20 [92mF1_g: 37.09 [39m
2026-07-26 06:49:04,696 - Agent - INFO - [37mTest Epoch 85 step 85 with [31mce_loss_combined : 1.680609 [31mce_loss_c : 1.843905 [31mce_loss_g : 1.532827 [31mkl_synergy_rand_1 : 0.051677 [31mkl_synergy_rand_2 : 0.041795 [31mkl_synergy_1 : 0.054383 [31mkl_synergy_2 : 0.039504 [31mtotal : 1.867968 [31mdiag_kl_1 : 1.185388 [31mdiag_kl_2 : 1.164481 [94mAcc_combined: 56.73 [94mAcc_c: 30.03 [94mAcc_g: 51.39 [92mF1_combined: 54.70 [92mF1_c: 19.69 [92mF1_g: 40.82 [39m
2026-07-26 06:50:24,046 - Agent - INFO - [37mVal Epoch 86 step 86 with [31mce_loss_combined : 1.660465 [31mce_loss_c : 1.809776 [31mce_loss_g : 1.549413 [31mkl_synergy_rand_1 : 0.050877 [31mkl_synergy_rand_2 : 0.041683 [31mkl_synergy_1 : 0.054816 [31mkl_synergy_2 : 0.038906 [31mtotal : 1.846747 [31mdiag_kl_1 : 1.186288 [31mdiag_kl_2 : 1.242347 [94mAcc_combined: 58.66 [94mAcc_c: 32.46 [94mAcc_g: 45.10 [92mF1_combined: 57.47 [92mF1_c: 24.71 [92mF1_g: 35.93 [39m
2026-07-26 06:50:24,062 - Agent - INFO - [37mTest Epoch 86 step 86 with [31mce_loss_combined : 1.678843 [31mce_loss_c : 1.846953 [31mce_loss_g : 1.536855 [31mkl_synergy_rand_1 : 0.051365 [31mkl_synergy_rand_2 : 0.040959 [31mkl_synergy_1 : 0.057332 [31mkl_synergy_2 : 0.038341 [31mtotal : 1.866841 [31mdiag_kl_1 : 1.188630 [31mdiag_kl_2 : 1.165979 [94mAcc_combined: 56.28 [94mAcc_c: 30.48 [94mAcc_g: 50.28 [92mF1_combined: 54.27 [92mF1_c: 20.60 [92mF1_g: 39.41 [39m
2026-07-26 06:51:45,098 - Agent - INFO - [37mVal Epoch 87 step 87 with [31mce_loss_combined : 1.669578 [31mce_loss_c : 1.813989 [31mce_loss_g : 1.544814 [31mkl_synergy_rand_1 : 0.051820 [31mkl_synergy_rand_2 : 0.042696 [31mkl_synergy_1 : 0.055411 [31mkl_synergy_2 : 0.039620 [31mtotal : 1.859126 [31mdiag_kl_1 : 1.196494 [31mdiag_kl_2 : 1.238436 [94mAcc_combined: 56.38 [94mAcc_c: 31.44 [94mAcc_g: 46.92 [92mF1_combined: 56.59 [92mF1_c: 22.29 [92mF1_g: 38.54 [39m
2026-07-26 06:51:45,119 - Agent - INFO - [37mTest Epoch 87 step 87 with [31mce_loss_combined : 1.681859 [31mce_loss_c : 1.839555 [31mce_loss_g : 1.521275 [31mkl_synergy_rand_1 : 0.050681 [31mkl_synergy_rand_2 : 0.041345 [31mkl_synergy_1 : 0.057193 [31mkl_synergy_2 : 0.039583 [31mtotal : 1.870660 [31mdiag_kl_1 : 1.205548 [31mdiag_kl_2 : 1.156103 [94mAcc_combined: 55.84 [94mAcc_c: 30.59 [94mAcc_g: 51.50 [92mF1_combined: 54.68 [92mF1_c: 20.12 [92mF1_g: 41.08 [39m
2026-07-26 06:53:14,504 - Agent - INFO - [37mVal Epoch 88 step 88 with [31mce_loss_combined : 1.662742 [31mce_loss_c : 1.806487 [31mce_loss_g : 1.551218 [31mkl_synergy_rand_1 : 0.050319 [31mkl_synergy_rand_2 : 0.041933 [31mkl_synergy_1 : 0.053020 [31mkl_synergy_2 : 0.037499 [31mtotal : 1.845514 [31mdiag_kl_1 : 1.185262 [31mdiag_kl_2 : 1.240128 [94mAcc_combined: 58.09 [94mAcc_c: 30.98 [94mAcc_g: 46.01 [92mF1_combined: 56.63 [92mF1_c: 22.27 [92mF1_g: 37.38 [39m
2026-07-26 06:53:14,520 - Agent - INFO - [37mTest Epoch 88 step 88 with [31mce_loss_combined : 1.682005 [31mce_loss_c : 1.854792 [31mce_loss_g : 1.539328 [31mkl_synergy_rand_1 : 0.049034 [31mkl_synergy_rand_2 : 0.040118 [31mkl_synergy_1 : 0.055268 [31mkl_synergy_2 : 0.036599 [31mtotal : 1.863023 [31mdiag_kl_1 : 1.194070 [31mdiag_kl_2 : 1.168283 [94mAcc_combined: 55.39 [94mAcc_c: 29.70 [94mAcc_g: 51.50 [92mF1_combined: 53.24 [92mF1_c: 19.56 [92mF1_g: 41.11 [39m
2026-07-26 06:54:45,874 - Agent - INFO - [37mVal Epoch 89 step 89 with [31mce_loss_combined : 1.654805 [31mce_loss_c : 1.774369 [31mce_loss_g : 1.539934 [31mkl_synergy_rand_1 : 0.050294 [31mkl_synergy_rand_2 : 0.042167 [31mkl_synergy_1 : 0.052318 [31mkl_synergy_2 : 0.039556 [31mtotal : 1.839140 [31mdiag_kl_1 : 1.190772 [31mdiag_kl_2 : 1.229703 [94mAcc_combined: 60.48 [94mAcc_c: 32.35 [94mAcc_g: 48.18 [92mF1_combined: 59.64 [92mF1_c: 23.94 [92mF1_g: 39.45 [39m
2026-07-26 06:54:45,896 - Agent - INFO - [37mTest Epoch 89 step 89 with [31mce_loss_combined : 1.685398 [31mce_loss_c : 1.820126 [31mce_loss_g : 1.526422 [31mkl_synergy_rand_1 : 0.048637 [31mkl_synergy_rand_2 : 0.041062 [31mkl_synergy_1 : 0.052882 [31mkl_synergy_2 : 0.037963 [31mtotal : 1.865942 [31mdiag_kl_1 : 1.202829 [31mdiag_kl_2 : 1.153849 [94mAcc_combined: 56.17 [94mAcc_c: 31.70 [94mAcc_g: 52.17 [92mF1_combined: 54.45 [92mF1_c: 22.02 [92mF1_g: 41.91 [39m
2026-07-26 06:56:17,290 - Agent - INFO - [37mVal Epoch 90 step 90 with [31mce_loss_combined : 1.657620 [31mce_loss_c : 1.773861 [31mce_loss_g : 1.556637 [31mkl_synergy_rand_1 : 0.049472 [31mkl_synergy_rand_2 : 0.040929 [31mkl_synergy_1 : 0.053134 [31mkl_synergy_2 : 0.037816 [31mtotal : 1.838972 [31mdiag_kl_1 : 1.191939 [31mdiag_kl_2 : 1.226893 [94mAcc_combined: 60.14 [94mAcc_c: 32.92 [94mAcc_g: 45.44 [92mF1_combined: 59.10 [92mF1_c: 25.84 [92mF1_g: 37.42 [39m
2026-07-26 06:56:17,309 - Agent - INFO - [37mTest Epoch 90 step 90 with [31mce_loss_combined : 1.681463 [31mce_loss_c : 1.821769 [31mce_loss_g : 1.528974 [31mkl_synergy_rand_1 : 0.049626 [31mkl_synergy_rand_2 : 0.043091 [31mkl_synergy_1 : 0.055169 [31mkl_synergy_2 : 0.034771 [31mtotal : 1.864120 [31mdiag_kl_1 : 1.203134 [31mdiag_kl_2 : 1.143449 [94mAcc_combined: 56.95 [94mAcc_c: 30.26 [94mAcc_g: 51.95 [92mF1_combined: 54.96 [92mF1_c: 21.67 [92mF1_g: 42.08 [39m
2026-07-26 06:57:40,917 - Agent - INFO - [37mVal Epoch 91 step 91 with [31mce_loss_combined : 1.657002 [31mce_loss_c : 1.759210 [31mce_loss_g : 1.557834 [31mkl_synergy_rand_1 : 0.051296 [31mkl_synergy_rand_2 : 0.042236 [31mkl_synergy_1 : 0.054062 [31mkl_synergy_2 : 0.038760 [31mtotal : 1.843354 [31mdiag_kl_1 : 1.186841 [31mdiag_kl_2 : 1.231035 [94mAcc_combined: 59.45 [94mAcc_c: 33.14 [94mAcc_g: 47.49 [92mF1_combined: 58.51 [92mF1_c: 25.04 [92mF1_g: 39.13 [39m
2026-07-26 06:57:40,933 - Agent - INFO - [37mTest Epoch 91 step 91 with [31mce_loss_combined : 1.681915 [31mce_loss_c : 1.818494 [31mce_loss_g : 1.539399 [31mkl_synergy_rand_1 : 0.049850 [31mkl_synergy_rand_2 : 0.040998 [31mkl_synergy_1 : 0.054021 [31mkl_synergy_2 : 0.036659 [31mtotal : 1.863443 [31mdiag_kl_1 : 1.200258 [31mdiag_kl_2 : 1.155733 [94mAcc_combined: 57.06 [94mAcc_c: 30.26 [94mAcc_g: 51.39 [92mF1_combined: 54.96 [92mF1_c: 20.63 [92mF1_g: 41.43 [39m
2026-07-26 06:59:13,904 - Agent - INFO - [37mVal Epoch 92 step 92 with [31mce_loss_combined : 1.655525 [31mce_loss_c : 1.763779 [31mce_loss_g : 1.547891 [31mkl_synergy_rand_1 : 0.049018 [31mkl_synergy_rand_2 : 0.041161 [31mkl_synergy_1 : 0.051865 [31mkl_synergy_2 : 0.037455 [31mtotal : 1.835024 [31mdiag_kl_1 : 1.187138 [31mdiag_kl_2 : 1.229904 [94mAcc_combined: 59.79 [94mAcc_c: 34.28 [94mAcc_g: 47.61 [92mF1_combined: 58.30 [92mF1_c: 26.90 [92mF1_g: 38.80 [39m
2026-07-26 06:59:13,920 - Agent - INFO - [37mTest Epoch 92 step 92 with [31mce_loss_combined : 1.685353 [31mce_loss_c : 1.818906 [31mce_loss_g : 1.540105 [31mkl_synergy_rand_1 : 0.047852 [31mkl_synergy_rand_2 : 0.039636 [31mkl_synergy_1 : 0.048146 [31mkl_synergy_2 : 0.037768 [31mtotal : 1.858755 [31mdiag_kl_1 : 1.199411 [31mdiag_kl_2 : 1.154925 [94mAcc_combined: 56.95 [94mAcc_c: 30.37 [94mAcc_g: 52.06 [92mF1_combined: 54.59 [92mF1_c: 21.12 [92mF1_g: 42.40 [39m
2026-07-26 07:00:37,227 - Agent - INFO - [37mVal Epoch 93 step 93 with [31mce_loss_combined : 1.659194 [31mce_loss_c : 1.767000 [31mce_loss_g : 1.549332 [31mkl_synergy_rand_1 : 0.049566 [31mkl_synergy_rand_2 : 0.041423 [31mkl_synergy_1 : 0.051419 [31mkl_synergy_2 : 0.037980 [31mtotal : 1.839582 [31mdiag_kl_1 : 1.189170 [31mdiag_kl_2 : 1.228632 [94mAcc_combined: 60.25 [94mAcc_c: 33.37 [94mAcc_g: 47.49 [92mF1_combined: 58.62 [92mF1_c: 25.78 [92mF1_g: 38.26 [39m
2026-07-26 07:00:37,243 - Agent - INFO - [37mTest Epoch 93 step 93 with [31mce_loss_combined : 1.696916 [31mce_loss_c : 1.810612 [31mce_loss_g : 1.545965 [31mkl_synergy_rand_1 : 0.046842 [31mkl_synergy_rand_2 : 0.039820 [31mkl_synergy_1 : 0.051565 [31mkl_synergy_2 : 0.037189 [31mtotal : 1.872332 [31mdiag_kl_1 : 1.203099 [31mdiag_kl_2 : 1.154202 [94mAcc_combined: 55.51 [94mAcc_c: 30.37 [94mAcc_g: 50.95 [92mF1_combined: 53.36 [92mF1_c: 21.41 [92mF1_g: 40.33 [39m
2026-07-26 07:00:50,275 - Agent - INFO - We are in the final state.
2026-07-26 07:00:50,785 - root - INFO - Loaded best model from best_model_accuracy_state_dict
2026-07-26 07:01:09,841 - Agent - INFO - [37mVal Epoch 93 step 0 with [31mce_loss_combined : 1.629519 [31mce_loss_c : 2.457315 [31mce_loss_g : 1.750701 [31mkl_synergy_rand_1 : 0.053232 [31mkl_synergy_rand_2 : 0.047689 [31mkl_synergy_1 : 0.053349 [31mkl_synergy_2 : 0.048440 [31mtotal : 1.832229 [31mdiag_kl_1 : 1.176424 [31mdiag_kl_2 : 1.182076 [94mAcc_combined: 64.24 [94mAcc_c: 7.52 [94mAcc_g: 33.49 [92mF1_combined: 60.64 [92mF1_c: 6.42 [92mF1_g: 22.31 [39m
2026-07-26 07:01:28,542 - Agent - INFO - [37mTest Epoch 93 step 0 with [31mce_loss_combined : 1.660654 [31mce_loss_c : 2.432633 [31mce_loss_g : 1.727329 [31mkl_synergy_rand_1 : 0.054783 [31mkl_synergy_rand_2 : 0.047775 [31mkl_synergy_1 : 0.053128 [31mkl_synergy_2 : 0.048597 [31mtotal : 1.864937 [31mdiag_kl_1 : 1.186832 [31mdiag_kl_2 : 1.108302 [94mAcc_combined: 58.29 [94mAcc_c: 6.45 [94mAcc_g: 33.48 [92mF1_combined: 54.28 [92mF1_c: 4.90 [92mF1_g: 23.52 [39m
2026-07-26 07:01:30,605 - Agent - INFO - [37mModel saved successfully at: ./data/data/2025_data/synergy/CremadPlus/v2/SynIB_RMask_U_REFABL_cremad_lam2x_fold0_l2.0_ir0.5_perturbrandom_fillema_pmin0.20_refuniform.pth.tar[39m
Job finished
